flow_id,src2dst_min_length,src2dst_max_length,src2dst_stddev_length,src2dst_mean_length,src2dst_min_time,src2dst_max_time,src2dst_mean_time,src2dst_stddev_time,dst2src_min_length,dst2src_max_length,dst2src_stddev_length,dst2src_mean_length,dst2src_min_time,dst2src_max_time,dst2src_mean_time,dst2src_stddev_time,bidirectional_min_length,bidirectional_max_length,bidirectional_stddev_length,bidirectional_mean_length,bidirectional_min_time,bidirectional_max_time,bidirectional_mean_time,bidirectional_stddev_time,label,type,doh_server
"(('176.103.130.130', 443), ('192.168.20.207', 35056))",1,280,13.928108422225948,109.16600790513834,6.794929504394531e-05,3.1594319343566895,1.4387117640806897,0.5853867082650273,66,54518,3413.4558290003533,425.12326043737573,1.4066696166992188e-05,3.1594319343566895,1.4490071596852336,0.9425346999411015,1,54518,2415.2790795448122,266.6749256689792,1.4066696166992188e-05,2.002440929412842,0.7216552093861595,0.35457056831549294,Malicious,iodine_txt-32-baseline,AdGuard
"(('176.103.130.130', 443), ('192.168.20.207', 35060))",1,280,14.43407777291569,109.05374280230326,7.009506225585938e-05,3.1581389904022217,1.3941754983021664,0.5965491278578654,66,36489,2335.7520059431804,359.2564102564103,1.1920928955078125e-05,3.1581389904022217,1.433452579343743,0.9509596021879463,1,36489,1645.1357951851003,232.4513618677043,1.1920928955078125e-05,1.2471821308135986,0.7062844382753158,0.3614604408660305,Malicious,iodine_txt-32-baseline,AdGuard
"(('176.103.130.130', 443), ('192.168.20.207', 35064))",1,280,13.963009308930728,109.75146771037183,8.392333984375e-05,3.1555709838867188,1.4188967629974965,0.5332419777868683,66,15173,1101.7895222673417,276.0567514677104,1.0013580322265625e-05,3.1555709838867188,1.4193047668419632,0.9123977809629032,1,15173,783.5699843376666,192.9041095890411,1.0013580322265625e-05,1.2468979358673096,0.7089836641810433,0.364591406553564,Malicious,iodine_txt-32-baseline,AdGuard
