flow_id,src2dst_min_length,src2dst_max_length,src2dst_stddev_length,src2dst_mean_length,src2dst_min_time,src2dst_max_time,src2dst_mean_time,src2dst_stddev_time,dst2src_min_length,dst2src_max_length,dst2src_stddev_length,dst2src_mean_length,dst2src_min_time,dst2src_max_time,dst2src_mean_time,dst2src_stddev_time,bidirectional_min_length,bidirectional_max_length,bidirectional_stddev_length,bidirectional_mean_length,bidirectional_min_time,bidirectional_max_time,bidirectional_mean_time,bidirectional_stddev_time,label,type,doh_server
"(('176.103.130.130', 443), ('192.168.20.211', 44050))",1,280,82.60145277172793,91.0,7.510185241699219e-05,181.28221893310547,26.03409899984087,63.38041980938032,19,59030,17278.819908242796,7258.181818181818,2.09808349609375e-05,181.28221893310547,18.221157789230347,53.9300663125184,1,59030,13615.211339627254,4240.421052631579,2.09808349609375e-05,180.0064079761505,10.12437183327145,41.20376974232459,Malicious,iodine_null-32-baseline,AdGuard
"(('176.103.130.130', 443), ('192.168.20.211', 44054))",1,280,14.769468673529573,109.38202247191012,7.295608520507812e-05,3.1576759815216064,1.4521241037695258,0.6079028741452731,66,21131,1021.71545047788,244.30296127562642,2.288818359375e-05,3.1576759815216064,1.4696682218002945,0.9574930386527095,1,21131,723.2351551380553,176.3846153846154,2.288818359375e-05,1.3974609375,0.730173388531902,0.3554889511384048,Malicious,iodine_null-32-baseline,AdGuard
"(('176.103.130.130', 443), ('192.168.20.211', 44058))",1,280,14.336236324038563,109.18847006651885,7.891654968261719e-05,3.1571719646453857,1.4282412179311117,0.5570809524623026,66,51281,2693.487343732593,357.09843400447426,4.482269287109375e-05,3.1571719646453857,1.4420076528472217,0.9940031838975898,1,51281,1904.401990387953,232.5913140311804,2.002716064453125e-05,1.3917090892791748,0.7170148775596151,0.35251043599787296,Malicious,iodine_null-32-baseline,AdGuard
