flow_id,src2dst_min_length,src2dst_max_length,src2dst_stddev_length,src2dst_mean_length,src2dst_min_time,src2dst_max_time,src2dst_mean_time,src2dst_stddev_time,dst2src_min_length,dst2src_max_length,dst2src_stddev_length,dst2src_mean_length,dst2src_min_time,dst2src_max_time,dst2src_mean_time,dst2src_stddev_time,bidirectional_min_length,bidirectional_max_length,bidirectional_stddev_length,bidirectional_mean_length,bidirectional_min_time,bidirectional_max_time,bidirectional_mean_time,bidirectional_stddev_time,label,type,doh_server
"(('176.103.130.130', 443), ('192.168.20.211', 43842))",1,280,14.244507176685829,109.04595185995623,6.413459777832031e-05,3.1593399047851562,1.4127629671180457,0.5626238136071101,66,23771,1500.495541616225,300.7439293598234,2.002716064453125e-05,3.1593399047851562,1.4229897988581024,0.9695262830697605,1,23771,1063.0540261394267,204.47362637362636,2.002716064453125e-05,2.0026049613952637,0.7087127755839702,0.36759618100615327,Malicious,iodine_srv-32-baseline,AdGuard
"(('176.103.130.130', 443), ('192.168.20.211', 43846))",1,280,14.555361060519472,109.04212860310422,7.295608520507812e-05,3.157494068145752,1.4302061467700535,0.5655156088254014,66,64886,3972.960748353899,480.78619153674833,1.9073486328125e-05,3.157494068145752,1.4320609553584032,0.9603397898095464,1,64886,2812.3521683615045,294.50111111111113,1.9073486328125e-05,1.6711478233337402,0.7158985161807832,0.35597640022816623,Malicious,iodine_srv-32-baseline,AdGuard
"(('176.103.130.130', 443), ('192.168.20.211', 43850))",1,280,14.451846209045629,109.2249443207127,7.700920104980469e-05,3.1574251651763916,1.434611953262772,0.5986539424005709,66,54175,2695.642878193559,361.4508009153318,2.384185791015625e-05,3.1574251651763916,1.474293399294582,0.9291337652633143,1,54175,1897.3781698393784,233.62979683972912,2.384185791015625e-05,1.8559629917144775,0.7263490113834877,0.3557875813447507,Malicious,iodine_srv-32-baseline,AdGuard
