flow_id,src2dst_min_length,src2dst_max_length,src2dst_stddev_length,src2dst_mean_length,src2dst_min_time,src2dst_max_time,src2dst_mean_time,src2dst_stddev_time,dst2src_min_length,dst2src_max_length,dst2src_stddev_length,dst2src_mean_length,dst2src_min_time,dst2src_max_time,dst2src_mean_time,dst2src_stddev_time,bidirectional_min_length,bidirectional_max_length,bidirectional_stddev_length,bidirectional_mean_length,bidirectional_min_time,bidirectional_max_time,bidirectional_mean_time,bidirectional_stddev_time,label,type,doh_server
"(('176.103.130.130', 443), ('192.168.20.208', 37310))",1,280,16.116506729186852,110.51209677419355,7.009506225585938e-05,3.157153844833374,1.4206916182932228,0.5847221305575951,66,26859,1369.0171553122634,271.1560574948665,3.504753112792969e-05,3.157153844833374,1.4448843208360083,0.9226863072839657,1,26859,967.0089622598258,190.09867751780266,3.504753112792969e-05,2.002610206604004,0.7161327403820217,0.3645700229292425,Malicious,iodine_null-64-baseline,AdGuard
"(('176.103.130.130', 443), ('192.168.20.208', 37314))",1,280,13.985529859038806,109.07584830339322,0.000102996826171875,3.156299114227295,1.406130527973175,0.5648908866997164,66,47803,3171.524060386769,460.22334004024145,1.9788742065429688e-05,3.156299114227295,1.4192381592527512,1.0118609470725621,1,47803,2245.005305722818,283.9458917835671,1.1920928955078125e-05,2.002558946609497,0.7060873891070949,0.36790271260820867,Malicious,iodine_null-64-baseline,AdGuard
"(('176.103.130.130', 443), ('192.168.20.208', 37318))",1,280,13.842198541182716,109.08471074380165,7.915496826171875e-05,3.104520082473755,1.454362066142554,0.5531907350987187,66,47647,2684.669844108226,356.7308488612836,7.867813110351562e-06,3.104520082473755,1.459460143231752,0.9271844190849876,1,47647,1901.4277311637159,232.77973112719752,7.867813110351562e-06,1.2325589656829834,0.7282472557656267,0.34605105601451874,Malicious,iodine_null-64-baseline,AdGuard
