flow_id,src2dst_min_length,src2dst_max_length,src2dst_stddev_length,src2dst_mean_length,src2dst_min_time,src2dst_max_time,src2dst_mean_time,src2dst_stddev_time,dst2src_min_length,dst2src_max_length,dst2src_stddev_length,dst2src_mean_length,dst2src_min_time,dst2src_max_time,dst2src_mean_time,dst2src_stddev_time,bidirectional_min_length,bidirectional_max_length,bidirectional_stddev_length,bidirectional_mean_length,bidirectional_min_time,bidirectional_max_time,bidirectional_mean_time,bidirectional_stddev_time,label,type,doh_server
"(('176.103.130.130', 443), ('192.168.20.212', 54568))",1,280,70.56946639147033,93.63636363636364,6.103515625e-05,180.1724112033844,18.1045912027359,54.02266927402939,19,28009,8970.997994956315,3838.785714285714,1.5974044799804688e-05,180.1724112033844,13.924477687248817,47.94170596334632,1,28009,6966.086694378703,2190.92,1.5974044799804688e-05,179.99915480613708,7.543579667806625,35.9595487471173,Malicious,iodine_null-64-baseline,AdGuard
"(('176.103.130.130', 443), ('192.168.20.212', 54572))",1,280,70.50608085843751,93.27272727272727,6.103515625e-05,180.30695486068726,18.124954891204833,54.06074377532843,19,64494,16518.106104687493,5268.0,2.4080276489257812e-05,180.30695486068726,13.940179219612709,47.93738126230131,1,64494,12625.17414476331,2991.12,2.4080276489257812e-05,179.99971890449524,7.552064538002014,35.95794005907494,Malicious,iodine_null-64-baseline,AdGuard
"(('176.103.130.130', 443), ('192.168.20.212', 54576))",1,280,70.54627459692064,93.36363636363636,7.104873657226562e-05,180.1756248474121,18.113681983947753,54.020732306800696,19,59139,19656.044089022387,8204.642857142857,7.867813110351562e-06,180.1756248474121,13.931513382838322,47.94011507680943,1,59139,15250.41595949435,4635.68,7.867813110351562e-06,180.0006058216095,7.547367493311564,35.95908123671969,Malicious,iodine_null-64-baseline,AdGuard
