flow_id,src2dst_min_length,src2dst_max_length,src2dst_stddev_length,src2dst_mean_length,src2dst_min_time,src2dst_max_time,src2dst_mean_time,src2dst_stddev_time,dst2src_min_length,dst2src_max_length,dst2src_stddev_length,dst2src_mean_length,dst2src_min_time,dst2src_max_time,dst2src_mean_time,dst2src_stddev_time,bidirectional_min_length,bidirectional_max_length,bidirectional_stddev_length,bidirectional_mean_length,bidirectional_min_time,bidirectional_max_time,bidirectional_mean_time,bidirectional_stddev_time,label,type,doh_server
"(('176.103.130.130', 443), ('192.168.20.207', 35188))",1,280,14.09616539695879,109.44216417910448,7.104873657226562e-05,3.1666529178619385,1.3559879588189525,0.6116500296846813,66,40154,2542.5065734956174,395.6011904761905,1.0967254638671875e-05,3.1666529178619385,1.440210264672342,0.9656013936570824,1,40154,1775.745824136402,248.11923076923077,1.0967254638671875e-05,1.6390550136566162,0.6982228661868524,0.36778910763108325,Malicious,iodine_txt-64-baseline,AdGuard
"(('176.103.130.130', 443), ('192.168.20.207', 35192))",1,280,13.751061563258625,109.14531548757171,6.079673767089844e-05,3.1567749977111816,1.3856343104008058,0.5607257511148858,66,54862,3176.8095852936226,429.1500974658869,1.0967254638671875e-05,3.1567749977111816,1.4141612988896668,0.9557801157478427,1,54862,2241.2153556097387,267.6032818532818,1.0967254638671875e-05,1.293828010559082,0.699591933356391,0.36274049267747493,Malicious,iodine_txt-64-baseline,AdGuard
"(('176.103.130.130', 443), ('192.168.20.207', 35196))",1,280,13.605205575716717,108.9171597633136,4.887580871582031e-05,3.1574549674987793,1.411250843832144,0.5814337294939653,66,58161,3807.0932714699848,482.5853658536585,6.9141387939453125e-06,3.1574549674987793,1.4502304090744609,0.9378409152791484,1,58161,2678.275402981421,292.94594594594594,6.9141387939453125e-06,1.2502470016479492,0.7155239749289228,0.3496580868160973,Malicious,iodine_txt-64-baseline,AdGuard
