flow_id,src2dst_min_length,src2dst_max_length,src2dst_stddev_length,src2dst_mean_length,src2dst_min_time,src2dst_max_time,src2dst_mean_time,src2dst_stddev_time,dst2src_min_length,dst2src_max_length,dst2src_stddev_length,dst2src_mean_length,dst2src_min_time,dst2src_max_time,dst2src_mean_time,dst2src_stddev_time,bidirectional_min_length,bidirectional_max_length,bidirectional_stddev_length,bidirectional_mean_length,bidirectional_min_time,bidirectional_max_time,bidirectional_mean_time,bidirectional_stddev_time,label,type,doh_server
"(('176.103.130.130', 443), ('192.168.20.207', 35576))",1,280,13.96114020279464,109.62718446601941,6.794929504394531e-05,3.1597959995269775,1.4078356964578889,0.596789789375063,66,56609,2978.790523099568,401.1465346534653,1.4066696166992188e-05,3.1597959995269775,1.433728240312092,0.9870587074453988,1,56609,2101.0575192514816,253.9578431372549,1.4066696166992188e-05,1.5684621334075928,0.7101349832967172,0.3630082420127242,Malicious,iodine_null-32-baseline,AdGuard
"(('176.103.130.130', 443), ('192.168.20.207', 35580))",1,280,14.164246012669748,109.39644970414201,6.985664367675781e-05,3.109895944595337,1.4311260357204634,0.5656110216354736,66,61772,4690.089776745857,601.492,1.9073486328125e-05,3.109895944595337,1.4491407876024265,0.9368742544213146,1,61772,3314.0088308510226,353.733862959285,5.9604644775390625e-06,2.0007331371307373,0.7198307893385233,0.3628604445281883,Malicious,iodine_null-32-baseline,AdGuard
"(('176.103.130.130', 443), ('192.168.20.207', 35584))",1,280,13.799572585796978,109.1573896353167,6.4849853515625e-05,2.976736068725586,1.38983991925533,0.548445012639626,66,56257,3449.5513496238823,424.8086785009862,1.2874603271484375e-05,2.976736068725586,1.426261632809997,0.9419663727517099,1,56257,2427.689438194766,264.83365758754866,1.0013580322265625e-05,1.5313279628753662,0.7037164148128253,0.3624786131896912,Malicious,iodine_null-32-baseline,AdGuard
