flow_id,src2dst_min_length,src2dst_max_length,src2dst_stddev_length,src2dst_mean_length,src2dst_min_time,src2dst_max_time,src2dst_mean_time,src2dst_stddev_time,dst2src_min_length,dst2src_max_length,dst2src_stddev_length,dst2src_mean_length,dst2src_min_time,dst2src_max_time,dst2src_mean_time,dst2src_stddev_time,bidirectional_min_length,bidirectional_max_length,bidirectional_stddev_length,bidirectional_mean_length,bidirectional_min_time,bidirectional_max_time,bidirectional_mean_time,bidirectional_stddev_time,label,type,doh_server
"(('176.103.130.130', 443), ('192.168.20.210', 47996))",1,280,14.224145150830427,109.18930041152264,7.200241088867188e-05,3.156973123550415,1.368985492666972,0.5821562563091032,66,26625,1675.7458371645096,295.62473347547973,2.5987625122070312e-05,3.156973123550415,1.4207836537279634,1.0027236648930618,1,26625,1178.0738659772728,200.74764397905759,2.5987625122070312e-05,2.0643110275268555,0.6970164600908132,0.3742857423578958,Malicious,iodine_null-32-baseline,AdGuard
"(('176.103.130.130', 443), ('192.168.20.210', 48000))",1,280,14.37865735283843,109.22055674518201,7.390975952148438e-05,3.15722918510437,1.4220999013712479,0.5785690821358092,66,46663,2578.678689158091,352.4233261339093,3.504753112792969e-05,3.15722918510437,1.436411173312695,0.9700951878238998,1,46663,1823.5630374363864,230.2989247311828,3.504753112792969e-05,1.7232999801635742,0.7143691702474178,0.3631006045909408,Malicious,iodine_null-32-baseline,AdGuard
"(('176.103.130.130', 443), ('192.168.20.210', 48004))",1,280,14.054537979032832,109.4551282051282,8.296966552734375e-05,2.940124988555908,1.419697732435304,0.5688604759406123,66,60828,2846.158322976665,328.27032967032966,3.0994415283203125e-05,2.940124988555908,1.4627914864586313,0.9794681215604989,1,60828,2001.3320075311526,217.32177681473456,3.0994415283203125e-05,1.003166913986206,0.7203190812837017,0.3465060824291499,Malicious,iodine_null-32-baseline,AdGuard
