flow_id,src2dst_min_length,src2dst_max_length,src2dst_stddev_length,src2dst_mean_length,src2dst_min_time,src2dst_max_time,src2dst_mean_time,src2dst_stddev_time,dst2src_min_length,dst2src_max_length,dst2src_stddev_length,dst2src_mean_length,dst2src_min_time,dst2src_max_time,dst2src_mean_time,dst2src_stddev_time,bidirectional_min_length,bidirectional_max_length,bidirectional_stddev_length,bidirectional_mean_length,bidirectional_min_time,bidirectional_max_time,bidirectional_mean_time,bidirectional_stddev_time,label,type,doh_server
"(('176.103.130.130', 443), ('192.168.20.206', 40334))",1,280,13.515767693008078,109.06923076923077,6.103515625e-05,3.1574289798736572,1.4372745469815469,0.5596927379341031,66,65188,3898.147931705271,432.93023255813955,2.193450927734375e-05,3.1574289798736572,1.4503193457149766,0.9439883743229727,1,65188,2755.8585564035684,270.3745173745174,2.193450927734375e-05,1.7398099899291992,0.7216824810286075,0.35850771383260754,Malicious,iodine_txt-32-baseline,AdGuard
"(('176.103.130.130', 443), ('192.168.20.206', 40338))",1,280,13.879325176542796,109.84923664122137,6.699562072753906e-05,3.157417058944702,1.4034013903163816,0.592145157197087,66,36533,2075.014704838319,320.009765625,6.198883056640625e-06,3.157417058944702,1.4365030823388445,0.9338230615088224,1,36533,1462.547237227393,213.71235521235522,6.198883056640625e-06,1.5741498470306396,0.7092561691855462,0.36638282574441255,Malicious,iodine_txt-32-baseline,AdGuard
"(('176.103.130.130', 443), ('192.168.20.206', 40342))",1,280,97.94329425177044,112.0,7.891654968261719e-05,182.1614329814911,22.889743477106094,60.19923914021214,19,55994,18124.00724561357,10728.76923076923,7.867813110351562e-06,182.1614329814911,15.233250002066294,49.68371367342703,1,55994,14877.934695158076,6385.545454545455,7.867813110351562e-06,180.00414490699768,8.719902276992798,38.30247119531925,Malicious,iodine_txt-32-baseline,AdGuard
