flow_id,src2dst_min_length,src2dst_max_length,src2dst_stddev_length,src2dst_mean_length,src2dst_min_time,src2dst_max_time,src2dst_mean_time,src2dst_stddev_time,dst2src_min_length,dst2src_max_length,dst2src_stddev_length,dst2src_mean_length,dst2src_min_time,dst2src_max_time,dst2src_mean_time,dst2src_stddev_time,bidirectional_min_length,bidirectional_max_length,bidirectional_stddev_length,bidirectional_mean_length,bidirectional_min_time,bidirectional_max_time,bidirectional_mean_time,bidirectional_stddev_time,label,type,doh_server
"(('176.103.130.130', 443), ('192.168.20.210', 47780))",1,280,14.390071500793983,109.1627408993576,8.296966552734375e-05,3.1585440635681152,1.423159869443705,0.5984646840894735,66,48499,2882.0553224991677,389.89154013015184,3.0040740966796875e-05,3.1585440635681152,1.4436491525691488,0.9733488646506816,1,48499,2036.1912754606133,248.61961206896552,3.0040740966796875e-05,1.3099901676177979,0.7164031242732735,0.3596040125927489,Malicious,iodine_srv-32-baseline,AdGuard
"(('176.103.130.130', 443), ('192.168.20.210', 47784))",1,280,14.41542149849307,109.19305856832972,7.486343383789062e-05,3.1577889919281006,1.4431278912917427,0.5840775987671728,66,55465,2585.5019171127974,333.59041394335514,1.6927719116210938e-05,3.1577889919281006,1.4496768098731228,0.955634757633328,1,55465,1829.7094262940188,221.1478260869565,1.6927719116210938e-05,1.4661891460418701,0.7225017443834373,0.3587853841430943,Malicious,iodine_srv-32-baseline,AdGuard
"(('176.103.130.130', 443), ('192.168.20.210', 47788))",1,280,14.414918062493326,109.37100213219617,7.510185241699219e-05,2.820189952850342,1.4141219059626262,0.5758643894904331,66,35835,1896.772724390773,322.07964601769913,1.8835067749023438e-05,2.820189952850342,1.4694733878725648,0.9099704866379514,1,35835,1333.0726252684228,213.76221498371336,1.8835067749023438e-05,1.6936171054840088,0.7203907282456108,0.3582783167891518,Malicious,iodine_srv-32-baseline,AdGuard
