flow_id,src2dst_min_length,src2dst_max_length,src2dst_stddev_length,src2dst_mean_length,src2dst_min_time,src2dst_max_time,src2dst_mean_time,src2dst_stddev_time,dst2src_min_length,dst2src_max_length,dst2src_stddev_length,dst2src_mean_length,dst2src_min_time,dst2src_max_time,dst2src_mean_time,dst2src_stddev_time,bidirectional_min_length,bidirectional_max_length,bidirectional_stddev_length,bidirectional_mean_length,bidirectional_min_time,bidirectional_max_time,bidirectional_mean_time,bidirectional_stddev_time,label,type,doh_server
"(('176.103.130.130', 443), ('192.168.20.205', 58574))",1,280,13.56653730861923,109.04972375690608,8.606910705566406e-05,3.1571810245513916,1.406991215649566,0.5810412488278985,66,41314,2216.1995269027075,351.85471698113207,1.4781951904296875e-05,3.1571810245513916,1.439623559580408,0.9651255163982889,1,41314,1562.3209255451598,228.98136067101584,1.4781951904296875e-05,1.1685540676116943,0.7113705586586425,0.35344142797105704,Malicious,iodine_srv-64-baseline,AdGuard
"(('176.103.130.130', 443), ('192.168.20.205', 58578))",1,280,13.531519873949364,109.13011152416357,7.200241088867188e-05,3.1037721633911133,1.4208330593073613,0.580094769380233,66,51884,2471.9470116517073,342.39388145315485,3.0040740966796875e-05,3.1037721633911133,1.4617927490066294,0.9643169926985357,1,51884,1739.4712014643271,224.11310084825635,3.0040740966796875e-05,1.442188024520874,0.719889387544596,0.35358372523562337,Malicious,iodine_srv-64-baseline,AdGuard
"(('176.103.130.130', 443), ('192.168.20.205', 58584))",1,280,13.24663141084688,108.82797731568998,6.508827209472656e-05,3.1565308570861816,1.4450531118746959,0.584273041166697,66,65278,4185.633849168104,503.39731285988483,1.6927719116210938e-05,3.1565308570861816,1.4653071751961342,0.9087964341046294,1,65278,2955.001129627495,304.6095238095238,1.6927719116210938e-05,2.002608060836792,0.7273479914869776,0.3479287860518324,Malicious,iodine_srv-64-baseline,AdGuard
