flow_id,src2dst_min_length,src2dst_max_length,src2dst_stddev_length,src2dst_mean_length,src2dst_min_time,src2dst_max_time,src2dst_mean_time,src2dst_stddev_time,dst2src_min_length,dst2src_max_length,dst2src_stddev_length,dst2src_mean_length,dst2src_min_time,dst2src_max_time,dst2src_mean_time,dst2src_stddev_time,bidirectional_min_length,bidirectional_max_length,bidirectional_stddev_length,bidirectional_mean_length,bidirectional_min_time,bidirectional_max_time,bidirectional_mean_time,bidirectional_stddev_time,label,type,doh_server
"(('176.103.130.130', 443), ('192.168.20.207', 35702))",1,280,13.881300344741884,109.08576998050683,6.794929504394531e-05,3.1588001251220703,1.4115739450789988,0.5930630218811762,66,52564,3098.492170209179,414.0278330019881,9.059906005859375e-06,3.1588001251220703,1.4405987049003997,0.9697038823120089,1,52564,2185.5026903776165,260.05610236220474,9.059906005859375e-06,1.4245588779449463,0.7125196717642798,0.3613061638463103,Malicious,iodine_null-64-baseline,AdGuard
"(('176.103.130.130', 443), ('192.168.20.207', 35706))",1,280,13.873560285279547,109.13545816733068,6.914138793945312e-05,3.158540964126587,1.4436668183751211,0.599328654348272,66,39590,2765.0855459435384,419.35613682092554,1.1920928955078125e-05,3.158540964126587,1.459793629184846,0.967797920924627,1,39590,1956.494567795329,263.46946946946946,1.1920928955078125e-05,1.0041530132293701,0.7255358024685081,0.3495934234253841,Malicious,iodine_null-64-baseline,AdGuard
"(('176.103.130.130', 443), ('192.168.20.207', 35710))",1,280,14.038413830313846,109.7495145631068,6.508827209472656e-05,3.156248092651367,1.4050776244137537,0.5484142340210459,66,62760,4229.6917212569415,524.59765625,1.0013580322265625e-05,3.156248092651367,1.4159565284527444,0.9840618016149003,1,62760,2993.6832335551585,316.56767283349564,1.0013580322265625e-05,2.0024161338806152,0.705244254415263,0.37054845027066324,Malicious,iodine_null-64-baseline,AdGuard
