flow_id,src2dst_min_length,src2dst_max_length,src2dst_stddev_length,src2dst_mean_length,src2dst_min_time,src2dst_max_time,src2dst_mean_time,src2dst_stddev_time,dst2src_min_length,dst2src_max_length,dst2src_stddev_length,dst2src_mean_length,dst2src_min_time,dst2src_max_time,dst2src_mean_time,dst2src_stddev_time,bidirectional_min_length,bidirectional_max_length,bidirectional_stddev_length,bidirectional_mean_length,bidirectional_min_time,bidirectional_max_time,bidirectional_mean_time,bidirectional_stddev_time,label,type,doh_server
"(('176.103.130.130', 443), ('192.168.20.211', 43628))",1,280,14.118547988313846,108.93932584269663,8.20159912109375e-05,3.1590960025787354,1.454750824618984,0.5866847437958332,66,27205,1932.1418463619095,346.90909090909093,1.5020370483398438e-05,3.1590960025787354,1.4666966539309074,0.9322505996496306,1,27205,1367.588225108911,227.25197740112995,1.5020370483398438e-05,1.7231969833374023,0.730666703767906,0.3469204608022155,Malicious,iodine_txt-32-baseline,AdGuard
"(('176.103.130.130', 443), ('192.168.20.211', 43632))",1,280,14.167959539211209,109.06086956521739,8.20159912109375e-05,3.1845059394836426,1.4056200679870472,0.5824461901500094,66,44349,2084.074157439019,287.64955357142856,4.506111145019531e-05,3.1845059394836426,1.443930935272968,0.9225558323511012,1,44349,1466.6477679673392,197.17511013215858,4.00543212890625e-05,1.8860859870910645,0.7116473914507074,0.3632189477187068,Malicious,iodine_txt-32-baseline,AdGuard
"(('176.103.130.130', 443), ('192.168.20.211', 43636))",1,280,14.336526568651822,109.42827004219409,7.605552673339844e-05,3.1587541103363037,1.3641584993164837,0.5882142182296833,66,32048,2101.354708007607,329.7921225382932,2.7179718017578125e-05,3.1587541103363037,1.4127592261423145,0.9598485067121788,1,32048,1476.4048685698976,217.5982814178303,2.7179718017578125e-05,1.838310956954956,0.6938139464265557,0.37155881560968984,Malicious,iodine_txt-32-baseline,AdGuard
