flow_id,src2dst_min_length,src2dst_max_length,src2dst_stddev_length,src2dst_mean_length,src2dst_min_time,src2dst_max_time,src2dst_mean_time,src2dst_stddev_time,dst2src_min_length,dst2src_max_length,dst2src_stddev_length,dst2src_mean_length,dst2src_min_time,dst2src_max_time,dst2src_mean_time,dst2src_stddev_time,bidirectional_min_length,bidirectional_max_length,bidirectional_stddev_length,bidirectional_mean_length,bidirectional_min_time,bidirectional_max_time,bidirectional_mean_time,bidirectional_stddev_time,label,type,doh_server
"(('176.103.130.130', 443), ('192.168.20.208', 37050))",1,280,13.851588289825214,109.00597609561753,6.29425048828125e-05,3.1566319465637207,1.4018947164455573,0.5492251683969787,66,44090,1983.8049097401579,296.9290060851927,2.002716064453125e-05,3.1566319465637207,1.4298485100753908,0.9094570155128985,1,44090,1399.5953497196954,202.1175879396985,2.002716064453125e-05,1.246074914932251,0.7077591016258992,0.3552679692846532,Malicious,iodine_srv-64-baseline,AdGuard
"(('176.103.130.130', 443), ('192.168.20.208', 37056))",1,280,14.165218791335331,109.32936507936508,7.700920104980469e-05,3.1568241119384766,1.3967630280178063,0.6027935168546064,66,41640,2262.4763912257445,342.6502057613169,2.8133392333984375e-05,3.1568241119384766,1.450431165006972,0.9846180153576765,1,41640,1589.519573860654,223.86868686868686,2.8133392333984375e-05,2.0027248859405518,0.7113105855407561,0.36206812833951796,Malicious,iodine_srv-64-baseline,AdGuard
"(('176.103.130.130', 443), ('192.168.20.208', 37060))",1,280,14.199302881779257,109.17635270541082,6.794929504394531e-05,3.1565489768981934,1.4104827513177711,0.5579823414041342,66,11004,499.47161373493327,226.72635814889335,1.6927719116210938e-05,3.1565489768981934,1.418087954002042,0.9216040003095444,1,11004,357.82813223979775,167.83333333333334,1.6927719116210938e-05,1.8499369621276855,0.7069333428713545,0.36171038186131194,Malicious,iodine_srv-64-baseline,AdGuard
