flow_id,src2dst_min_length,src2dst_max_length,src2dst_stddev_length,src2dst_mean_length,src2dst_min_time,src2dst_max_time,src2dst_mean_time,src2dst_stddev_time,dst2src_min_length,dst2src_max_length,dst2src_stddev_length,dst2src_mean_length,dst2src_min_time,dst2src_max_time,dst2src_mean_time,dst2src_stddev_time,bidirectional_min_length,bidirectional_max_length,bidirectional_stddev_length,bidirectional_mean_length,bidirectional_min_time,bidirectional_max_time,bidirectional_mean_time,bidirectional_stddev_time,label,type,doh_server
"(('176.103.130.130', 443), ('192.168.20.210', 47668))",1,280,14.434850808564802,109.45252525252525,7.700920104980469e-05,3.157165050506592,1.3459804270431581,0.5945068421595919,66,58858,2922.9678569487887,365.9915611814346,1.4066696166992188e-05,3.157165050506592,1.4035643467691434,0.936199046760032,1,58858,2048.3757200697796,234.9422084623323,1.4066696166992188e-05,1.338149070739746,0.6868949699992976,0.3716546332209194,Malicious,iodine_txt-64-baseline,AdGuard
"(('176.103.130.130', 443), ('192.168.20.210', 47672))",1,280,14.358399783818117,109.51827956989247,6.103515625e-05,3.15692400932312,1.4325616508722305,0.5767014539502597,66,30486,1615.1403875630297,292.9010989010989,2.47955322265625e-05,3.15692400932312,1.4618502072825832,0.9260494407199731,1,30486,1139.5929795151876,200.21304347826086,2.47955322265625e-05,1.6529219150543213,0.7232955451629107,0.3482794039289655,Malicious,iodine_txt-64-baseline,AdGuard
"(('176.103.130.130', 443), ('192.168.20.210', 47676))",1,280,13.958783364826584,108.78879310344827,7.510185241699219e-05,3.156345844268799,1.43069059184509,0.5487219966088817,66,31722,1474.548703452797,264.5488069414317,2.6941299438476562e-05,3.156345844268799,1.443540156405905,0.9490727444934197,1,31722,1043.9272143814544,186.4162162162162,2.6941299438476562e-05,1.8628900051116943,0.7186748008707385,0.3573744961127837,Malicious,iodine_txt-64-baseline,AdGuard
