flow_id,src2dst_min_length,src2dst_max_length,src2dst_stddev_length,src2dst_mean_length,src2dst_min_time,src2dst_max_time,src2dst_mean_time,src2dst_stddev_time,dst2src_min_length,dst2src_max_length,dst2src_stddev_length,dst2src_mean_length,dst2src_min_time,dst2src_max_time,dst2src_mean_time,dst2src_stddev_time,bidirectional_min_length,bidirectional_max_length,bidirectional_stddev_length,bidirectional_mean_length,bidirectional_min_time,bidirectional_max_time,bidirectional_mean_time,bidirectional_stddev_time,label,type,doh_server
"(('176.103.130.130', 443), ('192.168.20.206', 40668))",1,280,13.479685117076967,108.98671726755218,6.890296936035156e-05,3.1569809913635254,1.4142885878965428,0.5661550218612151,66,31084,1867.6716635327598,315.2432432432432,2.288818359375e-05,3.1569809913635254,1.439031220496969,0.9749698804074202,1,31084,1319.0163223448792,211.22679425837322,2.288818359375e-05,1.736299991607666,0.7126494972641897,0.36349689009675995,Malicious,iodine_srv-64-baseline,AdGuard
"(('176.103.130.130', 443), ('192.168.20.206', 40672))",1,280,13.822440256506338,109.31716417910448,5.698204040527344e-05,3.318507194519043,1.3892554225208604,0.6045389867712988,66,43306,2023.8249143943208,314.4487427466151,2.7894973754882812e-05,3.318507194519043,1.4407187478486883,1.0153335582828442,1,43306,1421.828028605095,210.03228869895537,1.7881393432617188e-05,1.3968491554260254,0.7066898706294737,0.356745697236958,Malicious,iodine_srv-64-baseline,AdGuard
"(('176.103.130.130', 443), ('192.168.20.206', 40678))",1,280,13.980215036801537,109.1046511627907,6.4849853515625e-05,3.156363010406494,1.4438720041108364,0.553260299807566,66,42228,2227.0618323802955,335.5362035225049,1.2159347534179688e-05,3.156363010406494,1.4587231785643335,0.9417559719515343,1,42228,1575.0378992079136,221.76923076923077,1.2159347534179688e-05,1.7043969631195068,0.7251225965529622,0.3487541762383136,Malicious,iodine_srv-64-baseline,AdGuard
