flow_id,src2dst_min_length,src2dst_max_length,src2dst_stddev_length,src2dst_mean_length,src2dst_min_time,src2dst_max_time,src2dst_mean_time,src2dst_stddev_time,dst2src_min_length,dst2src_max_length,dst2src_stddev_length,dst2src_mean_length,dst2src_min_time,dst2src_max_time,dst2src_mean_time,dst2src_stddev_time,bidirectional_min_length,bidirectional_max_length,bidirectional_stddev_length,bidirectional_mean_length,bidirectional_min_time,bidirectional_max_time,bidirectional_mean_time,bidirectional_stddev_time,label,type,doh_server
"(('176.103.130.130', 443), ('192.168.20.211', 43948))",1,280,14.419964102854365,109.1842105263158,6.198883056640625e-05,3.156589984893799,1.4119164943695068,0.5847123681765888,66,49971,2555.9140737720772,375.06473214285717,1.9073486328125e-05,3.156589984893799,1.4388874270505287,0.9818325362941438,1,49971,1804.2226179272564,240.9480088495575,1.9073486328125e-05,1.77774977684021,0.7123028967995713,0.3633768173720388,Malicious,iodine_srv-64-baseline,AdGuard
"(('176.103.130.130', 443), ('192.168.20.211', 43954))",1,280,14.184478837825155,109.13432835820896,6.914138793945312e-05,3.1044809818267822,1.3722784850332472,0.573639721250354,66,36526,1773.651699098845,302.95604395604397,2.4080276489257812e-05,3.1044809818267822,1.4163521565004593,0.9773739463653325,1,36526,1248.4309084899853,204.57683982683983,2.4080276489257812e-05,1.190209150314331,0.6966965655722571,0.36848742638335713,Malicious,iodine_srv-64-baseline,AdGuard
"(('176.103.130.130', 443), ('192.168.20.211', 43958))",1,280,16.132118179002113,110.47939262472885,6.008148193359375e-05,3.1581661701202393,1.39812244332355,0.5679535316290217,66,50424,2599.1936091079574,363.13495575221236,4.100799560546875e-05,3.1581661701202393,1.4237423614493494,0.9774087387124535,1,50424,1833.219628615168,235.5618838992333,3.790855407714844e-05,1.1032850742340088,0.7051933376412642,0.36316129237246797,Malicious,iodine_srv-64-baseline,AdGuard
