flow_id,src2dst_min_length,src2dst_max_length,src2dst_stddev_length,src2dst_mean_length,src2dst_min_time,src2dst_max_time,src2dst_mean_time,src2dst_stddev_time,dst2src_min_length,dst2src_max_length,dst2src_stddev_length,dst2src_mean_length,dst2src_min_time,dst2src_max_time,dst2src_mean_time,dst2src_stddev_time,bidirectional_min_length,bidirectional_max_length,bidirectional_stddev_length,bidirectional_mean_length,bidirectional_min_time,bidirectional_max_time,bidirectional_mean_time,bidirectional_stddev_time,label,type,doh_server
"(('176.103.130.130', 443), ('192.168.20.205', 58438))",1,280,13.349048622718527,108.9625468164794,7.200241088867188e-05,3.1581368446350098,1.4342671836294778,0.5896895814124812,66,16240,704.9822756176694,233.75525812619503,4.220008850097656e-05,3.1581368446350098,1.4606029749830107,0.9453670349926433,1,16240,499.8968103864268,170.70955534531694,3.790855407714844e-05,1.1879079341888428,0.7239246296160149,0.34881377757553933,Malicious,iodine_srv-32-baseline,AdGuard
"(('176.103.130.130', 443), ('192.168.20.205', 58442))",1,280,13.724517249702219,109.16666666666667,6.794929504394531e-05,3.157104015350342,1.445603085197579,0.5635466105626541,66,21390,927.8196768402062,245.21212121212122,2.6941299438476562e-05,3.157104015350342,1.4473544343372902,0.9731482185690247,1,21390,659.6559322695588,177.18939393939394,6.9141387939453125e-06,1.5788300037384033,0.7230168975360021,0.35163312731676943,Malicious,iodine_srv-32-baseline,AdGuard
"(('176.103.130.130', 443), ('192.168.20.205', 58446))",1,280,13.534983744411043,109.00570342205323,7.200241088867188e-05,3.1267411708831787,1.45234572773888,0.5819348796507292,66,53124,3109.2202804163244,393.68858800773694,2.288818359375e-05,3.1267411708831787,1.4788227109021919,0.9184884056304005,1,53124,2193.6882655435397,250.11888782358582,2.288818359375e-05,2.002764940261841,0.7323411611586295,0.35305203324805423,Malicious,iodine_srv-32-baseline,AdGuard
