flow_id,src2dst_min_length,src2dst_max_length,src2dst_stddev_length,src2dst_mean_length,src2dst_min_time,src2dst_max_time,src2dst_mean_time,src2dst_stddev_time,dst2src_min_length,dst2src_max_length,dst2src_stddev_length,dst2src_mean_length,dst2src_min_time,dst2src_max_time,dst2src_mean_time,dst2src_stddev_time,bidirectional_min_length,bidirectional_max_length,bidirectional_stddev_length,bidirectional_mean_length,bidirectional_min_time,bidirectional_max_time,bidirectional_mean_time,bidirectional_stddev_time,label,type,doh_server
"(('176.103.130.130', 443), ('192.168.20.206', 40776))",1,280,13.256573590675016,108.86767485822307,7.414817810058594e-05,4.123804092407227,1.406362604011189,0.612152040258715,66,54779,2404.7233904154627,298.73062015503876,1.9073486328125e-05,4.123804092407227,1.443471677557936,1.005329206409221,1,54779,1692.4768624158394,202.61818181818182,1.9073486328125e-05,1.3226418495178223,0.7120830679305212,0.3574048531045558,Malicious,iodine_null-32-baseline,AdGuard
"(('176.103.130.130', 443), ('192.168.20.206', 40780))",1,280,14.165527524123878,109.85496183206106,6.008148193359375e-05,3.1566710472106934,1.4215110898245817,0.5903767001175216,66,39339,2074.186204527167,313.4422700587084,2.5987625122070312e-05,3.1566710472106934,1.4557287197487028,0.941160653938132,1,39339,1461.0157968743601,210.37004830917874,2.5987625122070312e-05,1.8218889236450195,0.7190041585863213,0.36295705891283625,Malicious,iodine_null-32-baseline,AdGuard
"(('176.103.130.130', 443), ('192.168.20.206', 40784))",1,280,13.786937193887866,109.35238095238095,8.296966552734375e-05,3.157315969467163,1.4165463229172102,0.5326358889432811,66,17127,814.9248968203763,235.17953667953668,1.2159347534179688e-05,3.157315969467163,1.4375613422873403,0.9828884735444313,1,17127,577.8203693362758,171.8437200383509,1.2159347534179688e-05,1.5532820224761963,0.71328801454372,0.3577580198736915,Malicious,iodine_null-32-baseline,AdGuard
