flow_id,src2dst_min_length,src2dst_max_length,src2dst_stddev_length,src2dst_mean_length,src2dst_min_time,src2dst_max_time,src2dst_mean_time,src2dst_stddev_time,dst2src_min_length,dst2src_max_length,dst2src_stddev_length,dst2src_mean_length,dst2src_min_time,dst2src_max_time,dst2src_mean_time,dst2src_stddev_time,bidirectional_min_length,bidirectional_max_length,bidirectional_stddev_length,bidirectional_mean_length,bidirectional_min_time,bidirectional_max_time,bidirectional_mean_time,bidirectional_stddev_time,label,type,doh_server
"(('176.103.130.130', 443), ('192.168.20.209', 52732))",1,280,14.381606629453048,109.41407867494824,6.604194641113281e-05,3.1568291187286377,1.4163601744719065,0.5417213314195106,66,31881,1764.7062222840289,304.87525987525987,1.0967254638671875e-05,3.1568291187286377,1.4240587269266447,0.936853794673007,1,31881,1250.4072924612767,206.94190871369295,1.0967254638671875e-05,1.9641458988189697,0.7098390674789128,0.3673941325899842,Malicious,iodine_null-64-baseline,AdGuard
"(('176.103.130.130', 443), ('192.168.20.209', 52736))",1,280,13.791243245598789,108.98117154811716,8.606910705566406e-05,3.1568989753723145,1.433130144323193,0.5785646199437047,66,44898,2351.1617827135015,332.60425531914893,5.9604644775390625e-06,3.1568989753723145,1.45538293171539,0.9889357033660814,1,44898,1659.2929107101745,219.84915611814347,5.9604644775390625e-06,1.6537089347839355,0.7218617516812704,0.355012925276441,Malicious,iodine_null-64-baseline,AdGuard
"(('176.103.130.130', 443), ('192.168.20.209', 52740))",1,280,14.307047438743382,109.17364016736401,6.699562072753906e-05,3.156606912612915,1.4347193271109142,0.5500565321110912,66,60848,3712.7962414949084,427.0421052631579,3.0994415283203125e-05,3.156606912612915,1.4416297910585685,0.9350109199504665,1,60848,2626.0413988279875,267.60755508919203,3.0994415283203125e-05,1.8723490238189697,0.7188667216721703,0.35979188299068354,Malicious,iodine_null-64-baseline,AdGuard
