flow_id,src2dst_min_length,src2dst_max_length,src2dst_stddev_length,src2dst_mean_length,src2dst_min_time,src2dst_max_time,src2dst_mean_time,src2dst_stddev_time,dst2src_min_length,dst2src_max_length,dst2src_stddev_length,dst2src_mean_length,dst2src_min_time,dst2src_max_time,dst2src_mean_time,dst2src_stddev_time,bidirectional_min_length,bidirectional_max_length,bidirectional_stddev_length,bidirectional_mean_length,bidirectional_min_time,bidirectional_max_time,bidirectional_mean_time,bidirectional_stddev_time,label,type,doh_server
"(('176.103.130.130', 443), ('192.168.20.204', 36472))",1,280,13.975289067378304,109.34845735027223,7.700920104980469e-05,4.157570838928223,1.423056338483637,0.5732140403677354,66,63331,3672.43979877715,409.0018450184502,1.5020370483398438e-05,4.157570838928223,1.448322018501719,0.9563696370531981,1,63331,2590.448866608768,257.94144556267156,1.5020370483398438e-05,2.9022181034088135,0.7175541172970782,0.3672741282169641,Malicious,iodine_null-64-baseline,AdGuard
"(('176.103.130.130', 443), ('192.168.20.204', 36476))",1,280,13.67145967193005,109.39853747714808,5.507469177246094e-05,3.156700849533081,1.4335857254244906,0.5799423564355597,66,42970,1843.1085502638896,266.91263940520446,2.5033950805664062e-05,3.156700849533081,1.45924713758117,0.9959558280994496,1,42970,1300.281468020536,187.50230414746545,2.5033950805664062e-05,1.3522770404815674,0.7229175332287581,0.34415580643950444,Malicious,iodine_null-64-baseline,AdGuard
"(('176.103.130.130', 443), ('192.168.20.204', 36480))",1,280,13.636187024100737,109.20840950639854,6.008148193359375e-05,3.1038830280303955,1.4350160238070366,0.5610772031119762,66,35191,1606.2702917631398,274.93357933579335,1.9073486328125e-05,3.1038830280303955,1.4445270037695133,0.9494954651993257,1,35191,1136.2607463369848,191.69054178145086,1.9073486328125e-05,1.617790937423706,0.7201459090061048,0.356302535015621,Malicious,iodine_null-64-baseline,AdGuard
