flow_id,src2dst_min_length,src2dst_max_length,src2dst_stddev_length,src2dst_mean_length,src2dst_min_time,src2dst_max_time,src2dst_mean_time,src2dst_stddev_time,dst2src_min_length,dst2src_max_length,dst2src_stddev_length,dst2src_mean_length,dst2src_min_time,dst2src_max_time,dst2src_mean_time,dst2src_stddev_time,bidirectional_min_length,bidirectional_max_length,bidirectional_stddev_length,bidirectional_mean_length,bidirectional_min_time,bidirectional_max_time,bidirectional_mean_time,bidirectional_stddev_time,label,type,doh_server
"(('176.103.130.130', 443), ('192.168.20.212', 54374))",1,280,70.5618537639961,93.54545454545455,7.700920104980469e-05,180.1716330051422,18.151259994506837,54.00710671656683,19,64474,17102.365289482565,6379.071428571428,1.811981201171875e-05,180.1716330051422,13.960424991754385,47.93169061186357,1,64474,13173.147873093962,3613.44,1.811981201171875e-05,179.99960017204285,7.563024997711182,35.95578167854612,Malicious,iodine_srv-64-baseline,AdGuard
"(('176.103.130.130', 443), ('192.168.20.212', 54380))",1,280,70.54627459692064,93.36363636363636,8.082389831542969e-05,180.1675670146942,18.141726779937745,54.00884375996193,19,49349,12799.326795115563,4560.142857142857,3.0994415283203125e-05,180.1675670146942,13.953106623429518,47.933788014741644,1,49349,9831.538053753338,2594.76,3.0994415283203125e-05,179.99981689453125,7.55905282497406,35.956592859403735,Malicious,iodine_srv-64-baseline,AdGuard
"(('176.103.130.130', 443), ('192.168.20.212', 54384))",1,280,70.54627459692064,93.36363636363636,8.893013000488281e-05,180.24791193008423,18.254517793655396,53.999357240232364,19,63580,17197.115623266596,6676.8,2.09808349609375e-05,180.24791193008423,13.037002580506462,46.3088267922685,1,63580,13461.082380900305,3891.5,2.09808349609375e-05,180.00072813034058,7.301807117462158,35.25318549655936,Malicious,iodine_srv-64-baseline,AdGuard
