flow_id,src2dst_min_length,src2dst_max_length,src2dst_stddev_length,src2dst_mean_length,src2dst_min_time,src2dst_max_time,src2dst_mean_time,src2dst_stddev_time,dst2src_min_length,dst2src_max_length,dst2src_stddev_length,dst2src_mean_length,dst2src_min_time,dst2src_max_time,dst2src_mean_time,dst2src_stddev_time,bidirectional_min_length,bidirectional_max_length,bidirectional_stddev_length,bidirectional_mean_length,bidirectional_min_time,bidirectional_max_time,bidirectional_mean_time,bidirectional_stddev_time,label,type,doh_server
"(('176.103.130.130', 443), ('192.168.20.205', 58682))",1,280,17.839443844198268,111.81514084507042,4.1961669921875e-05,3.165539026260376,1.3479277688149212,0.6330930408353157,66,51984,2684.1291183405365,396.68840579710144,1.5020370483398438e-05,3.165539026260376,1.3852021793704716,0.9447922580517473,1,51984,1889.7774860222298,252.21696428571428,1.5020370483398438e-05,2.0025360584259033,0.6829982528311531,0.37680985606081246,Malicious,iodine_null-32-baseline,AdGuard
"(('176.103.130.130', 443), ('192.168.20.205', 58686))",1,280,15.046501941376212,110.19926873857403,6.103515625e-05,3.157034158706665,1.3961890735032358,0.6307449664280546,66,59196,2788.6516268384157,346.39694656488547,1.5020370483398438e-05,3.157034158706665,1.4597944338052724,0.9249650178604291,1,59196,1954.1861419503914,225.76190476190476,1.5020370483398438e-05,2.0025620460510254,0.713550960683377,0.3585561375647877,Malicious,iodine_null-32-baseline,AdGuard
"(('176.103.130.130', 443), ('192.168.20.205', 58690))",1,280,13.720860425246592,109.19924098671727,6.508827209472656e-05,3.0713818073272705,1.4486031595745015,0.5535818778794731,66,57998,2745.1695272445763,346.78119001919384,1.8835067749023438e-05,3.0713818073272705,1.4678340366253486,0.9248932041059923,1,57998,1939.2294803097125,227.3101145038168,1.8835067749023438e-05,1.362480878829956,0.7290357946780258,0.34642891885825455,Malicious,iodine_null-32-baseline,AdGuard
