flow_id,src2dst_min_length,src2dst_max_length,src2dst_stddev_length,src2dst_mean_length,src2dst_min_time,src2dst_max_time,src2dst_mean_time,src2dst_stddev_time,dst2src_min_length,dst2src_max_length,dst2src_stddev_length,dst2src_mean_length,dst2src_min_time,dst2src_max_time,dst2src_mean_time,dst2src_stddev_time,bidirectional_min_length,bidirectional_max_length,bidirectional_stddev_length,bidirectional_mean_length,bidirectional_min_time,bidirectional_max_time,bidirectional_mean_time,bidirectional_stddev_time,label,type,doh_server
"(('176.103.130.130', 443), ('192.168.20.204', 36228))",1,280,13.848747546332097,109.30575539568345,7.104873657226562e-05,3.1036179065704346,1.4116524180850467,0.5542801673068074,66,30913,1467.4806734205324,287.757299270073,2.288818359375e-05,3.1036179065704346,1.4304176144015854,0.9593122050861709,1,30913,1037.7883397084308,197.88496376811594,2.288818359375e-05,2.002074956893921,0.7103056138143254,0.357413320836087,Malicious,iodine_srv-64-baseline,AdGuard
"(('176.103.130.130', 443), ('192.168.20.204', 36232))",1,280,13.40201575852041,109.11586452762923,7.104873657226562e-05,3.1065330505371094,1.3983258217573167,0.5827014955040376,66,16449,698.2145300695474,229.28280961182995,2.288818359375e-05,3.1065330505371094,1.4482106592920092,0.9793384825730848,1,16449,492.97893415605694,168.10889292196006,2.288818359375e-05,1.442624807357788,0.7112283925377814,0.35815335792127667,Malicious,iodine_srv-64-baseline,AdGuard
"(('176.103.130.130', 443), ('192.168.20.204', 36238))",1,280,13.652917465196904,108.79588014981273,7.987022399902344e-05,3.1563429832458496,1.4695915871668488,0.5778475173744176,66,31548,1520.189935155959,287.08349146110055,3.1948089599609375e-05,3.1563429832458496,1.4896328059439423,0.9568202643904019,1,31548,1075.1304170369358,197.35155513666353,3.1948089599609375e-05,1.7055702209472656,0.7392206659856833,0.3464349034732946,Malicious,iodine_srv-64-baseline,AdGuard
