flow_id,src2dst_min_length,src2dst_max_length,src2dst_stddev_length,src2dst_mean_length,src2dst_min_time,src2dst_max_time,src2dst_mean_time,src2dst_stddev_time,dst2src_min_length,dst2src_max_length,dst2src_stddev_length,dst2src_mean_length,dst2src_min_time,dst2src_max_time,dst2src_mean_time,dst2src_stddev_time,bidirectional_min_length,bidirectional_max_length,bidirectional_stddev_length,bidirectional_mean_length,bidirectional_min_time,bidirectional_max_time,bidirectional_mean_time,bidirectional_stddev_time,label,type,doh_server
"(('176.103.130.130', 443), ('192.168.20.206', 40894))",1,280,14.332277436403686,109.4412331406551,5.984306335449219e-05,3.1572790145874023,1.4363565849981712,0.597405741550583,66,37347,2225.7360152027354,327.2371541501976,1.811981201171875e-05,3.1572790145874023,1.4693126815380437,0.9541221865326646,1,37347,1567.640357957983,216.95804878048781,1.811981201171875e-05,1.7044098377227783,0.7265944443643093,0.35333144796329485,Malicious,iodine_null-64-baseline,AdGuard
"(('176.103.130.130', 443), ('192.168.20.206', 40898))",1,280,13.675173481985375,109.09551656920078,8.392333984375e-05,3.1055068969726562,1.451741288881749,0.5775879324028607,66,22724,1286.4050062076046,268.9705304518664,1.9073486328125e-05,3.1055068969726562,1.4638181356933173,0.961681865290654,1,22724,911.4078494654817,188.720156555773,1.9073486328125e-05,1.7927420139312744,0.7283512231301841,0.35370021803438384,Malicious,iodine_null-64-baseline,AdGuard
"(('176.103.130.130', 443), ('192.168.20.206', 40902))",1,280,13.967723681740994,109.15116279069767,7.700920104980469e-05,2.9492530822753906,1.4432273008291003,0.5472664422929561,66,55993,2829.9652597545874,356.82191780821915,2.3126602172851562e-05,2.9492530822753906,1.4577151410719928,0.9287611254749405,1,55993,2000.072289551681,232.3836416747809,2.3126602172851562e-05,1.542268991470337,0.724621330320719,0.3509609435794589,Malicious,iodine_null-64-baseline,AdGuard
