flow_id,src2dst_min_length,src2dst_max_length,src2dst_stddev_length,src2dst_mean_length,src2dst_min_time,src2dst_max_time,src2dst_mean_time,src2dst_stddev_time,dst2src_min_length,dst2src_max_length,dst2src_stddev_length,dst2src_mean_length,dst2src_min_time,dst2src_max_time,dst2src_mean_time,dst2src_stddev_time,bidirectional_min_length,bidirectional_max_length,bidirectional_stddev_length,bidirectional_mean_length,bidirectional_min_time,bidirectional_max_time,bidirectional_mean_time,bidirectional_stddev_time,label,type,doh_server
"(('176.103.130.130', 443), ('192.168.20.208', 36688))",1,280,15.933768240358653,110.65225933202358,9.107589721679688e-05,3.1932780742645264,1.3878646122189018,0.5750766157258511,66,58533,2760.55243571088,349.14512922465207,2.9087066650390625e-05,3.1932780742645264,1.406483928520841,0.9384791170373211,1,58533,1949.8925415841688,229.1916996047431,2.9087066650390625e-05,2.002509832382202,0.6983995737119197,0.370990848698517,Malicious,iodine_txt-32-baseline,AdGuard
"(('176.103.130.130', 443), ('192.168.20.208', 36692))",1,280,14.10585965442437,109.25152129817444,6.389617919921875e-05,3.1571428775787354,1.4319500898927209,0.5939331798230332,66,60690,2941.5946473124854,363.5497925311203,4.220008850097656e-05,3.1571428775787354,1.4625589267627612,0.9799860169714695,1,60690,2072.1832237281997,234.96615384615384,2.7894973754882812e-05,1.9188830852508545,0.7233259180977604,0.3542350232775571,Malicious,iodine_txt-32-baseline,AdGuard
"(('176.103.130.130', 443), ('192.168.20.208', 36696))",1,280,13.756452537615857,109.064453125,7.796287536621094e-05,3.159151077270508,1.3765558417295989,0.5685963655741268,66,27993,1575.1843567583046,289.5851703406814,2.09808349609375e-05,3.159151077270508,1.4144532412410262,0.9401709770626164,1,27993,1110.356672160034,198.16419386745795,2.09808349609375e-05,1.6777710914611816,0.6974502129129844,0.3666281736129555,Malicious,iodine_txt-32-baseline,AdGuard
