flow_id,src2dst_min_length,src2dst_max_length,src2dst_stddev_length,src2dst_mean_length,src2dst_min_time,src2dst_max_time,src2dst_mean_time,src2dst_stddev_time,dst2src_min_length,dst2src_max_length,dst2src_stddev_length,dst2src_mean_length,dst2src_min_time,dst2src_max_time,dst2src_mean_time,dst2src_stddev_time,bidirectional_min_length,bidirectional_max_length,bidirectional_stddev_length,bidirectional_mean_length,bidirectional_min_time,bidirectional_max_time,bidirectional_mean_time,bidirectional_stddev_time,label,type,doh_server
"(('176.103.130.130', 443), ('192.168.20.209', 52508))",1,280,14.025474971226483,109.11860940695297,7.200241088867188e-05,3.1560630798339844,1.3986669959592037,0.5430254085606803,66,40865,2505.397747581182,360.5340206185567,2.5987625122070312e-05,3.1560630798339844,1.412124192419131,0.9447532214518625,1,40865,1772.4335543774712,234.3100616016427,2.5987625122070312e-05,1.2630949020385742,0.7024616362012057,0.3592550512786243,Malicious,iodine_srv-64-baseline,AdGuard
"(('176.103.130.130', 443), ('192.168.20.209', 52514))",1,280,14.169139150877001,109.2210953346856,7.009506225585938e-05,3.156838893890381,1.3876527804669325,0.5789765672502066,66,51215,2430.5856736443266,338.43006263048017,3.0994415283203125e-05,3.156838893890381,1.4301603932759752,0.9895947682478644,1,51215,1710.1348334044728,222.17489711934155,1.8835067749023438e-05,2.002542018890381,0.7040613336003281,0.3654792469861695,Malicious,iodine_srv-64-baseline,AdGuard
"(('176.103.130.130', 443), ('192.168.20.209', 52518))",1,280,14.471680346789364,108.88679245283019,6.794929504394531e-05,3.1588380336761475,1.4325303109754033,0.573527544294016,66,47602,2226.47806747371,320.9023354564756,1.8835067749023438e-05,3.1588380336761475,1.4534895171510411,0.9065335577668621,1,47602,1572.977276114198,214.22362869198312,1.8835067749023438e-05,1.8482470512390137,0.7214013032198204,0.3590699112992281,Malicious,iodine_srv-64-baseline,AdGuard
