flow_id,src2dst_min_length,src2dst_max_length,src2dst_stddev_length,src2dst_mean_length,src2dst_min_time,src2dst_max_time,src2dst_mean_time,src2dst_stddev_time,dst2src_min_length,dst2src_max_length,dst2src_stddev_length,dst2src_mean_length,dst2src_min_time,dst2src_max_time,dst2src_mean_time,dst2src_stddev_time,bidirectional_min_length,bidirectional_max_length,bidirectional_stddev_length,bidirectional_mean_length,bidirectional_min_time,bidirectional_max_time,bidirectional_mean_time,bidirectional_stddev_time,label,type,doh_server
"(('176.103.130.130', 443), ('192.168.20.207', 35304))",1,280,13.757622891333591,109.17254901960784,7.390975952148438e-05,3.104357957839966,1.4222110765153626,0.5423304095168745,66,33013,1703.5188901144718,320.4153543307087,9.059906005859375e-06,3.104357957839966,1.4238147058430508,0.9275459941031422,1,33013,1208.0514473737837,214.58644400785855,9.059906005859375e-06,1.2271978855133057,0.7118047570760271,0.364217283645157,Malicious,iodine_srv-32-baseline,AdGuard
"(('176.103.130.130', 443), ('192.168.20.207', 35308))",1,280,13.763552032746091,108.92687747035573,6.890296936035156e-05,3.1570489406585693,1.4324851961419134,0.5880090671061176,66,37512,1741.5917503081516,300.3916500994036,1.0967254638671875e-05,3.1570489406585693,1.4410922332588896,0.9933448570924213,1,37512,1233.4185785375346,204.37462834489594,1.0967254638671875e-05,1.2623670101165771,0.7177134783021988,0.35576716905982253,Malicious,iodine_srv-32-baseline,AdGuard
"(('176.103.130.130', 443), ('192.168.20.207', 35312))",1,280,13.523526797214599,108.93516699410608,6.699562072753906e-05,3.156926155090332,1.4233079782621127,0.5689023752210796,66,54504,3204.180612104381,420.7726358148893,1.0013580322265625e-05,3.156926155090332,1.4556651250008614,0.9170716530879177,1,54504,2257.554691002416,262.99403578528825,6.9141387939453125e-06,2.002596855163574,0.7194432367732869,0.35611597617289537,Malicious,iodine_srv-32-baseline,AdGuard
