flow_id,src2dst_min_length,src2dst_max_length,src2dst_stddev_length,src2dst_mean_length,src2dst_min_time,src2dst_max_time,src2dst_mean_time,src2dst_stddev_time,dst2src_min_length,dst2src_max_length,dst2src_stddev_length,dst2src_mean_length,dst2src_min_time,dst2src_max_time,dst2src_mean_time,dst2src_stddev_time,bidirectional_min_length,bidirectional_max_length,bidirectional_stddev_length,bidirectional_mean_length,bidirectional_min_time,bidirectional_max_time,bidirectional_mean_time,bidirectional_stddev_time,label,type,doh_server
"(('176.103.130.130', 443), ('192.168.20.210', 47896))",1,280,14.459599847835172,109.1880341880342,0.00011491775512695312,3.156919002532959,1.4222184560028337,0.5844347604811649,66,62592,2916.3364673161423,339.6301969365427,2.8848648071289062e-05,3.156919002532959,1.4520751708432247,1.007188016051559,1,62592,2053.1241119391348,223.0389189189189,2.8848648071289062e-05,1.801645040512085,0.7188052153174496,0.3559346325636442,Malicious,iodine_srv-64-baseline,AdGuard
"(('176.103.130.130', 443), ('192.168.20.210', 47900))",1,280,16.33159585448269,110.38842975206612,7.796287536621094e-05,3.1585190296173096,1.375059648083357,0.5809860094520191,66,56838,2684.771686400453,351.114406779661,2.09808349609375e-05,3.1585190296173096,1.4079093523086257,0.9666318485240323,1,56838,1890.3388631227715,229.2405857740586,2.09808349609375e-05,1.089148998260498,0.695449015732211,0.3595414668176712,Malicious,iodine_srv-64-baseline,AdGuard
"(('176.103.130.130', 443), ('192.168.20.210', 47904))",1,280,14.125681567524657,108.85620915032679,6.079673767089844e-05,3.156688928604126,1.4456960478203786,0.5743849941825061,66,50803,2381.7845197284455,321.5934065934066,1.3828277587890625e-05,3.156688928604126,1.4609803481249033,0.9429446185069614,1,50803,1683.879352244928,214.75929978118162,1.3828277587890625e-05,1.3252570629119873,0.7265192945319486,0.34660320610205625,Malicious,iodine_srv-64-baseline,AdGuard
