flow_id,src2dst_min_length,src2dst_max_length,src2dst_stddev_length,src2dst_mean_length,src2dst_min_time,src2dst_max_time,src2dst_mean_time,src2dst_stddev_time,dst2src_min_length,dst2src_max_length,dst2src_stddev_length,dst2src_mean_length,dst2src_min_time,dst2src_max_time,dst2src_mean_time,dst2src_stddev_time,bidirectional_min_length,bidirectional_max_length,bidirectional_stddev_length,bidirectional_mean_length,bidirectional_min_time,bidirectional_max_time,bidirectional_mean_time,bidirectional_stddev_time,label,type,doh_server
"(('176.103.130.130', 443), ('192.168.20.205', 58334))",1,280,12.877560216903778,108.66843971631205,8.797645568847656e-05,3.0540080070495605,1.3588866840247362,0.6059938974380106,66,57238,3209.760824094759,384.22744360902254,2.4080276489257812e-05,3.0540080070495605,1.4388357102309692,0.9457153921973542,1,57238,2240.5205236797265,242.42518248175182,2.384185791015625e-05,1.9578220844268799,0.6986787242976498,0.357336015217877,Malicious,iodine_txt-64-baseline,AdGuard
"(('176.103.130.130', 443), ('192.168.20.205', 58338))",1,280,13.231881472200318,109.02218114602587,5.888938903808594e-05,3.161350965499878,1.4141863187154133,0.5705474440426079,66,61319,3357.1564379403503,425.6466165413534,1.5974044799804688e-05,3.161350965499878,1.4362184898103474,0.9614629061016038,1,61319,2369.204966306468,266.00652376514444,1.5974044799804688e-05,1.4166309833526611,0.7123699739797792,0.35420620078216436,Malicious,iodine_txt-64-baseline,AdGuard
"(('176.103.130.130', 443), ('192.168.20.205', 58342))",1,280,13.816966415100577,109.15779467680608,6.508827209472656e-05,3.1570708751678467,1.4546528666360037,0.5860600193929177,66,65056,3912.753230995769,433.09090909090907,1.0013580322265625e-05,3.1570708751678467,1.4804399826729944,0.9530683152944941,1,65056,2759.545855045958,269.7267497603068,1.0013580322265625e-05,1.9171600341796875,0.7331420096234488,0.34518347893689033,Malicious,iodine_txt-64-baseline,AdGuard
