flow_id,src2dst_min_length,src2dst_max_length,src2dst_stddev_length,src2dst_mean_length,src2dst_min_time,src2dst_max_time,src2dst_mean_time,src2dst_stddev_time,dst2src_min_length,dst2src_max_length,dst2src_stddev_length,dst2src_mean_length,dst2src_min_time,dst2src_max_time,dst2src_mean_time,dst2src_stddev_time,bidirectional_min_length,bidirectional_max_length,bidirectional_stddev_length,bidirectional_mean_length,bidirectional_min_time,bidirectional_max_time,bidirectional_mean_time,bidirectional_stddev_time,label,type,doh_server
"(('176.103.130.130', 443), ('192.168.20.210', 48098))",1,280,14.120854247705225,109.06021505376344,7.486343383789062e-05,3.1570401191711426,1.4305837611699928,0.5947883335792407,66,52221,2448.666413522064,314.1069868995633,4.1961669921875e-05,3.1570401191711426,1.4502457528980346,0.9388369612376095,1,52221,1727.9635106489864,210.80606717226436,4.1961669921875e-05,1.8588340282440186,0.7199467084412978,0.35675892523561054,Malicious,iodine_null-64-baseline,AdGuard
"(('176.103.130.130', 443), ('192.168.20.210', 48102))",1,280,14.459622773012912,108.85714285714286,6.389617919921875e-05,3.1569390296936035,1.4590794562243155,0.5864669730698732,66,27786,1377.1656932902456,267.9647577092511,3.504753112792969e-05,3.1569390296936035,1.464438914200065,0.9647462659872527,1,27786,976.5668963733565,188.32343234323432,3.504753112792969e-05,1.3609619140625,0.7306363769039709,0.3499045383474953,Malicious,iodine_null-64-baseline,AdGuard
"(('176.103.130.130', 443), ('192.168.20.210', 48106))",1,280,14.376233481823183,109.5084388185654,6.413459777832031e-05,3.156841993331909,1.4061873191002812,0.5760627201310438,66,64417,3086.5069891747485,362.0238611713666,3.600120544433594e-05,3.156841993331909,1.441515104667,0.9581580147481469,1,64417,2170.962509595094,234.01069518716577,3.600120544433594e-05,2.0026369094848633,0.7121269827991787,0.35948741402279794,Malicious,iodine_null-64-baseline,AdGuard
