flow_id,src2dst_min_length,src2dst_max_length,src2dst_stddev_length,src2dst_mean_length,src2dst_min_time,src2dst_max_time,src2dst_mean_time,src2dst_stddev_time,dst2src_min_length,dst2src_max_length,dst2src_stddev_length,dst2src_mean_length,dst2src_min_time,dst2src_max_time,dst2src_mean_time,dst2src_stddev_time,bidirectional_min_length,bidirectional_max_length,bidirectional_stddev_length,bidirectional_mean_length,bidirectional_min_time,bidirectional_max_time,bidirectional_mean_time,bidirectional_stddev_time,label,type,doh_server
"(('176.103.130.130', 443), ('192.168.20.206', 40452))",1,280,13.607364194824012,109.40181818181819,8.296966552734375e-05,3.157557964324951,1.3554369760558471,0.6155879786599907,66,53662,2503.501169814649,331.43461538461537,1.71661376953125e-05,3.157557964324951,1.435482423888925,0.9299444442986261,1,53662,1748.8015263507423,217.30560747663552,1.6927719116210938e-05,1.3176181316375732,0.6969588371612292,0.36716468919496936,Malicious,iodine_txt-64-baseline,AdGuard
"(('176.103.130.130', 443), ('192.168.20.206', 40456))",1,280,14.194310191072077,109.48449612403101,8.916854858398438e-05,3.0537779331207275,1.4425131297805933,0.5537283918138821,66,27155,1217.3593365776717,253.8657587548638,5.0067901611328125e-06,3.0537779331207275,1.4497628946285732,0.9319361853196931,1,27155,863.0501027439582,181.5349514563107,5.0067901611328125e-06,2.0026679039001465,0.7227943877321175,0.3574277506305122,Malicious,iodine_txt-64-baseline,AdGuard
"(('176.103.130.130', 443), ('192.168.20.206', 40460))",1,280,13.873438157225719,109.23135755258126,7.104873657226562e-05,3.158143997192383,1.4242943411129187,0.5740005952575322,66,42015,2950.710355143804,414.8167641325536,1.71661376953125e-05,3.158143997192383,1.450103580020368,0.9316136185106215,1,42015,2082.0100114387205,260.5492277992278,1.71661376953125e-05,1.460996150970459,0.7183397546482547,0.34933155953850936,Malicious,iodine_txt-64-baseline,AdGuard
