flow_id,src2dst_min_length,src2dst_max_length,src2dst_stddev_length,src2dst_mean_length,src2dst_min_time,src2dst_max_time,src2dst_mean_time,src2dst_stddev_time,dst2src_min_length,dst2src_max_length,dst2src_stddev_length,dst2src_mean_length,dst2src_min_time,dst2src_max_time,dst2src_mean_time,dst2src_stddev_time,bidirectional_min_length,bidirectional_max_length,bidirectional_stddev_length,bidirectional_mean_length,bidirectional_min_time,bidirectional_max_time,bidirectional_mean_time,bidirectional_stddev_time,label,type,doh_server
"(('176.103.130.130', 443), ('192.168.20.209', 52150))",1,280,14.210161558735535,109.05197505197505,7.104873657226562e-05,3.1042838096618652,1.4288758665323258,0.5599604827886866,66,65241,4013.512068002287,451.2,1.71661376953125e-05,3.1042838096618652,1.4447929260599965,0.9495451571989528,1,65241,2834.2472245555014,279.05230125523013,1.71661376953125e-05,1.5743660926818848,0.7181784460057763,0.3553689687651425,Malicious,iodine_txt-32-baseline,AdGuard
"(('176.103.130.130', 443), ('192.168.20.209', 52154))",1,280,14.338476013424385,109.35318275154005,6.508827209472656e-05,3.161259889602661,1.4079032120881256,0.5824537888236087,66,62281,3619.0443774518994,429.77100840336135,1.9073486328125e-05,3.161259889602661,1.4383421727230674,0.9819228732875417,1,62281,2549.4518476828885,267.73208722741435,1.9073486328125e-05,1.2067890167236328,0.7112691903064752,0.36146514574413113,Malicious,iodine_txt-32-baseline,AdGuard
"(('176.103.130.130', 443), ('192.168.20.209', 52158))",1,280,13.824577294438201,109.02226720647774,6.699562072753906e-05,3.105931043624878,1.3871500424390875,0.5664273594157266,66,53097,3072.3859956149377,387.81837160751564,1.7881393432617188e-05,3.105931043624878,1.4319316024062025,0.9481667071352217,1,53097,2160.2177815418536,246.27132579650566,1.7881393432617188e-05,1.2615418434143066,0.7042082570217274,0.3633188969838277,Malicious,iodine_txt-32-baseline,AdGuard
