flow_id,src2dst_min_length,src2dst_max_length,src2dst_stddev_length,src2dst_mean_length,src2dst_min_time,src2dst_max_time,src2dst_mean_time,src2dst_stddev_time,dst2src_min_length,dst2src_max_length,dst2src_stddev_length,dst2src_mean_length,dst2src_min_time,dst2src_max_time,dst2src_mean_time,dst2src_stddev_time,bidirectional_min_length,bidirectional_max_length,bidirectional_stddev_length,bidirectional_mean_length,bidirectional_min_time,bidirectional_max_time,bidirectional_mean_time,bidirectional_stddev_time,label,type,doh_server
"(('176.103.130.130', 443), ('192.168.20.208', 37182))",1,280,13.784936233538078,109.33531746031746,7.200241088867188e-05,3.104112148284912,1.4009675169085887,0.5814918064297887,66,45146,2028.28580000011,282.510162601626,3.0040740966796875e-05,3.104112148284912,1.4360145930117356,0.9712837249460233,1,45146,1428.2091243067946,194.87951807228916,3.0040740966796875e-05,1.554321050643921,0.7086533438620256,0.3639564436632431,Malicious,iodine_null-32-baseline,AdGuard
"(('176.103.130.130', 443), ('192.168.20.208', 37186))",1,280,14.354121536428382,109.19502074688796,9.608268737792969e-05,3.157017946243286,1.4602478963173848,0.5732069494608458,66,61860,3845.2022861433898,461.51565762004174,2.193450927734375e-05,3.157017946243286,1.4713467279737464,0.9287966098324705,1,61860,2720.4498485302433,284.8054110301769,2.193450927734375e-05,2.0025761127471924,0.7326361147065957,0.3498860475544001,Malicious,iodine_null-32-baseline,AdGuard
"(('176.103.130.130', 443), ('192.168.20.208', 37190))",1,280,13.874461575138692,109.354,7.319450378417969e-05,3.156785011291504,1.4106063087860903,0.5479059741665026,66,63042,2905.2851893729135,348.7105263157895,2.193450927734375e-05,3.156785011291504,1.4281522840805518,0.9710947378120081,1,63042,2051.6542877546776,228.30985915492957,2.193450927734375e-05,1.728856086730957,0.7090697120443692,0.3556858545507318,Malicious,iodine_null-32-baseline,AdGuard
