flow_id,src2dst_min_length,src2dst_max_length,src2dst_stddev_length,src2dst_mean_length,src2dst_min_time,src2dst_max_time,src2dst_mean_time,src2dst_stddev_time,dst2src_min_length,dst2src_max_length,dst2src_stddev_length,dst2src_mean_length,dst2src_min_time,dst2src_max_time,dst2src_mean_time,dst2src_stddev_time,bidirectional_min_length,bidirectional_max_length,bidirectional_stddev_length,bidirectional_mean_length,bidirectional_min_time,bidirectional_max_time,bidirectional_mean_time,bidirectional_stddev_time,label,type,doh_server
"(('176.103.130.130', 443), ('192.168.20.209', 52386))",1,280,14.168645810698164,109.0,7.390975952148438e-05,3.157118082046509,1.4359588377615984,0.592028827203129,66,57351,3199.3618045282615,406.14255319148936,2.9802322387695312e-05,3.157118082046509,1.459092168665644,0.9680573085352782,1,57351,2258.8272573918503,256.4730728616684,2.9802322387695312e-05,1.479295015335083,0.7234048752653675,0.3543905997312305,Malicious,iodine_srv-32-baseline,AdGuard
"(('176.103.130.130', 443), ('192.168.20.209', 52390))",1,280,14.215995222319316,109.21008403361344,7.295608520507812e-05,3.104463815689087,1.435783379203395,0.563952946152781,66,64465,3044.2625712518484,371.5147058823529,2.5033950805664062e-05,3.104463815689087,1.437526747552972,0.9726718134233089,1,64465,2156.633783766576,240.36239495798318,2.5033950805664062e-05,1.8595390319824219,0.7180357814211199,0.36013115707058463,Malicious,iodine_srv-32-baseline,AdGuard
"(('176.103.130.130', 443), ('192.168.20.209', 52394))",1,280,14.28115410628688,108.52765957446809,8.20159912109375e-05,3.105225086212158,1.456954492434764,0.566071966379963,66,22950,1115.2781988407166,266.3484848484849,2.8133392333984375e-05,3.105225086212158,1.4824853124432347,0.8996575909269559,1,22950,789.2487461552427,186.7607296137339,2.8133392333984375e-05,1.6879558563232422,0.7341060021253969,0.3496634568266506,Malicious,iodine_srv-32-baseline,AdGuard
