flow_id,src2dst_min_length,src2dst_max_length,src2dst_stddev_length,src2dst_mean_length,src2dst_min_time,src2dst_max_time,src2dst_mean_time,src2dst_stddev_time,dst2src_min_length,dst2src_max_length,dst2src_stddev_length,dst2src_mean_length,dst2src_min_time,dst2src_max_time,dst2src_mean_time,dst2src_stddev_time,bidirectional_min_length,bidirectional_max_length,bidirectional_stddev_length,bidirectional_mean_length,bidirectional_min_time,bidirectional_max_time,bidirectional_mean_time,bidirectional_stddev_time,label,type,doh_server
"(('176.103.130.130', 443), ('192.168.20.212', 54180))",1,280,67.63807893651492,92.41666666666667,8.416175842285156e-05,180.19113111495972,16.479285283522174,51.77039519264452,19,45213,14610.644908726272,5902.866666666667,9.059906005859375e-06,180.19113111495972,12.946086287498474,46.331473496531096,1,45213,11266.46054490391,3320.4444444444443,9.059906005859375e-06,179.99626278877258,6.97200531225938,34.60494450885495,Malicious,iodine_txt-64-baseline,AdGuard
"(('176.103.130.130', 443), ('192.168.20.212', 54184))",1,280,70.54627459692064,93.36363636363636,6.4849853515625e-05,180.22189712524414,18.111846208572388,54.036752650825655,19,59171,15177.479794862827,5005.071428571428,4.315376281738281e-05,180.22189712524414,13.930091766210703,47.942074327056794,1,59171,11616.619931529136,2843.92,4.315376281738281e-05,180.00599884986877,7.546602586905162,35.960358289042844,Malicious,iodine_txt-64-baseline,AdGuard
"(('176.103.130.130', 443), ('192.168.20.212', 54188))",1,280,70.54627459692064,93.36363636363636,9.608268737792969e-05,180.21580004692078,18.109484910964966,54.035502136231386,19,55933,15612.848810011763,6209.5,6.9141387939453125e-06,180.21580004692078,13.928283452987671,47.94040476908958,1,55933,12071.68140732682,3518.4,6.9141387939453125e-06,179.99842190742493,7.545618712902069,35.95897963308288,Malicious,iodine_txt-64-baseline,AdGuard
