flow_id,src2dst_min_length,src2dst_max_length,src2dst_stddev_length,src2dst_mean_length,src2dst_min_time,src2dst_max_time,src2dst_mean_time,src2dst_stddev_time,dst2src_min_length,dst2src_max_length,dst2src_stddev_length,dst2src_mean_length,dst2src_min_time,dst2src_max_time,dst2src_mean_time,dst2src_stddev_time,bidirectional_min_length,bidirectional_max_length,bidirectional_stddev_length,bidirectional_mean_length,bidirectional_min_time,bidirectional_max_time,bidirectional_mean_time,bidirectional_stddev_time,label,type,doh_server
"(('176.103.130.130', 443), ('192.168.20.205', 58226))",1,280,13.966064766792979,109.40331491712708,8.296966552734375e-05,3.156553030014038,1.4129956424016354,0.5687432668735282,66,64566,3950.414188830117,470.2761194029851,1.4066696166992188e-05,3.156553030014038,1.429561061502617,0.8845397110641728,1,64566,2790.146784928691,288.66913809082484,1.4066696166992188e-05,1.239171028137207,0.7104300910776312,0.35978497954317146,Malicious,iodine_txt-32-baseline,AdGuard
"(('176.103.130.130', 443), ('192.168.20.205', 58230))",1,280,17.648290266599737,110.97459165154265,6.389617919921875e-05,3.1572771072387695,1.3887097345698964,0.6120327963392559,66,60854,3481.892796195329,440.55970149253733,1.9788742065429688e-05,3.1572771072387695,1.429656110300082,0.9411101418079293,1,60854,2450.6016972684984,273.493100275989,1.9788742065429688e-05,1.7471599578857422,0.7043216235071256,0.36332415070001833,Malicious,iodine_txt-32-baseline,AdGuard
"(('176.103.130.130', 443), ('192.168.20.205', 58234))",1,280,13.611351564551649,109.28838951310861,6.008148193359375e-05,3.1890909671783447,1.432842847777576,0.5615336218218444,66,59842,3670.0395765281964,455.640977443609,2.09808349609375e-05,3.1890909671783447,1.43630264034379,0.9276688667010498,1,59842,2598.4693022979063,282.13977485928706,2.09808349609375e-05,2.0025320053100586,0.7170941200614536,0.3585634790819156,Malicious,iodine_txt-32-baseline,AdGuard
