flow_id,src2dst_min_length,src2dst_max_length,src2dst_stddev_length,src2dst_mean_length,src2dst_min_time,src2dst_max_time,src2dst_mean_time,src2dst_stddev_time,dst2src_min_length,dst2src_max_length,dst2src_stddev_length,dst2src_mean_length,dst2src_min_time,dst2src_max_time,dst2src_mean_time,dst2src_stddev_time,bidirectional_min_length,bidirectional_max_length,bidirectional_stddev_length,bidirectional_mean_length,bidirectional_min_time,bidirectional_max_time,bidirectional_mean_time,bidirectional_stddev_time,label,type,doh_server
"(('176.103.130.130', 443), ('192.168.20.204', 35978))",1,280,14.778248523883555,109.74074074074075,6.103515625e-05,3.15686297416687,1.3831547136441558,0.5608387686654852,66,37423,2040.8009550986496,317.17241379310343,4.291534423828125e-05,3.15686297416687,1.4253356638821688,0.9325738690095214,1,37423,1436.4879124054498,211.9722719141324,2.9087066650390625e-05,1.8726558685302734,0.7018454798439729,0.3624409520245298,Malicious,iodine_txt-64-baseline,AdGuard
"(('176.103.130.130', 443), ('192.168.20.204', 35982))",1,280,13.689289327921655,109.30852994555354,8.106231689453125e-05,3.157140016555786,1.4236221712285821,0.5411420103227211,66,30439,1295.8762717086472,244.81066176470588,1.4781951904296875e-05,3.157140016555786,1.4430749359271364,0.9270878750576759,1,30439,915.9499778130212,176.62648401826485,1.4781951904296875e-05,1.4439849853515625,0.716286175647645,0.35321650872009414,Malicious,iodine_txt-64-baseline,AdGuard
"(('176.103.130.130', 443), ('192.168.20.204', 35986))",1,280,13.760809224326135,109.31549815498155,6.4849853515625e-05,3.1571028232574463,1.4459150573462523,0.56106503111811,66,47955,2080.655890405793,290.9794776119403,2.7894973754882812e-05,3.1571028232574463,1.464365717629406,0.9306727416360134,1,47955,1469.9871428592214,199.64192949907235,2.7894973754882812e-05,2.002685070037842,0.7274492107947446,0.35374885641911263,Malicious,iodine_txt-64-baseline,AdGuard
