flow_id,src2dst_min_length,src2dst_max_length,src2dst_stddev_length,src2dst_mean_length,src2dst_min_time,src2dst_max_time,src2dst_mean_time,src2dst_stddev_time,dst2src_min_length,dst2src_max_length,dst2src_stddev_length,dst2src_mean_length,dst2src_min_time,dst2src_max_time,dst2src_mean_time,dst2src_stddev_time,bidirectional_min_length,bidirectional_max_length,bidirectional_stddev_length,bidirectional_mean_length,bidirectional_min_time,bidirectional_max_time,bidirectional_mean_time,bidirectional_stddev_time,label,type,doh_server
"(('176.103.130.130', 443), ('192.168.20.204', 36356))",1,280,13.453379617233502,109.05434782608695,5.888938903808594e-05,3.1587939262390137,1.4219869386046422,0.5929022739707825,66,58884,2796.1541038315713,346.49626865671644,6.9141387939453125e-06,3.1587939262390137,1.464723814759299,0.9462045753438227,1,58884,1966.197732902325,226.02941176470588,6.9141387939453125e-06,1.6524600982666016,0.7209329521754738,0.35394854867875153,Malicious,iodine_null-32-baseline,AdGuard
"(('176.103.130.130', 443), ('192.168.20.204', 36360))",1,280,13.76005312424912,109.35859519408503,7.987022399902344e-05,3.312556028366089,1.4491987369678638,0.5904811161848,66,64442,3629.114951659303,437.0731707317073,8.106231689453125e-06,3.312556028366089,1.4727270733144946,0.9283088824273423,1,64442,2561.8604006207734,271.9953445065177,8.106231689453125e-06,2.002526044845581,0.7302121462826404,0.35267061679795586,Malicious,iodine_null-32-baseline,AdGuard
"(('176.103.130.130', 443), ('192.168.20.204', 36364))",1,280,13.878278782198372,109.3485401459854,8.0108642578125e-05,2.8740968704223633,1.4303094804613856,0.5397296021102231,66,11763,502.56618221356945,210.71454880294658,1.2874603271484375e-05,2.8740968704223633,1.445253016324061,0.957780034546572,1,11763,358.2918880322436,159.79926672777268,1.2874603271484375e-05,1.4948139190673828,0.7186737108668056,0.35915746318993236,Malicious,iodine_null-32-baseline,AdGuard
