flow_id,src2dst_min_length,src2dst_max_length,src2dst_stddev_length,src2dst_mean_length,src2dst_min_time,src2dst_max_time,src2dst_mean_time,src2dst_stddev_time,dst2src_min_length,dst2src_max_length,dst2src_stddev_length,dst2src_mean_length,dst2src_min_time,dst2src_max_time,dst2src_mean_time,dst2src_stddev_time,bidirectional_min_length,bidirectional_max_length,bidirectional_stddev_length,bidirectional_mean_length,bidirectional_min_time,bidirectional_max_time,bidirectional_mean_time,bidirectional_stddev_time,label,type,doh_server
"(('176.103.130.130', 443), ('192.168.20.207', 35444))",1,280,13.75203763339033,109.42911877394636,7.200241088867188e-05,3.158527135848999,1.386539967641263,0.5843149045160477,66,23031,1570.2696767259495,318.99209486166006,1.811981201171875e-05,3.158527135848999,1.4325451704535155,0.9869502700811706,1,23031,1106.6875209060272,212.57976653696497,1.811981201171875e-05,1.0040419101715088,0.7044422152908311,0.3568151113769412,Malicious,iodine_srv-64-baseline,AdGuard
"(('176.103.130.130', 443), ('192.168.20.207', 35448))",1,280,16.197731310934696,109.93893129770993,7.319450378417969e-05,3.1562860012054443,1.3825773996787134,0.6015855631082293,122,38793,1780.337412293662,304.98591549295776,4.00543212890625e-05,3.1562860012054443,1.4541733707151105,0.994000212644455,1,38793,1246.005604260056,204.88344760039178,4.00543212890625e-05,1.7240400314331055,0.7089097843450658,0.35669318795226046,Malicious,iodine_srv-64-baseline,AdGuard
"(('176.103.130.130', 443), ('192.168.20.207', 35454))",1,280,13.908036121533245,109.18650793650794,6.794929504394531e-05,3.1567938327789307,1.4383845149167251,0.5623200040407341,66,46492,3229.4665750649815,451.26506024096386,1.0967254638671875e-05,3.1567938327789307,1.4536800542827584,0.9145908882655905,1,46492,2283.167087485865,279.2015968063872,1.0967254638671875e-05,1.5532960891723633,0.722784626376736,0.3549114443105244,Malicious,iodine_srv-64-baseline,AdGuard
