flow_id,src2dst_min_length,src2dst_max_length,src2dst_stddev_length,src2dst_mean_length,src2dst_min_time,src2dst_max_time,src2dst_mean_time,src2dst_stddev_time,dst2src_min_length,dst2src_max_length,dst2src_stddev_length,dst2src_mean_length,dst2src_min_time,dst2src_max_time,dst2src_mean_time,dst2src_stddev_time,bidirectional_min_length,bidirectional_max_length,bidirectional_stddev_length,bidirectional_mean_length,bidirectional_min_time,bidirectional_max_time,bidirectional_mean_time,bidirectional_stddev_time,label,type,doh_server
"(('176.103.130.130', 443), ('192.168.20.210', 47552))",1,280,14.468479554963087,109.30277185501066,6.818771362304688e-05,3.1616809368133545,1.4232717176787875,0.5966128448095022,66,29406,1615.4991361751242,295.6381578947368,3.0994415283203125e-05,3.1616809368133545,1.4616764110523266,0.9546915587895265,1,29406,1138.140577931376,201.16108108108108,3.0994415283203125e-05,2.002552032470703,0.720877882980165,0.35757892906052086,Malicious,iodine_txt-32-baseline,AdGuard
"(('176.103.130.130', 443), ('192.168.20.210', 47556))",1,280,13.952053046400035,108.65509761388286,8.106231689453125e-05,3.15848708152771,1.442877621754356,0.5900931093063019,66,59477,3444.1175199744694,433.76200873362444,2.3126602172851562e-05,3.15848708152771,1.456227612443252,0.9358051392773066,1,59477,2436.8283822165336,270.6779107725789,2.3126602172851562e-05,1.2079291343688965,0.7249704879872939,0.3500685625302947,Malicious,iodine_txt-32-baseline,AdGuard
"(('176.103.130.130', 443), ('192.168.20.210', 47560))",1,280,13.989002540487506,108.96502057613169,7.915496826171875e-05,3.159876823425293,1.3713078144899349,0.6033268781015599,66,57167,2651.258481083398,323.66379310344826,2.6941299438476562e-05,3.159876823425293,1.4342444710288655,0.9213965237927715,1,57167,1856.0207924857987,213.82842105263157,1.4066696166992188e-05,2.0026509761810303,0.700826438385267,0.3706316982950798,Malicious,iodine_txt-32-baseline,AdGuard
