flow_id,src2dst_min_length,src2dst_max_length,src2dst_stddev_length,src2dst_mean_length,src2dst_min_time,src2dst_max_time,src2dst_mean_time,src2dst_stddev_time,dst2src_min_length,dst2src_max_length,dst2src_stddev_length,dst2src_mean_length,dst2src_min_time,dst2src_max_time,dst2src_mean_time,dst2src_stddev_time,bidirectional_min_length,bidirectional_max_length,bidirectional_stddev_length,bidirectional_mean_length,bidirectional_min_time,bidirectional_max_time,bidirectional_mean_time,bidirectional_stddev_time,label,type,doh_server
"(('176.103.130.130', 443), ('192.168.20.209', 52620))",1,280,14.125901741127894,108.83,6.794929504394531e-05,3.3147401809692383,1.3710600503222021,0.5897066293807293,66,64461,3328.080404832309,392.3056133056133,4.100799560546875e-05,3.3147401809692383,1.426162343720595,0.9423322874170709,1,64461,2334.7338756853633,247.82262996941895,2.7894973754882812e-05,2.0026001930236816,0.6985559796800419,0.37035137649299343,Malicious,iodine_null-32-baseline,AdGuard
"(('176.103.130.130', 443), ('192.168.20.209', 52624))",1,280,14.129594983094977,109.17991631799163,6.508827209472656e-05,3.157089948654175,1.4347559645990655,0.5953503413332675,66,62921,3297.8391999965206,393.72317596566523,3.0994415283203125e-05,3.157089948654175,1.4722276021075504,0.9255994703272352,1,62921,2321.4403383199588,249.64300847457628,3.0994415283203125e-05,2.002589225769043,0.7259945472502886,0.3610669999096173,Malicious,iodine_null-32-baseline,AdGuard
"(('176.103.130.130', 443), ('192.168.20.209', 52628))",1,280,14.29941347834159,109.35135135135135,7.915496826171875e-05,2.7848451137542725,1.422720168530941,0.542518269314619,66,64525,3328.2761793049553,392.8067940552017,4.100799560546875e-05,2.7848451137542725,1.450802650857479,0.9417851483918561,1,64525,2345.361222700807,249.5903361344538,3.886222839355469e-05,1.8509180545806885,0.7180921986276043,0.3586691942649226,Malicious,iodine_null-32-baseline,AdGuard
