flow_id,src2dst_min_length,src2dst_max_length,src2dst_stddev_length,src2dst_mean_length,src2dst_min_time,src2dst_max_time,src2dst_mean_time,src2dst_stddev_time,dst2src_min_length,dst2src_max_length,dst2src_stddev_length,dst2src_mean_length,dst2src_min_time,dst2src_max_time,dst2src_mean_time,dst2src_stddev_time,bidirectional_min_length,bidirectional_max_length,bidirectional_stddev_length,bidirectional_mean_length,bidirectional_min_time,bidirectional_max_time,bidirectional_mean_time,bidirectional_stddev_time,label,type,doh_server
"(('176.103.130.130', 443), ('192.168.20.212', 54082))",1,280,70.54627459692064,93.36363636363636,8.106231689453125e-05,180.17050194740295,18.107277703285217,54.02114119142865,19,22018,6005.903752363424,2471.214285714286,3.504753112792969e-05,180.17050194740295,13.926596311422495,47.94116585403036,1,22018,4647.049700444359,1424.96,3.504753112792969e-05,179.99938893318176,7.544699043035507,35.95936807793666,Malicious,iodine_txt-32-baseline,AdGuard
"(('176.103.130.130', 443), ('192.168.20.212', 54086))",1,280,70.54627459692064,93.36363636363636,7.200241088867188e-05,180.15412092208862,18.109697389602662,54.01488738476886,19,43477,14909.140463220567,6277.928571428572,2.7894973754882812e-05,180.15412092208862,13.928441762924194,47.939967937063614,1,43477,11571.727945367536,3556.72,2.7894973754882812e-05,179.99704909324646,7.545707245667775,35.95867884470518,Malicious,iodine_txt-32-baseline,AdGuard
"(('176.103.130.130', 443), ('192.168.20.212', 54090))",1,280,70.54627459692064,93.36363636363636,6.4849853515625e-05,180.21486496925354,18.102372002601623,54.0375488560904,19,32985,10949.695884557055,4657.5,2.7179718017578125e-05,180.21486496925354,13.922356843948364,47.9422327313574,1,32985,8501.57059146132,2649.28,2.7179718017578125e-05,179.99886989593506,7.54265500108401,35.959678754747934,Malicious,iodine_txt-32-baseline,AdGuard
