flow_id,src2dst_min_length,src2dst_max_length,src2dst_stddev_length,src2dst_mean_length,src2dst_min_time,src2dst_max_time,src2dst_mean_time,src2dst_stddev_time,dst2src_min_length,dst2src_max_length,dst2src_stddev_length,dst2src_mean_length,dst2src_min_time,dst2src_max_time,dst2src_mean_time,dst2src_stddev_time,bidirectional_min_length,bidirectional_max_length,bidirectional_stddev_length,bidirectional_mean_length,bidirectional_min_time,bidirectional_max_time,bidirectional_mean_time,bidirectional_stddev_time,label,type,doh_server
"(('176.103.130.130', 443), ('192.168.20.208', 36810))",1,280,13.503755861878833,108.99417475728156,7.987022399902344e-05,3.1580588817596436,1.3697828810502584,0.5952211617473782,66,45340,2099.7004371676976,312.133064516129,1.9073486328125e-05,3.1580588817596436,1.4224978726319593,0.9481521696078727,1,45340,1474.2283449924782,208.65479723046488,1.9073486328125e-05,1.0030748844146729,0.6971914277218356,0.3608129605745489,Malicious,iodine_txt-64-baseline,AdGuard
"(('176.103.130.130', 443), ('192.168.20.208', 36814))",1,280,14.162114589914765,109.46336633663367,7.510185241699219e-05,3.157384157180786,1.3976024663637554,0.56643330952873,66,41302,2525.814952407372,350.35437881873725,2.8133392333984375e-05,3.157384157180786,1.4375390388527696,0.9393342537748669,1,41302,1777.5373398518602,228.21586345381527,2.8133392333984375e-05,1.538280963897705,0.7079610311805303,0.3614708885307148,Malicious,iodine_txt-64-baseline,AdGuard
"(('176.103.130.130', 443), ('192.168.20.208', 36818))",1,280,14.306135027981272,109.35555555555555,7.200241088867188e-05,3.1842899322509766,1.4231948924933369,0.5907127304287396,66,31178,1939.8475453763617,331.41078838174275,1.0967254638671875e-05,3.1842899322509766,1.4628930290126998,0.9633176722525965,1,31178,1367.076268683608,218.90583418628455,1.0967254638671875e-05,2.0025410652160645,0.7209856598103632,0.3475168521926297,Malicious,iodine_txt-64-baseline,AdGuard
