flow_id,src2dst_min_length,src2dst_max_length,src2dst_stddev_length,src2dst_mean_length,src2dst_min_time,src2dst_max_time,src2dst_mean_time,src2dst_stddev_time,dst2src_min_length,dst2src_max_length,dst2src_stddev_length,dst2src_mean_length,dst2src_min_time,dst2src_max_time,dst2src_mean_time,dst2src_stddev_time,bidirectional_min_length,bidirectional_max_length,bidirectional_stddev_length,bidirectional_mean_length,bidirectional_min_time,bidirectional_max_time,bidirectional_mean_time,bidirectional_stddev_time,label,type,doh_server
"(('176.103.130.130', 443), ('192.168.20.211', 43740))",1,280,14.7913257002955,109.49583333333334,6.103515625e-05,3.1573479175567627,1.3467524907783077,0.5962422133418281,66,48147,2913.1933452331605,418.47391304347826,7.867813110351562e-06,3.1573479175567627,1.4060578626744888,0.971447610446075,1,48147,2043.7787349000173,260.69787234042553,7.867813110351562e-06,1.2649109363555908,0.6873957722331769,0.36833774410612513,Malicious,iodine_txt-64-baseline,AdGuard
"(('176.103.130.130', 443), ('192.168.20.211', 43744))",1,280,15.095364046573609,109.28571428571429,6.29425048828125e-05,2.9466381072998047,1.4188767556051851,0.5780061653656309,66,18662,1193.8175458202475,269.1681614349776,1.7881393432617188e-05,2.9466381072998047,1.4452607165561633,0.9178062606667627,1,18662,843.7932853254404,188.42841287458378,1.7881393432617188e-05,2.0025479793548584,0.7157444967163934,0.35488715512344304,Malicious,iodine_txt-64-baseline,AdGuard
"(('176.103.130.130', 443), ('192.168.20.211', 43748))",1,280,14.307364920515406,109.21826280623608,8.20159912109375e-05,3.1576180458068848,1.432938834918397,0.5916955879732796,66,58736,2788.0450373680414,323.4227272727273,2.002716064453125e-05,3.1576180458068848,1.4646021141278174,0.9664233449469865,1,58736,1964.3889080882473,215.23622047244095,2.002716064453125e-05,1.6580898761749268,0.7240848063348649,0.34856222903054246,Malicious,iodine_txt-64-baseline,AdGuard
