flow_id,src2dst_min_length,src2dst_max_length,src2dst_stddev_length,src2dst_mean_length,src2dst_min_time,src2dst_max_time,src2dst_mean_time,src2dst_stddev_time,dst2src_min_length,dst2src_max_length,dst2src_stddev_length,dst2src_mean_length,dst2src_min_time,dst2src_max_time,dst2src_mean_time,dst2src_stddev_time,bidirectional_min_length,bidirectional_max_length,bidirectional_stddev_length,bidirectional_mean_length,bidirectional_min_time,bidirectional_max_time,bidirectional_mean_time,bidirectional_stddev_time,label,type,doh_server
"(('176.103.130.130', 443), ('192.168.20.212', 54472))",1,280,70.54627459692064,93.36363636363636,7.414817810058594e-05,180.16921496391296,18.108697605133056,54.02024264209746,19,54236,13883.910299482694,4470.285714285715,8.106231689453125e-06,180.16921496391296,13.927697236721333,47.941480508277536,1,54236,10614.605277936622,2544.44,8.106231689453125e-06,180.00156998634338,7.54529066880544,35.959702235796605,Malicious,iodine_null-32-baseline,AdGuard
"(('176.103.130.130', 443), ('192.168.20.212', 54476))",1,280,70.54627459692064,93.36363636363636,8.106231689453125e-05,180.19619798660278,18.10598928928375,54.03013201903351,19,32431,8304.286532648457,2491.4285714285716,6.9141387939453125e-06,180.19619798660278,13.92558899292579,47.94171042085286,1,32431,6327.513252581934,1436.28,6.9141387939453125e-06,180.00026988983154,7.54416220386823,35.95966297988225,Malicious,iodine_null-32-baseline,AdGuard
"(('176.103.130.130', 443), ('192.168.20.212', 54480))",1,280,70.50608085843751,93.27272727272727,7.796287536621094e-05,180.1960141658783,18.10936861038208,54.02895812817579,19,56800,14542.004355434274,4664.571428571428,2.5987625122070312e-05,180.1960141658783,13.928196540245644,47.941088461624915,1,56800,11116.39737684831,2653.2,2.5987625122070312e-05,180.0006799697876,7.545570254325867,35.95946550015512,Malicious,iodine_null-32-baseline,AdGuard
