flow_id,src2dst_min_length,src2dst_max_length,src2dst_stddev_length,src2dst_mean_length,src2dst_min_time,src2dst_max_time,src2dst_mean_time,src2dst_stddev_time,dst2src_min_length,dst2src_max_length,dst2src_stddev_length,dst2src_mean_length,dst2src_min_time,dst2src_max_time,dst2src_mean_time,dst2src_stddev_time,bidirectional_min_length,bidirectional_max_length,bidirectional_stddev_length,bidirectional_mean_length,bidirectional_min_time,bidirectional_max_time,bidirectional_mean_time,bidirectional_stddev_time,label,type,doh_server
"(('176.103.130.130', 443), ('192.168.20.204', 36094))",1,280,13.848062697655577,109.12939001848429,7.510185241699219e-05,3.001274824142456,1.4520972534462258,0.5595797429270193,66,43752,1887.9069714640739,289.65671641791045,2.002716064453125e-05,3.001274824142456,1.4637456746858972,0.9280146277540002,1,43752,1334.940680862831,198.97400185701022,2.002716064453125e-05,1.3535709381103516,0.7287476922499646,0.34955617534125305,Malicious,iodine_srv-32-baseline,AdGuard
"(('176.103.130.130', 443), ('192.168.20.204', 36098))",1,280,13.595864571268425,109.19056261343013,7.200241088867188e-05,3.1053218841552734,1.4250868199088356,0.5654393182468941,66,8481,494.9490905820314,232.86106032906764,1.6927719116210938e-05,3.1053218841552734,1.4355757620745089,0.9571207675362344,1,8481,354.9047607176174,170.80054644808743,1.6927719116210938e-05,1.6802659034729004,0.7145407056417266,0.36186470549550404,Malicious,iodine_srv-32-baseline,AdGuard
"(('176.103.130.130', 443), ('192.168.20.204', 36102))",1,280,13.46135873384919,108.88065099457505,7.295608520507812e-05,3.103778839111328,1.4183446790861047,0.5574592086213392,66,35387,1525.379621898284,272.70500927643786,2.5033950805664062e-05,3.103778839111328,1.4567847881175329,0.9290978584729113,1,35387,1074.8378890849679,189.74267399267399,2.5033950805664062e-05,1.8322160243988037,0.7184025911318939,0.3579466966733543,Malicious,iodine_srv-32-baseline,AdGuard
