flow_id,src2dst_min_length,src2dst_max_length,src2dst_stddev_length,src2dst_mean_length,src2dst_min_time,src2dst_max_time,src2dst_mean_time,src2dst_stddev_time,dst2src_min_length,dst2src_max_length,dst2src_stddev_length,dst2src_mean_length,dst2src_min_time,dst2src_max_time,dst2src_mean_time,dst2src_stddev_time,bidirectional_min_length,bidirectional_max_length,bidirectional_stddev_length,bidirectional_mean_length,bidirectional_min_time,bidirectional_max_time,bidirectional_mean_time,bidirectional_stddev_time,label,type,doh_server
"(('176.103.130.130', 443), ('192.168.20.205', 58788))",1,280,13.451252858210253,108.97137404580153,8.392333984375e-05,3.156151056289673,1.4597128741371928,0.5680240242140125,66,57213,2715.636054984104,361.2003816793893,2.193450927734375e-05,3.156151056289673,1.4577463671536564,0.9532231758909944,1,57213,1924.405084107683,235.08587786259542,2.193450927734375e-05,1.1870989799499512,0.7291593440054936,0.3504382513448528,Malicious,iodine_null-64-baseline,AdGuard
"(('176.103.130.130', 443), ('192.168.20.205', 58792))",1,280,13.782056166299068,109.23033707865169,7.104873657226562e-05,3.1569299697875977,1.4336384425243787,0.5858122782522859,66,41934,2032.618210457102,304.9392789373814,2.47955322265625e-05,3.1569299697875977,1.4531663348013004,1.0200265352299387,1,41934,1435.9004371275228,206.4392082940622,2.47955322265625e-05,1.238846778869629,0.7211250669551346,0.3531636817822175,Malicious,iodine_null-64-baseline,AdGuard
"(('176.103.130.130', 443), ('192.168.20.205', 58796))",1,280,13.72167968160215,109.33333333333333,7.081031799316406e-05,3.156558036804199,1.400690475516363,0.560211207421165,66,16176,771.7935895433641,230.6368715083799,2.6941299438476562e-05,3.156558036804199,1.418555522587762,0.9827910643977198,1,16176,546.9286208531817,169.48107109879962,7.152557373046875e-06,1.2396199703216553,0.7055233910872624,0.3628964000753307,Malicious,iodine_null-64-baseline,AdGuard
