flow_id,src2dst_min_length,src2dst_max_length,src2dst_stddev_length,src2dst_mean_length,src2dst_min_time,src2dst_max_time,src2dst_mean_time,src2dst_stddev_time,dst2src_min_length,dst2src_max_length,dst2src_stddev_length,dst2src_mean_length,dst2src_min_time,dst2src_max_time,dst2src_mean_time,dst2src_stddev_time,bidirectional_min_length,bidirectional_max_length,bidirectional_stddev_length,bidirectional_mean_length,bidirectional_min_time,bidirectional_max_time,bidirectional_mean_time,bidirectional_stddev_time,label,type,doh_server
"(('176.103.130.130', 443), ('192.168.20.211', 44150))",1,280,14.304855028192808,109.06787330316742,8.20159912109375e-05,3.1584930419921875,1.4592092880586378,0.5684206850842765,66,17107,835.5664093833569,235.04761904761904,2.5987625122070312e-05,3.1584930419921875,1.4601883882826026,0.9240254439369973,1,17107,593.9363779954584,171.98640996602492,2.5987625122070312e-05,1.3004200458526611,0.7296046440293189,0.3517060994764591,Malicious,iodine_null-64-baseline,AdGuard
"(('176.103.130.130', 443), ('192.168.20.211', 44154))",1,280,14.370607176361199,109.13777777777777,9.679794311523438e-05,3.1035799980163574,1.4326147597722858,0.5555223271031501,66,18305,1043.3059381115231,254.57111111111112,4.1961669921875e-05,3.1035799980163574,1.4327444228403818,1.0321887071818132,1,18305,741.3734625921018,181.85444444444445,4.1961669921875e-05,1.485253095626831,0.715605431589587,0.3557090446472813,Malicious,iodine_null-64-baseline,AdGuard
"(('176.103.130.130', 443), ('192.168.20.211', 44158))",1,280,14.807321507131393,109.31096196868009,9.918212890625e-05,3.157417058944702,1.4445942330253498,0.5534293909477149,66,52722,2480.122839293669,305.75223214285717,2.47955322265625e-05,3.157417058944702,1.4390616443599897,0.9770481522707725,1,52722,1757.469133169948,207.6413407821229,1.3113021850585938e-05,1.897853136062622,0.7206812392945258,0.35866891827884007,Malicious,iodine_null-64-baseline,AdGuard
