flow_id,src2dst_min_length,src2dst_max_length,src2dst_stddev_length,src2dst_mean_length,src2dst_min_time,src2dst_max_time,src2dst_mean_time,src2dst_stddev_time,dst2src_min_length,dst2src_max_length,dst2src_stddev_length,dst2src_mean_length,dst2src_min_time,dst2src_max_time,dst2src_mean_time,dst2src_stddev_time,bidirectional_min_length,bidirectional_max_length,bidirectional_stddev_length,bidirectional_mean_length,bidirectional_min_time,bidirectional_max_time,bidirectional_mean_time,bidirectional_stddev_time,label,type,doh_server
"(('176.103.130.130', 443), ('192.168.20.206', 40560))",1,280,13.733447379243655,108.64922480620154,7.104873657226562e-05,3.1591579914093018,1.4461229222492107,0.5530765436103647,66,63904,2912.7861190097424,358.3150684931507,2.3126602172851562e-05,3.1591579914093018,1.4582833865109612,0.9162137125122256,1,63904,2058.442607329488,232.87439143135344,2.3126602172851562e-05,1.7922601699829102,0.7258804141894186,0.35798335955099286,Malicious,iodine_srv-32-baseline,AdGuard
"(('176.103.130.130', 443), ('192.168.20.206', 40564))",1,280,13.625354624547496,108.95201535508637,7.295608520507812e-05,3.157305955886841,1.428027038849317,0.5760393483830454,66,18276,812.7185249445288,242.58058252427185,1.71661376953125e-05,3.157305955886841,1.4466758034108678,0.9247555084786508,1,18276,576.9752023186862,175.37934362934362,1.71661376953125e-05,1.6963310241699219,0.7184718300179007,0.35862189765219554,Malicious,iodine_srv-32-baseline,AdGuard
"(('176.103.130.130', 443), ('192.168.20.206', 40568))",1,280,13.546988341166138,108.96324951644101,7.796287536621094e-05,3.141296863555908,1.441187091113985,0.6060110311410225,66,29648,1720.56488969316,308.05566600397617,2.5987625122070312e-05,3.141296863555908,1.479330410520394,0.9342853260164329,1,29648,1212.376297753657,207.14313725490197,2.5987625122070312e-05,1.8490698337554932,0.7297865937338727,0.3522101358736564,Malicious,iodine_srv-32-baseline,AdGuard
