flow_id,src2dst_min_length,src2dst_max_length,src2dst_stddev_length,src2dst_mean_length,src2dst_min_time,src2dst_max_time,src2dst_mean_time,src2dst_stddev_time,dst2src_min_length,dst2src_max_length,dst2src_stddev_length,dst2src_mean_length,dst2src_min_time,dst2src_max_time,dst2src_mean_time,dst2src_stddev_time,bidirectional_min_length,bidirectional_max_length,bidirectional_stddev_length,bidirectional_mean_length,bidirectional_min_time,bidirectional_max_time,bidirectional_mean_time,bidirectional_stddev_time,label,type,doh_server
"(('176.103.130.130', 443), ('192.168.20.204', 35858))",1,280,14.976819358297142,110.82162162162162,7.081031799316406e-05,3.157557964324951,1.419962265000877,0.5812411026025672,66,50032,2346.646983125585,337.75,1.6927719116210938e-05,3.157557964324951,1.4362531684652324,0.9211301007063272,1,50032,1657.977283255171,223.56572982774253,1.6927719116210938e-05,1.311647891998291,0.7138467285031632,0.35540336413227064,Malicious,iodine_txt-32-baseline,AdGuard
"(('176.103.130.130', 443), ('192.168.20.204', 35862))",1,280,13.711910183315727,109.27848101265823,7.414817810058594e-05,3.158217191696167,1.418225313010423,0.5858648731662286,66,38500,1650.4575745909654,266.1722222222222,1.3113021850585938e-05,3.158217191696167,1.4560283747586338,0.8993070390519937,1,38500,1162.7784648550598,186.79231473010063,1.3113021850585938e-05,1.609947919845581,0.7187053148563092,0.3565271641312648,Malicious,iodine_txt-32-baseline,AdGuard
"(('176.103.130.130', 443), ('192.168.20.204', 35866))",1,280,13.313965957246634,109.03577817531306,7.200241088867188e-05,3.156949043273926,1.4026423244066135,0.5609561741512062,66,22160,967.693281698884,244.1868131868132,1.6927719116210938e-05,3.156949043273926,1.4377301211750835,0.9611950658822227,1,22160,683.6389561450427,175.81628959276017,1.6927719116210938e-05,2.002610921859741,0.7097734973050546,0.37012549050327603,Malicious,iodine_txt-32-baseline,AdGuard
