flow_id,src2dst_min_length,src2dst_max_length,src2dst_stddev_length,src2dst_mean_length,src2dst_min_time,src2dst_max_time,src2dst_mean_time,src2dst_stddev_time,dst2src_min_length,dst2src_max_length,dst2src_stddev_length,dst2src_mean_length,dst2src_min_time,dst2src_max_time,dst2src_mean_time,dst2src_stddev_time,bidirectional_min_length,bidirectional_max_length,bidirectional_stddev_length,bidirectional_mean_length,bidirectional_min_time,bidirectional_max_time,bidirectional_mean_time,bidirectional_stddev_time,label,type,doh_server
"(('176.103.130.130', 443), ('192.168.20.209', 52270))",1,280,13.76570513197961,108.60396039603961,3.0994415283203125e-05,3.1569669246673584,1.3380428032269553,0.6153398579260797,66,47888,2432.3037864773105,338.7181628392484,2.1457672119140625e-06,3.1569669246673584,1.4123038073463918,0.9400386020262991,1,47888,1700.945948441948,220.6209349593496,2.1457672119140625e-06,1.5941369533538818,0.6867834352646572,0.3732853746612724,Malicious,iodine_txt-64-baseline,AdGuard
"(('176.103.130.130', 443), ('192.168.20.209', 52274))",1,280,14.265892570687686,109.16356107660455,6.008148193359375e-05,3.1584551334381104,1.4176840163860083,0.5678899199492512,66,59065,2949.963969509433,368.47058823529414,1.4066696166992188e-05,3.1584551334381104,1.4403329578198885,0.9429735765170577,1,59065,2082.3772895876577,237.87069864442128,1.4066696166992188e-05,1.4987530708312988,0.7141808413264646,0.3574648770387335,Malicious,iodine_txt-64-baseline,AdGuard
"(('176.103.130.130', 443), ('192.168.20.209', 52278))",1,280,14.201228552211077,109.14376321353066,7.605552673339844e-05,3.158525228500366,1.446919555381193,0.5372821592821895,66,49323,2331.015501078293,320.1698513800425,2.5033950805664062e-05,3.158525228500366,1.44875878476082,0.9258717523372169,1,49323,1649.9377773949373,214.43326271186442,2.5033950805664062e-05,1.3302559852600098,0.7242269672745738,0.35640910644157986,Malicious,iodine_txt-64-baseline,AdGuard
