flow_id,src2dst_min_length,src2dst_max_length,src2dst_stddev_length,src2dst_mean_length,src2dst_min_time,src2dst_max_time,src2dst_mean_time,src2dst_stddev_time,dst2src_min_length,dst2src_max_length,dst2src_stddev_length,dst2src_mean_length,dst2src_min_time,dst2src_max_time,dst2src_mean_time,dst2src_stddev_time,bidirectional_min_length,bidirectional_max_length,bidirectional_stddev_length,bidirectional_mean_length,bidirectional_min_time,bidirectional_max_time,bidirectional_mean_time,bidirectional_stddev_time,label,type,doh_server
"(('176.103.130.130', 443), ('192.168.20.212', 54276))",1,280,70.50608085843751,93.27272727272727,0.00011396408081054688,180.25070190429688,18.10852930545807,54.04744703355652,19,59647,15311.295739733847,4442.357142857143,2.9087066650390625e-05,180.25070190429688,13.92754186116732,47.94182512148382,1,59647,11659.621092574149,2528.76,2.9087066650390625e-05,180.002601146698,7.545220543940862,35.95993351639716,Malicious,iodine_srv-32-baseline,AdGuard
"(('176.103.130.130', 443), ('192.168.20.212', 54280))",1,280,59.977990754942766,102.375,8.20159912109375e-05,180.19624209403992,12.29025354385376,44.87760638788743,19,29446,8035.560177981445,2955.684210526316,1.0967254638671875e-05,180.19624209403992,10.240377280447218,41.175310576396015,1,29446,6088.878671204827,1651.3142857142857,1.0967254638671875e-05,179.999409198761,5.422170681111953,30.392183653332665,Malicious,iodine_srv-32-baseline,AdGuard
"(('176.103.130.130', 443), ('192.168.20.212', 54284))",1,280,70.54627459692064,93.36363636363636,7.295608520507812e-05,180.15513491630554,18.135341191291808,54.00676421133564,19,31684,10920.370890576705,4648.428571428572,2.7894973754882812e-05,180.15513491630554,13.948191991219154,47.93456825591571,1,31684,8479.219841471266,2644.2,2.7894973754882812e-05,179.99780702590942,7.556392163038254,35.95668275078773,Malicious,iodine_srv-32-baseline,AdGuard
