flow_id,src2dst_min_length,src2dst_max_length,src2dst_stddev_length,src2dst_mean_length,src2dst_min_time,src2dst_max_time,src2dst_mean_time,src2dst_stddev_time,dst2src_min_length,dst2src_max_length,dst2src_stddev_length,dst2src_mean_length,dst2src_min_time,dst2src_max_time,dst2src_mean_time,dst2src_stddev_time,bidirectional_min_length,bidirectional_max_length,bidirectional_stddev_length,bidirectional_mean_length,bidirectional_min_time,bidirectional_max_time,bidirectional_mean_time,bidirectional_stddev_time,label,type,doh_server
"(('176.103.130.130', 443), ('192.168.20.208', 36928))",1,280,13.755704278707476,108.86612576064908,9.298324584960938e-05,3.158612012863159,1.4286125849902145,0.5663193551971714,66,65094,3388.8656330851413,421.09611451942743,2.002716064453125e-05,3.158612012863159,1.4417695105075836,0.9068379825990678,1,65094,2396.514507380678,264.3452138492872,2.002716064453125e-05,1.5461699962615967,0.7172381141499278,0.3612927498508916,Malicious,iodine_srv-32-baseline,AdGuard
"(('176.103.130.130', 443), ('192.168.20.208', 36932))",1,280,14.559102339830282,108.6639175257732,7.581710815429688e-05,3.1580541133880615,1.4534997545983181,0.6045002458803643,66,64115,3096.5772377954104,381.3825363825364,1.5020370483398438e-05,3.1580541133880615,1.463469541569551,0.9938571037619267,1,64115,2189.347549236889,244.45859213250517,1.5020370483398438e-05,1.9856040477752686,0.7290092033425761,0.3538799903339028,Malicious,iodine_srv-32-baseline,AdGuard
"(('176.103.130.130', 443), ('192.168.20.208', 36936))",1,280,14.215005200241512,109.03909465020575,6.103515625e-05,3.157701015472412,1.450699665620155,0.5910205754060709,66,19027,865.7651915110673,241.37209302325581,2.6941299438476562e-05,3.157701015472412,1.4910968158204676,0.9333664239929425,1,19027,611.6975734921878,174.30865484880084,2.6941299438476562e-05,1.4077610969543457,0.7346814509971157,0.3433608027128564,Malicious,iodine_srv-32-baseline,AdGuard
