flow_id,src2dst_min_length,src2dst_max_length,src2dst_stddev_length,src2dst_mean_length,src2dst_min_time,src2dst_max_time,src2dst_mean_time,src2dst_stddev_time,dst2src_min_length,dst2src_max_length,dst2src_stddev_length,dst2src_mean_length,dst2src_min_time,dst2src_max_time,dst2src_mean_time,dst2src_stddev_time,bidirectional_min_length,bidirectional_max_length,bidirectional_stddev_length,bidirectional_mean_length,bidirectional_min_time,bidirectional_max_time,bidirectional_mean_time,bidirectional_stddev_time,label,type,doh_server
"(('1.1.1.1', 443), ('192.168.20.210', 39900))",1,256,12.690613761405045,109.37099236641221,0.000102996826171875,2.005486011505127,1.0149829037692568,0.21080702669402032,26,344,76.2812407319624,99.71293375394322,9.5367431640625e-07,2.005486011505127,0.5231103701392026,1.3631524395050971,1,344,62.5512748049064,103.00260010400416,9.5367431640625e-07,2.00217604637146,0.3453687924376139,0.4823525870063826,Malicious,iodine_null-64-baseline,Cloudflare
"(('1.1.1.1', 443), ('192.168.20.210', 39904))",1,256,14.532840264512856,110.48,7.009506225585938e-05,2.0074729919433594,1.0232916888544115,0.30776794985506245,26,30704,874.319583147579,125.75364667747164,1.9073486328125e-06,2.0074729919433594,0.5361688216333939,1.4230763339101764,1,30704,707.6879397180995,120.48407643312102,1.9073486328125e-06,2.0021228790283203,0.35269055022119655,0.48173850375291755,Malicious,iodine_null-64-baseline,Cloudflare
"(('1.1.1.1', 443), ('192.168.20.210', 39908))",1,256,13.025539447912388,109.70724191063174,7.510185241699219e-05,2.0030221939086914,1.0265730325086617,0.22340648552206108,26,43126,1213.5661212072005,133.58921490880255,1.9073486328125e-06,2.0030221939086914,0.5271439745312645,1.3890042091501476,1,43126,986.1562900470902,125.47434554973822,1.9073486328125e-06,2.002147912979126,0.34846481145396163,0.4833200181318408,Malicious,iodine_null-64-baseline,Cloudflare
