flow_id,src2dst_min_length,src2dst_max_length,src2dst_stddev_length,src2dst_mean_length,src2dst_min_time,src2dst_max_time,src2dst_mean_time,src2dst_stddev_time,dst2src_min_length,dst2src_max_length,dst2src_stddev_length,dst2src_mean_length,dst2src_min_time,dst2src_max_time,dst2src_mean_time,dst2src_stddev_time,bidirectional_min_length,bidirectional_max_length,bidirectional_stddev_length,bidirectional_mean_length,bidirectional_min_time,bidirectional_max_time,bidirectional_mean_time,bidirectional_stddev_time,label,type,doh_server
"(('1.1.1.1', 443), ('192.168.20.208', 34664))",1,256,12.740499157260803,109.39334341906202,6.985664367675781e-05,2.0117790699005127,1.066675966797453,0.27575010161108776,26,5669,172.1861891451219,103.96920708237106,1.1920928955078125e-06,2.0117790699005127,0.5408221800999575,1.4408439454191948,1,5669,140.3949302013027,105.7984693877551,1.1920928955078125e-06,2.0021510124206543,0.3593701572671358,0.48598961575246064,Malicious,iodine_null-32-baseline,Cloudflare
"(('1.1.1.1', 443), ('192.168.20.208', 34668))",1,256,12.823021865675546,109.45608628659475,7.700920104980469e-05,2.0131120681762695,1.0850443071053353,0.34814268502449347,26,15534,444.90448420288885,112.46327683615819,1.9073486328125e-06,2.0131120681762695,0.5654999144820674,1.4847596942310195,1,15534,360.4950593754706,111.42955508474576,9.5367431640625e-07,2.002146005630493,0.372606630102945,0.4893235524126148,Malicious,iodine_null-32-baseline,Cloudflare
"(('1.1.1.1', 443), ('192.168.20.208', 34672))",1,256,12.501353802214448,109.4633431085044,8.106231689453125e-05,2.019491195678711,1.033513540388379,0.25578172166445773,26,14372,400.69057089380544,110.27756653992395,9.5367431640625e-07,2.019491195678711,0.5340860448834377,1.4177779544986615,1,14372,325.2317004663475,109.9994992488733,9.5367431640625e-07,2.0021579265594482,0.3526165936896223,0.48351716521780946,Malicious,iodine_null-32-baseline,Cloudflare
