flow_id,src2dst_min_length,src2dst_max_length,src2dst_stddev_length,src2dst_mean_length,src2dst_min_time,src2dst_max_time,src2dst_mean_time,src2dst_stddev_time,dst2src_min_length,dst2src_max_length,dst2src_stddev_length,dst2src_mean_length,dst2src_min_time,dst2src_max_time,dst2src_mean_time,dst2src_stddev_time,bidirectional_min_length,bidirectional_max_length,bidirectional_stddev_length,bidirectional_mean_length,bidirectional_min_time,bidirectional_max_time,bidirectional_mean_time,bidirectional_stddev_time,label,type,doh_server
"(('1.1.1.1', 443), ('192.168.20.209', 58198))",1,256,14.36278101471793,110.22600619195046,6.103515625e-05,2.016784906387329,1.0606264901715656,0.3165076744704911,26,43894,1242.5708098029058,135.63483146067415,9.5367431640625e-07,2.016784906387329,0.5486638369809193,1.4743982742952824,1,43894,1008.4761723532014,126.95930232558139,9.5367431640625e-07,2.0021610260009766,0.3617684220839026,0.4860989992115893,Malicious,iodine_null-64-baseline,Cloudflare
"(('1.1.1.1', 443), ('192.168.20.209', 58202))",1,256,12.57347786411622,108.86181277860327,9.584426879882812e-05,2.0062999725341797,1.0181839196454912,0.2935428714918693,26,27745,782.8590907467008,121.40779014308426,1.9073486328125e-06,2.0062999725341797,0.5411288313383893,1.4257305771082542,1,27745,631.9492173930923,117.03521491455204,1.9073486328125e-06,2.003861904144287,0.3545179243532487,0.48199017112744114,Malicious,iodine_null-64-baseline,Cloudflare
"(('1.1.1.1', 443), ('192.168.20.209', 58210))",1,256,12.763406332831657,109.18862275449102,7.390975952148438e-05,2.004317045211792,1.0254918066994183,0.26800054747812546,26,344,76.3052880532406,99.35023771790809,1.9073486328125e-06,2.004317045211792,0.5400337097098391,1.4274038091291212,1,344,62.3340930337461,102.75544041450777,1.9073486328125e-06,2.0023159980773926,0.3545894427519502,0.4831433389457267,Malicious,iodine_null-64-baseline,Cloudflare
