flow_id,src2dst_min_length,src2dst_max_length,src2dst_stddev_length,src2dst_mean_length,src2dst_min_time,src2dst_max_time,src2dst_mean_time,src2dst_stddev_time,dst2src_min_length,dst2src_max_length,dst2src_stddev_length,dst2src_mean_length,dst2src_min_time,dst2src_max_time,dst2src_mean_time,dst2src_stddev_time,bidirectional_min_length,bidirectional_max_length,bidirectional_stddev_length,bidirectional_mean_length,bidirectional_min_time,bidirectional_max_time,bidirectional_mean_time,bidirectional_stddev_time,label,type,doh_server
"(('1.1.1.1', 443), ('192.168.20.206', 44186))",1,256,12.318272386938332,109.81742738589212,6.985664367675781e-05,2.2617430686950684,1.0314384348834982,0.28649626351711593,26,7927,224.9549091367932,107.76939811457578,9.5367431640625e-07,2.2617430686950684,0.5396810254441636,1.4256858648316002,1,7927,182.35116588016788,108.47383444338725,9.5367431640625e-07,2.002178192138672,0.354449571625838,0.48163670765581557,Malicious,iodine_txt-32-baseline,Cloudflare
"(('1.1.1.1', 443), ('192.168.20.206', 44190))",1,256,11.83042660173641,109.03172413793104,9.393692016601562e-05,2.0623600482940674,1.0285809310101672,0.19640154435057622,26,30792,813.9697913948128,122.84100418410041,9.5367431640625e-07,2.0623600482940674,0.5196769282440165,1.3710035602689183,1,30792,663.4385703321595,118.20379805465494,9.5367431640625e-07,2.0021250247955322,0.3450943416086361,0.481641233871872,Malicious,iodine_txt-32-baseline,Cloudflare
"(('1.1.1.1', 443), ('192.168.20.206', 44194))",1,256,12.371381857459426,109.1610644257703,6.914138793945312e-05,2.037621021270752,1.043866712615667,0.23956348670987893,26,51808,1386.627701262241,138.67790530846486,9.5367431640625e-07,2.037621021270752,0.5343312082407035,1.412911788453868,1,51808,1127.7118195951384,128.68026565464896,9.5367431640625e-07,2.002769947052002,0.35327002998772083,0.483782149996739,Malicious,iodine_txt-32-baseline,Cloudflare
