flow_id,src2dst_min_length,src2dst_max_length,src2dst_stddev_length,src2dst_mean_length,src2dst_min_time,src2dst_max_time,src2dst_mean_time,src2dst_stddev_time,dst2src_min_length,dst2src_max_length,dst2src_stddev_length,dst2src_mean_length,dst2src_min_time,dst2src_max_time,dst2src_mean_time,dst2src_stddev_time,bidirectional_min_length,bidirectional_max_length,bidirectional_stddev_length,bidirectional_mean_length,bidirectional_min_time,bidirectional_max_time,bidirectional_mean_time,bidirectional_stddev_time,label,type,doh_server
"(('1.1.1.1', 443), ('192.168.20.204', 42324))",1,256,12.055145585489479,109.59061277705345,9.012222290039062e-05,2.005509853363037,1.023306371960254,0.23733392103705206,26,49374,1278.7771928962566,132.38750839489592,2.1457672119140625e-06,2.005509853363037,0.5260985033806934,1.3954408087620225,1,49374,1038.9773587448497,124.63696808510639,2.1457672119140625e-06,2.0021369457244873,0.3476065103864987,0.48045283219982066,Malicious,iodine_null-64-baseline,Cloudflare
"(('1.1.1.1', 443), ('192.168.20.204', 42328))",1,256,12.28551172233548,109.37792207792208,6.29425048828125e-05,2.017982006072998,1.0208987321593206,0.2570034912171496,26,344,75.71490171944795,98.91813261163735,1.9073486328125e-06,2.017982006072998,0.5294862206755414,1.4087840612494638,1,344,62.01181582327334,102.5008896797153,1.9073486328125e-06,2.0021438598632812,0.349386348478201,0.4801217176537017,Malicious,iodine_null-64-baseline,Cloudflare
"(('1.1.1.1', 443), ('192.168.20.204', 42332))",1,256,12.328464025756007,109.37617135207496,7.390975952148438e-05,2.0109128952026367,1.0508914156829383,0.2822041007850593,26,344,75.5246788625745,99.11727528089888,1.1920928955078125e-06,2.0109128952026367,0.5495055311595731,1.4541964182369982,1,344,61.78508288496454,102.64716720405343,1.1920928955078125e-06,2.0021069049835205,0.3612741917509088,0.48428435671860887,Malicious,iodine_null-64-baseline,Cloudflare
