flow_id,src2dst_min_length,src2dst_max_length,src2dst_stddev_length,src2dst_mean_length,src2dst_min_time,src2dst_max_time,src2dst_mean_time,src2dst_stddev_time,dst2src_min_length,dst2src_max_length,dst2src_stddev_length,dst2src_mean_length,dst2src_min_time,dst2src_max_time,dst2src_mean_time,dst2src_stddev_time,bidirectional_min_length,bidirectional_max_length,bidirectional_stddev_length,bidirectional_mean_length,bidirectional_min_time,bidirectional_max_time,bidirectional_mean_time,bidirectional_stddev_time,label,type,doh_server
"(('1.1.1.1', 443), ('192.168.20.211', 48370))",1,256,12.474748023106521,109.2224,8.106231689453125e-05,2.0079522132873535,1.033114036688438,0.24358447285288828,26,26838,772.6514437081788,123.40115798180314,1.9073486328125e-06,2.0079522132873535,0.531161669666404,1.396227759454402,1,26838,627.4097743271491,118.56924754634679,1.9073486328125e-06,2.0021579265594482,0.35169839546840437,0.4843037648416251,Malicious,iodine_txt-64-baseline,Cloudflare
"(('1.1.1.1', 443), ('192.168.20.211', 48374))",1,256,12.909080741281299,109.49921752738655,6.198883056640625e-05,2.013964891433716,1.0104356208191396,0.27782628698976347,26,33695,970.1811813799184,128.8391376451078,9.5367431640625e-07,2.013964891433716,0.5333104107884451,1.4140141473479715,1,33695,784.474019274204,122.14092140921409,9.5367431640625e-07,2.0023860931396484,0.34959757379751144,0.48073933471373387,Malicious,iodine_txt-64-baseline,Cloudflare
"(('1.1.1.1', 443), ('192.168.20.211', 48378))",1,256,12.830081832933462,109.17721518987342,8.416175842285156e-05,2.0055649280548096,1.024785454790868,0.2644774643781171,26,26006,751.6768150825453,123.09916666666666,9.5367431640625e-07,2.0055649280548096,0.5376311935316631,1.4149142762500608,1,26006,608.440410932035,118.29639737991266,9.5367431640625e-07,2.002159833908081,0.35316199998527453,0.48378413924290997,Malicious,iodine_txt-64-baseline,Cloudflare
