flow_id,src2dst_min_length,src2dst_max_length,src2dst_stddev_length,src2dst_mean_length,src2dst_min_time,src2dst_max_time,src2dst_mean_time,src2dst_stddev_time,dst2src_min_length,dst2src_max_length,dst2src_stddev_length,dst2src_mean_length,dst2src_min_time,dst2src_max_time,dst2src_mean_time,dst2src_stddev_time,bidirectional_min_length,bidirectional_max_length,bidirectional_stddev_length,bidirectional_mean_length,bidirectional_min_time,bidirectional_max_time,bidirectional_mean_time,bidirectional_stddev_time,label,type,doh_server
"(('1.1.1.1', 443), ('192.168.20.208', 34792))",1,256,12.631342406338257,109.33088235294117,7.796287536621094e-05,2.006755828857422,1.0369287818801947,0.2376523942545712,26,344,76.1533742537197,99.49691358024691,9.5367431640625e-07,2.006755828857422,0.5413548224681133,1.4209423316103669,1,344,62.29242880397532,102.88107287449392,9.5367431640625e-07,2.0021519660949707,0.3564934900742543,0.4851560233530615,Malicious,iodine_null-64-baseline,Cloudflare
"(('1.1.1.1', 443), ('192.168.20.208', 34796))",1,256,12.509180628938504,109.34863701578192,7.700920104980469e-05,2.0449061393737793,1.0128180072910484,0.2862525207408008,26,344,76.19181594354953,99.82317073170732,1.1920928955078125e-06,2.0449061393737793,0.5361562920926092,1.4121532165101718,1,344,62.177110682345386,103.1279243404679,1.1920928955078125e-06,2.0021331310272217,0.35105644077418807,0.4810273659282149,Malicious,iodine_null-64-baseline,Cloudflare
"(('1.1.1.1', 443), ('192.168.20.208', 34800))",1,256,12.53534932496745,109.21764705882353,7.987022399902344e-05,2.010472059249878,1.035790561049606,0.2724743920795594,26,344,76.02869237617206,99.5848623853211,1.9073486328125e-06,2.010472059249878,0.538121751363531,1.4207579038372162,1,344,62.27204007741942,102.87977867203219,1.9073486328125e-06,2.0021419525146484,0.353971683505077,0.48367402202172727,Malicious,iodine_null-64-baseline,Cloudflare
