flow_id,src2dst_min_length,src2dst_max_length,src2dst_stddev_length,src2dst_mean_length,src2dst_min_time,src2dst_max_time,src2dst_mean_time,src2dst_stddev_time,dst2src_min_length,dst2src_max_length,dst2src_stddev_length,dst2src_mean_length,dst2src_min_time,dst2src_max_time,dst2src_mean_time,dst2src_stddev_time,bidirectional_min_length,bidirectional_max_length,bidirectional_stddev_length,bidirectional_mean_length,bidirectional_min_time,bidirectional_max_time,bidirectional_mean_time,bidirectional_stddev_time,label,type,doh_server
"(('1.1.1.1', 443), ('192.168.20.207', 51560))",1,256,12.500418058608254,109.29829545454545,0.00010919570922851562,2.0069580078125,1.03189598717018,0.2731354763227369,26,32128,891.8592579764819,129.94034302759135,9.5367431640625e-07,2.0069580078125,0.5391061604912601,1.422096849914146,1,32128,722.3147587181502,122.83422982885085,9.5367431640625e-07,2.0023720264434814,0.35490356114512556,0.4832493945256009,Malicious,iodine_txt-64-baseline,Cloudflare
"(('1.1.1.1', 443), ('192.168.20.207', 51564))",1,256,12.553269233523665,109.31404958677686,6.580352783203125e-05,2.0021350383758545,0.9982822566196836,0.2576876672346483,26,50075,1465.3794947561648,156.59893455098936,9.5367431640625e-07,2.0021350383758545,0.5504464583821816,1.426709008532381,1,50075,1176.3104628234234,139.77107843137256,9.5367431640625e-07,2.0021350383758545,0.35495568222131957,0.4807325798156402,Malicious,iodine_txt-64-baseline,Cloudflare
"(('1.1.1.1', 443), ('192.168.20.207', 51568))",1,256,12.52025717071545,109.5068870523416,6.29425048828125e-05,2.002126932144165,0.9997312552353431,0.22204589196753213,26,13365,392.1571885640162,122.85942760942761,1.9073486328125e-06,2.002126932144165,0.6081009696488031,1.4690294764206453,1,13365,309.12068325478515,117.79467084639498,1.9073486328125e-06,2.002126932144165,0.37888403557011174,0.4888170335070378,Malicious,iodine_txt-64-baseline,Cloudflare
