flow_id,src2dst_min_length,src2dst_max_length,src2dst_stddev_length,src2dst_mean_length,src2dst_min_time,src2dst_max_time,src2dst_mean_time,src2dst_stddev_time,dst2src_min_length,dst2src_max_length,dst2src_stddev_length,dst2src_mean_length,dst2src_min_time,dst2src_max_time,dst2src_mean_time,dst2src_stddev_time,bidirectional_min_length,bidirectional_max_length,bidirectional_stddev_length,bidirectional_mean_length,bidirectional_min_time,bidirectional_max_time,bidirectional_mean_time,bidirectional_stddev_time,label,type,doh_server
"(('1.1.1.1', 443), ('192.168.20.207', 51948))",1,256,12.467934833793144,109.41690544412607,7.200241088867188e-05,2.0127058029174805,1.039548974126107,0.23842060098779483,26,55845,1606.598950231045,155.17728937728938,2.86102294921875e-06,2.0127058029174805,0.5282587901937646,1.397957816672324,1,55845,1307.0447941248601,139.69461948618516,2.86102294921875e-06,2.002157211303711,0.35138973567696247,0.4832393634108829,Malicious,iodine_null-32-baseline,Cloudflare
"(('1.1.1.1', 443), ('192.168.20.207', 51952))",1,256,12.502469671068566,109.20317002881845,8.296966552734375e-05,2.284122943878174,1.044207168691946,0.2459253119515165,26,55423,1789.9158069843772,166.45836403831981,1.9073486328125e-06,2.284122943878174,0.5343637102473099,1.4127658944957893,1,55423,1456.1975033677406,147.08483666504145,1.9073486328125e-06,2.0020968914031982,0.35347020242272353,0.48363806143453697,Malicious,iodine_null-32-baseline,Cloudflare
"(('1.1.1.1', 443), ('192.168.20.207', 51956))",1,256,12.550938385407473,109.50140845070422,7.200241088867188e-05,2.022226095199585,1.0218980154298425,0.2526001015119176,26,31694,1128.059221364442,142.69440353460973,9.5367431640625e-07,2.022226095199585,0.5339365105639509,1.4033990337034823,1,31694,914.2923939747515,131.29835589941973,9.5367431640625e-07,2.002146005630493,0.350541036257031,0.4818705373941948,Malicious,iodine_null-32-baseline,Cloudflare
