flow_id,src2dst_min_length,src2dst_max_length,src2dst_stddev_length,src2dst_mean_length,src2dst_min_time,src2dst_max_time,src2dst_mean_time,src2dst_stddev_time,dst2src_min_length,dst2src_max_length,dst2src_stddev_length,dst2src_mean_length,dst2src_min_time,dst2src_max_time,dst2src_mean_time,dst2src_stddev_time,bidirectional_min_length,bidirectional_max_length,bidirectional_stddev_length,bidirectional_mean_length,bidirectional_min_time,bidirectional_max_time,bidirectional_mean_time,bidirectional_stddev_time,label,type,doh_server
"(('1.1.1.1', 443), ('192.168.20.210', 39698))",1,256,12.777782532509942,109.42331288343559,7.581710815429688e-05,2.002883195877075,1.0188131581436837,0.2264751465944576,26,2879,114.40008931072502,108.90686661404894,9.5367431640625e-07,2.002883195877075,0.5222970000563828,1.378615762072132,1,2879,93.25417587963389,109.0823345492444,9.5367431640625e-07,2.0021300315856934,0.3458015463772357,0.4824566886501781,Malicious,iodine_srv-64-baseline,Cloudflare
"(('1.1.1.1', 443), ('192.168.20.210', 39702))",1,256,12.74443827992066,109.16666666666667,8.082389831542969e-05,2.0034468173980713,1.006651063971165,0.237388591753756,26,27867,782.2651933097253,128.4854673998429,9.5367431640625e-07,2.0034468173980713,0.5215183059749363,1.3817133180270533,1,27867,634.9322241666582,121.8892912571133,9.5367431640625e-07,2.002211093902588,0.3433685440948044,0.4801034087415762,Malicious,iodine_srv-64-baseline,Cloudflare
"(('1.1.1.1', 443), ('192.168.20.210', 39708))",1,256,14.62067386019999,110.49843260188088,7.104873657226562e-05,2.0397989749908447,1.0427473231424904,0.25328161514863645,26,28568,805.035260965172,130.18606492478227,9.5367431640625e-07,2.0397989749908447,0.5255238407198487,1.4034564360429866,1,28568,656.3043341372287,123.57864281956864,9.5367431640625e-07,2.0021581649780273,0.34959476044303495,0.48458109872255173,Malicious,iodine_srv-64-baseline,Cloudflare
