flow_id,src2dst_min_length,src2dst_max_length,src2dst_stddev_length,src2dst_mean_length,src2dst_min_time,src2dst_max_time,src2dst_mean_time,src2dst_stddev_time,dst2src_min_length,dst2src_max_length,dst2src_stddev_length,dst2src_mean_length,dst2src_min_time,dst2src_max_time,dst2src_mean_time,dst2src_stddev_time,bidirectional_min_length,bidirectional_max_length,bidirectional_stddev_length,bidirectional_mean_length,bidirectional_min_time,bidirectional_max_time,bidirectional_mean_time,bidirectional_stddev_time,label,type,doh_server
"(('1.1.1.1', 443), ('192.168.20.209', 57974))",1,256,12.691268008892603,109.39940828402366,6.914138793945312e-05,2.0034289360046387,1.01286353358516,0.22560540800428844,26,63138,1753.5475763131947,154.90571870170015,9.5367431640625e-07,2.0034289360046387,0.5279693566637268,1.3757094496202422,1,63138,1421.3718000109511,139.29035532994925,9.5367431640625e-07,2.0021588802337646,0.3472234053681985,0.48201678693593064,Malicious,iodine_srv-64-baseline,Cloudflare
"(('1.1.1.1', 443), ('192.168.20.209', 57980))",1,256,12.719045131937497,109.14176829268293,8.20159912109375e-05,2.055788993835449,1.0426395281580567,0.287984721623743,26,52415,1492.6266109274604,149.3663688058489,1.9073486328125e-06,2.055788993835449,0.5527717253056968,1.4438606856707938,1,52415,1205.7505627538708,135.38261791202967,1.9073486328125e-06,2.002419948577881,0.3621043960464089,0.4865327955509049,Malicious,iodine_srv-64-baseline,Cloudflare
"(('1.1.1.1', 443), ('192.168.20.209', 57984))",1,256,12.80968859759701,109.22970903522206,5.888938903808594e-05,2.2859909534454346,1.0459154570029556,0.2312672421456677,26,27463,765.0841452777298,127.83294663573086,1.9073486328125e-06,2.2859909534454346,0.5270264604512382,1.3890519707437037,1,27463,623.750427970788,121.59044193216855,1.9073486328125e-06,2.2843048572540283,0.3506102200338957,0.4867966214217387,Malicious,iodine_srv-64-baseline,Cloudflare
