flow_id,src2dst_min_length,src2dst_max_length,src2dst_stddev_length,src2dst_mean_length,src2dst_min_time,src2dst_max_time,src2dst_mean_time,src2dst_stddev_time,dst2src_min_length,dst2src_max_length,dst2src_stddev_length,dst2src_mean_length,dst2src_min_time,dst2src_max_time,dst2src_mean_time,dst2src_stddev_time,bidirectional_min_length,bidirectional_max_length,bidirectional_stddev_length,bidirectional_mean_length,bidirectional_min_time,bidirectional_max_time,bidirectional_mean_time,bidirectional_stddev_time,label,type,doh_server
"(('1.1.1.1', 443), ('192.168.20.210', 39354))",1,256,12.708998651480936,109.15360983102919,7.700920104980469e-05,2.4860100746154785,1.0225627444340633,0.2639379191757589,26,45066,1281.9459513189631,138.42139384116695,1.9073486328125e-06,2.4860100746154785,0.5398669496166542,1.4068316042658664,1,45066,1037.3419970972282,128.31352785145887,1.9073486328125e-06,2.0021328926086426,0.3533293465646715,0.48349972242376615,Malicious,iodine_txt-32-baseline,Cloudflare
"(('1.1.1.1', 443), ('192.168.20.210', 39358))",1,256,12.78514918331712,109.38354037267081,5.984306335449219e-05,2.0082480907440186,1.034021248899018,0.22690476801324574,26,53327,1496.8210934648894,143.83346487766377,9.5367431640625e-07,2.0082480907440186,0.5251892070634671,1.3861134546672558,1,53327,1218.918501377205,132.2239665096808,9.5367431640625e-07,2.002213954925537,0.3481182235697801,0.48318911790521984,Malicious,iodine_txt-32-baseline,Cloudflare
"(('1.1.1.1', 443), ('192.168.20.210', 39362))",1,256,12.856964430509754,109.4064914992272,6.389617919921875e-05,2.0068929195404053,1.0295529815803741,0.27501784961872777,26,4572,149.40606874910014,105.55332798716921,9.5367431640625e-07,2.0068929195404053,0.5313568281706417,1.408562650880755,1,4572,121.47679974628548,106.86958817317846,9.5367431640625e-07,2.0021581649780273,0.35134243322816777,0.4829836624510244,Malicious,iodine_txt-32-baseline,Cloudflare
