flow_id,src2dst_min_length,src2dst_max_length,src2dst_stddev_length,src2dst_mean_length,src2dst_min_time,src2dst_max_time,src2dst_mean_time,src2dst_stddev_time,dst2src_min_length,dst2src_max_length,dst2src_stddev_length,dst2src_mean_length,dst2src_min_time,dst2src_max_time,dst2src_mean_time,dst2src_stddev_time,bidirectional_min_length,bidirectional_max_length,bidirectional_stddev_length,bidirectional_mean_length,bidirectional_min_time,bidirectional_max_time,bidirectional_mean_time,bidirectional_stddev_time,label,type,doh_server
"(('1.1.1.1', 443), ('192.168.20.205', 44142))",1,256,12.283571949123184,109.31057563587684,7.796287536621094e-05,2.0082499980926514,1.0244930186795804,0.23421494266435902,26,37404,982.2591697891949,125.25172413793103,9.5367431640625e-07,2.0082499980926514,0.5267453175565142,1.3932023157378064,1,37404,798.0534915467376,119.83158852981339,9.5367431640625e-07,2.0021791458129883,0.3480290491507136,0.48134438047800426,Malicious,iodine_null-64-baseline,Cloudflare
"(('1.1.1.1', 443), ('192.168.20.205', 44146))",1,256,12.365783989384159,109.59224598930481,7.796287536621094e-05,2.0404231548309326,1.0230037055341115,0.2871805976597575,26,53411,1425.8170114193858,137.3804425410421,9.5367431640625e-07,2.0404231548309326,0.5436884943076542,1.4267335568011352,1,53411,1151.33598203934,127.70823638901815,9.5367431640625e-07,2.0022568702697754,0.3557652551368628,0.4812826438796646,Malicious,iodine_null-64-baseline,Cloudflare
"(('1.1.1.1', 443), ('192.168.20.205', 44150))",1,256,12.47954064857703,109.39480874316939,7.200241088867188e-05,2.0386691093444824,1.04546922730682,0.27834162952406893,26,33391,890.1394903097759,122.5674715909091,9.5367431640625e-07,2.0386691093444824,0.5417333311787207,1.442854008137648,1,33391,722.0893859087183,118.06168224299066,9.5367431640625e-07,2.0021378993988037,0.3572875199445,0.48342892457043607,Malicious,iodine_null-64-baseline,Cloudflare
