flow_id,src2dst_min_length,src2dst_max_length,src2dst_stddev_length,src2dst_mean_length,src2dst_min_time,src2dst_max_time,src2dst_mean_time,src2dst_stddev_time,dst2src_min_length,dst2src_max_length,dst2src_stddev_length,dst2src_mean_length,dst2src_min_time,dst2src_max_time,dst2src_mean_time,dst2src_stddev_time,bidirectional_min_length,bidirectional_max_length,bidirectional_stddev_length,bidirectional_mean_length,bidirectional_min_time,bidirectional_max_time,bidirectional_mean_time,bidirectional_stddev_time,label,type,doh_server
"(('1.1.1.1', 443), ('192.168.20.212', 44068))",1,256,12.138787398214653,109.59239130434783,7.510185241699219e-05,1.4729721546173096,1.1316839255351985,0.20520426737289243,26,614,84.99141460894602,108.49862511457378,6.9141387939453125e-06,1.4729721546173096,0.5722039559565553,0.5856873811738081,1,614,69.61619213050281,108.86609860012173,6.9141387939453125e-06,1.0052180290222168,0.3798534049767089,0.4332228727094452,Malicious,iodine_null-64-baseline,Cloudflare
"(('1.1.1.1', 443), ('192.168.20.212', 44072))",1,256,13.256006318303028,109.88120567375887,8.821487426757812e-05,1.4836349487304688,1.1076210747815365,0.24919489732021857,26,335,84.07678150089033,108.06930693069307,5.0067901611328125e-06,1.4836349487304688,0.5619283701922443,0.5844890265293835,1,335,68.91001633929845,108.67940298507463,5.0067901611328125e-06,1.0046210289001465,0.3726145585947709,0.42853714312661917,Malicious,iodine_null-64-baseline,Cloudflare
"(('1.1.1.1', 443), ('192.168.20.212', 44076))",1,256,12.183453919729493,109.46570397111914,0.00010395050048828125,1.244866132736206,1.1305923927541668,0.20202379982447197,26,64212,1934.6170738798476,166.0764331210191,5.9604644775390625e-06,1.244866132736206,0.5695492613293869,0.5844205209231481,1,64212,1577.698754368016,147.10344827586206,5.9604644775390625e-06,1.00484299659729,0.37856140321449855,0.4337806415546721,Malicious,iodine_null-64-baseline,Cloudflare
