flow_id,src2dst_min_length,src2dst_max_length,src2dst_stddev_length,src2dst_mean_length,src2dst_min_time,src2dst_max_time,src2dst_mean_time,src2dst_stddev_time,dst2src_min_length,dst2src_max_length,dst2src_stddev_length,dst2src_mean_length,dst2src_min_time,dst2src_max_time,dst2src_mean_time,dst2src_stddev_time,bidirectional_min_length,bidirectional_max_length,bidirectional_stddev_length,bidirectional_mean_length,bidirectional_min_time,bidirectional_max_time,bidirectional_mean_time,bidirectional_stddev_time,label,type,doh_server
"(('1.1.1.1', 443), ('192.168.20.212', 43972))",1,256,12.084248034615024,109.2007299270073,6.890296936035156e-05,1.5238988399505615,1.1412685427412907,0.19466800090720332,26,42900,1300.6014974133245,147.45211786372008,8.106231689453125e-06,1.5238988399505615,0.5744294977407851,0.5864640509256643,1,42900,1060.4875537263115,134.62362301101592,8.106231689453125e-06,1.0032069683074951,0.38228652350244097,0.43365677986574086,Malicious,iodine_null-32-baseline,Cloudflare
"(('1.1.1.1', 443), ('192.168.20.212', 43976))",1,256,12.028636279198073,109.58695652173913,7.581710815429688e-05,1.4592201709747314,1.1328011324963856,0.21351494851067976,26,33933,1027.91428165562,138.87878787878788,6.198883056640625e-06,1.4592201709747314,0.5727514909470782,0.5884320972346405,1,33933,837.5117796565034,129.02559414990858,6.198883056640625e-06,1.0037829875946045,0.380593551222871,0.43234733133177544,Malicious,iodine_null-32-baseline,Cloudflare
"(('1.1.1.1', 443), ('192.168.20.212', 43980))",1,256,12.016806072188874,109.46762589928058,9.799003601074219e-05,1.902508020401001,1.1229372918068825,0.2337387424993514,26,1425,92.679623834561,108.96051423324151,7.867813110351562e-06,1.902508020401001,0.5729484411285204,0.5891337823173466,1,1425,75.73093618677429,109.13191489361702,7.867813110351562e-06,1.0049808025360107,0.3791894750293444,0.43172040975951137,Malicious,iodine_null-32-baseline,Cloudflare
