flow_id,src2dst_min_length,src2dst_max_length,src2dst_stddev_length,src2dst_mean_length,src2dst_min_time,src2dst_max_time,src2dst_mean_time,src2dst_stddev_time,dst2src_min_length,dst2src_max_length,dst2src_stddev_length,dst2src_mean_length,dst2src_min_time,dst2src_max_time,dst2src_mean_time,dst2src_stddev_time,bidirectional_min_length,bidirectional_max_length,bidirectional_stddev_length,bidirectional_mean_length,bidirectional_min_time,bidirectional_max_time,bidirectional_mean_time,bidirectional_stddev_time,label,type,doh_server
"(('1.1.1.1', 443), ('192.168.20.205', 43580))",1,256,12.202606027932038,109.57006802721088,7.390975952148438e-05,2.2786481380462646,1.0416356471318964,0.29445123533839807,26,62034,1647.712235095142,145.65512367491166,9.5367431640625e-07,2.2786481380462646,0.539987182347407,1.4248375829800972,1,62034,1336.8483442050508,133.31906976744187,9.5367431640625e-07,2.002357006072998,0.35577504187753,0.48231088660239024,Malicious,iodine_txt-32-baseline,Cloudflare
"(('1.1.1.1', 443), ('192.168.20.205', 43584))",1,256,11.880324987947269,109.08953168044077,6.103515625e-05,2.005146026611328,1.054042328472795,0.24279380784136656,26,40601,1073.4865172338084,129.6727272727273,9.5367431640625e-07,2.005146026611328,0.5326524912017971,1.405796557002734,1,40601,874.3405416079678,122.74165120593692,9.5367431640625e-07,2.0021069049835205,0.3546082079548847,0.48475880963371576,Malicious,iodine_txt-32-baseline,Cloudflare
"(('1.1.1.1', 443), ('192.168.20.205', 43588))",1,256,12.25210361709305,109.20081967213115,7.390975952148438e-05,2.120800018310547,1.0466048058667685,0.30512131431842565,26,62858,1683.896399237747,146.411933860532,1.9073486328125e-06,2.120800018310547,0.5482366402372182,1.4499460730108393,1,62858,1363.1590890669843,133.58172397550635,1.9073486328125e-06,2.002185821533203,0.36054105235089906,0.4833475966067475,Malicious,iodine_txt-32-baseline,Cloudflare
