flow_id,src2dst_min_length,src2dst_max_length,src2dst_stddev_length,src2dst_mean_length,src2dst_min_time,src2dst_max_time,src2dst_mean_time,src2dst_stddev_time,dst2src_min_length,dst2src_max_length,dst2src_stddev_length,dst2src_mean_length,dst2src_min_time,dst2src_max_time,dst2src_mean_time,dst2src_stddev_time,bidirectional_min_length,bidirectional_max_length,bidirectional_stddev_length,bidirectional_mean_length,bidirectional_min_time,bidirectional_max_time,bidirectional_mean_time,bidirectional_stddev_time,label,type,doh_server
"(('1.1.1.1', 443), ('192.168.20.209', 57736))",1,256,12.779805614313847,109.45945945945945,8.678436279296875e-05,2.0364151000976562,1.0285326194046136,0.23568575290570798,26,25399,708.2059888422192,120.93725793958171,9.5367431640625e-07,2.0364151000976562,0.5278708798016689,1.3952680305648848,1,25399,575.2851778200337,117.03117015840573,9.5367431640625e-07,2.0021297931671143,0.3496800572106687,0.48293834363765925,Malicious,iodine_txt-64-baseline,Cloudflare
"(('1.1.1.1', 443), ('192.168.20.209', 57740))",1,256,14.232206459015465,110.14411764705882,7.510185241699219e-05,2.0029377937316895,1.0074987776676227,0.25669225315267763,26,21323,596.0238784836838,118.3232558139535,9.5367431640625e-07,2.0029377937316895,0.5283721592002733,1.3958409504061886,1,21323,482.3971890149684,115.5,9.5367431640625e-07,2.002153158187866,0.34743101576247637,0.47979832236230957,Malicious,iodine_txt-64-baseline,Cloudflare
"(('1.1.1.1', 443), ('192.168.20.209', 57744))",1,256,12.507892721161328,109.54172767203514,7.104873657226562e-05,2.368669033050537,1.0046644780642826,0.2738581199745892,26,21272,595.8349313311176,117.85981308411215,9.5367431640625e-07,2.368669033050537,0.5316915439611659,1.4010022482967892,1,21272,481.47293410575816,114.97153024911032,9.5367431640625e-07,2.0021510124206543,0.34851534793481215,0.48029934358068943,Malicious,iodine_txt-64-baseline,Cloudflare
