flow_id,src2dst_min_length,src2dst_max_length,src2dst_stddev_length,src2dst_mean_length,src2dst_min_time,src2dst_max_time,src2dst_mean_time,src2dst_stddev_time,dst2src_min_length,dst2src_max_length,dst2src_stddev_length,dst2src_mean_length,dst2src_min_time,dst2src_max_time,dst2src_mean_time,dst2src_stddev_time,bidirectional_min_length,bidirectional_max_length,bidirectional_stddev_length,bidirectional_mean_length,bidirectional_min_time,bidirectional_max_time,bidirectional_mean_time,bidirectional_stddev_time,label,type,doh_server
"(('1.1.1.1', 443), ('192.168.20.211', 48472))",1,256,12.94716056026622,109.45295055821371,7.987022399902344e-05,2.0062780380249023,1.0286643752655662,0.21840517239870727,26,5423,174.42446091073325,110.83676834295136,1.9073486328125e-06,2.0062780380249023,0.5296413455859269,1.3969567551514985,1,5423,141.8244409509154,110.36521739130434,1.9073486328125e-06,2.0021300315856934,0.35015981452759354,0.4848431660759841,Malicious,iodine_srv-32-baseline,Cloudflare
"(('1.1.1.1', 443), ('192.168.20.211', 48476))",1,256,13.135645093436224,109.60971786833856,7.104873657226562e-05,2.0274531841278076,1.0112285587813827,0.275814286526389,26,2975,118.39433057519672,109.00505902192243,1.9073486328125e-06,2.0274531841278076,0.5410405511091531,1.4268268066418963,1,2975,95.78466191578539,109.21655701754386,1.9073486328125e-06,2.0021698474884033,0.3533475545495013,0.48188876007318876,Malicious,iodine_srv-32-baseline,Cloudflare
"(('1.1.1.1', 443), ('192.168.20.211', 48480))",1,256,12.86206576796823,109.28708133971291,6.699562072753906e-05,2.006640911102295,1.0294353291630365,0.24738093079233522,26,60489,1728.6718435667783,156.12847790507365,9.5367431640625e-07,2.006640911102295,0.5278442521060128,1.398670611604615,1,60489,1405.5293884584094,140.24445646295294,9.5367431640625e-07,2.0021440982818604,0.3487631157363132,0.48352879101514284,Malicious,iodine_srv-32-baseline,Cloudflare
