flow_id,src2dst_min_length,src2dst_max_length,src2dst_stddev_length,src2dst_mean_length,src2dst_min_time,src2dst_max_time,src2dst_mean_time,src2dst_stddev_time,dst2src_min_length,dst2src_max_length,dst2src_stddev_length,dst2src_mean_length,dst2src_min_time,dst2src_max_time,dst2src_mean_time,dst2src_stddev_time,bidirectional_min_length,bidirectional_max_length,bidirectional_stddev_length,bidirectional_mean_length,bidirectional_min_time,bidirectional_max_time,bidirectional_mean_time,bidirectional_stddev_time,label,type,doh_server
"(('1.1.1.1', 443), ('192.168.20.204', 41710))",1,256,12.03622352819788,109.3112840466926,7.390975952148438e-05,2.0240259170532227,1.019995457166201,0.2612675703633854,26,9969,268.3289527286108,107.97293640054127,1.9073486328125e-06,2.0240259170532227,0.5317858524554956,1.414144933448406,1,9969,217.6404794369958,108.43174744330814,1.9073486328125e-06,2.002163887023926,0.3494059661953475,0.47911548820847283,Malicious,iodine_txt-32-baseline,Cloudflare
"(('1.1.1.1', 443), ('192.168.20.204', 41714))",1,256,12.806276545553972,109.23117569352708,7.390975952148438e-05,2.014859914779663,1.0382310303430708,0.24351359231434758,26,38363,995.3285787659888,127.25437415881561,1.9073486328125e-06,2.014859914779663,0.5278433690568815,1.3953911080357817,1,38363,810.2211580636343,121.17164511814534,1.9073486328125e-06,2.002197027206421,0.35009039203361353,0.4829033435648483,Malicious,iodine_txt-32-baseline,Cloudflare
"(('1.1.1.1', 443), ('192.168.20.204', 41718))",1,256,12.139126821975294,109.24,8.106231689453125e-05,2.0197629928588867,1.0480137447489597,0.3156248648180665,26,60816,1601.3523386446343,143.8375,9.5367431640625e-07,2.0197629928588867,0.5447836135972947,1.438628752193477,1,60816,1298.6355719517117,131.9890410958904,9.5367431640625e-07,2.0021650791168213,0.35859401316444534,0.48301204806976233,Malicious,iodine_txt-32-baseline,Cloudflare
