flow_id,src2dst_min_length,src2dst_max_length,src2dst_stddev_length,src2dst_mean_length,src2dst_min_time,src2dst_max_time,src2dst_mean_time,src2dst_stddev_time,dst2src_min_length,dst2src_max_length,dst2src_stddev_length,dst2src_mean_length,dst2src_min_time,dst2src_max_time,dst2src_mean_time,dst2src_stddev_time,bidirectional_min_length,bidirectional_max_length,bidirectional_stddev_length,bidirectional_mean_length,bidirectional_min_time,bidirectional_max_time,bidirectional_mean_time,bidirectional_stddev_time,label,type,doh_server
"(('1.1.1.1', 443), ('192.168.20.212', 43582))",1,256,11.995753465396929,109.23877917414721,0.0001289844512939453,1.4346449375152588,1.12451677871265,0.22728303489099488,26,8440,266.40243821477543,117.63577981651376,7.867813110351562e-06,1.4346449375152588,0.5742992930066377,0.5875274209624377,1,8440,216.87145352701265,114.7959927140255,7.867813110351562e-06,1.0043330192565918,0.37996863116615454,0.43170290907834774,Malicious,iodine_txt-32-baseline,Cloudflare
"(('1.1.1.1', 443), ('192.168.20.212', 43586))",1,256,12.071502067789812,109.52459016393442,9.298324584960938e-05,1.4757051467895508,1.1396472467123158,0.1940829297619568,26,42956,1295.8758231731958,148.7538742023701,9.059906005859375e-06,1.4757051467895508,0.5699608932881459,0.585651408538584,1,42956,1058.1020980721612,135.66950182260024,9.059906005859375e-06,1.003572940826416,0.379752820168585,0.43326784482101566,Malicious,iodine_txt-32-baseline,Cloudflare
"(('1.1.1.1', 443), ('192.168.20.212', 43590))",1,256,12.011721305557987,109.2741935483871,9.012222290039062e-05,1.900134801864624,1.1228930432235744,0.23289639246078073,26,363,85.74398942334373,110.02113970588235,7.152557373046875e-06,1.900134801864624,0.5755266862499023,0.6054397733871117,1,363,70.06213761044972,109.76792223572296,7.152557373046875e-06,1.0036602020263672,0.380312554379727,0.43232255980708545,Malicious,iodine_txt-32-baseline,Cloudflare
