flow_id,src2dst_min_length,src2dst_max_length,src2dst_stddev_length,src2dst_mean_length,src2dst_min_time,src2dst_max_time,src2dst_mean_time,src2dst_stddev_time,dst2src_min_length,dst2src_max_length,dst2src_stddev_length,dst2src_mean_length,dst2src_min_time,dst2src_max_time,dst2src_mean_time,dst2src_stddev_time,bidirectional_min_length,bidirectional_max_length,bidirectional_stddev_length,bidirectional_mean_length,bidirectional_min_time,bidirectional_max_time,bidirectional_mean_time,bidirectional_stddev_time,label,type,doh_server
"(('1.1.1.1', 443), ('192.168.20.212', 43776))",1,256,11.90154812874503,109.46897810218978,0.00010895729064941406,1.4757020473480225,1.1400559959725445,0.19267509550177583,26,50277,1517.9243694893864,160.36803652968035,5.9604644775390625e-06,1.4757020473480225,0.5701938364143999,0.5851931715718438,1,50277,1239.4428605626317,143.3913572732806,5.9604644775390625e-06,1.0048329830169678,0.37990789276964043,0.43361618267471247,Malicious,iodine_srv-32-baseline,Cloudflare
"(('1.1.1.1', 443), ('192.168.20.212', 43780))",1,256,11.960829778043395,109.54659498207886,8.797645568847656e-05,1.4902958869934082,1.1216588058848356,0.2249127314838603,26,7287,234.6271765399204,121.04918032786885,5.9604644775390625e-06,1.4902958869934082,0.5696487711469151,0.5863835365303338,1,7287,191.2544137033967,117.17330917874396,5.9604644775390625e-06,1.0035350322723389,0.37759582470551,0.43247290923680953,Malicious,iodine_srv-32-baseline,Cloudflare
"(('1.1.1.1', 443), ('192.168.20.212', 43784))",1,256,11.986091552922469,109.55855855855856,6.699562072753906e-05,1.4318721294403076,1.1266581500049964,0.2139670159931378,26,58849,1777.2640197039527,168.36288848263254,6.9141387939453125e-06,1.4318721294403076,0.570128357748536,0.5865733004736404,1,58849,1447.889055391943,148.5712553062462,6.9141387939453125e-06,1.0040979385375977,0.3787430916885728,0.4334021763905579,Malicious,iodine_srv-32-baseline,Cloudflare
