flow_id,src2dst_min_length,src2dst_max_length,src2dst_stddev_length,src2dst_mean_length,src2dst_min_time,src2dst_max_time,src2dst_mean_time,src2dst_stddev_time,dst2src_min_length,dst2src_max_length,dst2src_stddev_length,dst2src_mean_length,dst2src_min_time,dst2src_max_time,dst2src_mean_time,dst2src_stddev_time,bidirectional_min_length,bidirectional_max_length,bidirectional_stddev_length,bidirectional_mean_length,bidirectional_min_time,bidirectional_max_time,bidirectional_mean_time,bidirectional_stddev_time,label,type,doh_server
"(('1.1.1.1', 443), ('192.168.20.204', 42080))",1,256,12.078190407134482,109.10821382007823,6.604194641113281e-05,2.065460205078125,1.0213303513066265,0.2313969253537547,26,16762,441.3015441419314,117.70325203252033,1.9073486328125e-06,2.065460205078125,0.5283506921994484,1.3880251149487965,1,16762,358.07718792066674,114.76415514935354,1.9073486328125e-06,2.002147912979126,0.34894694429120243,0.48110670468441646,Malicious,iodine_srv-64-baseline,Cloudflare
"(('1.1.1.1', 443), ('192.168.20.204', 42086))",1,256,12.102526370750375,109.20372836218375,6.699562072753906e-05,2.049912929534912,1.0444884414672853,0.2752882476525775,26,23902,632.5770803110755,122.79291174426685,1.9073486328125e-06,2.049912929534912,0.5426607481793336,1.4286343913051371,1,23902,512.858579460681,118.13287671232877,1.9073486328125e-06,2.002171039581299,0.3578649296941361,0.4837625727985802,Malicious,iodine_srv-64-baseline,Cloudflare
"(('1.1.1.1', 443), ('192.168.20.204', 42090))",1,256,11.636785674298624,108.79527559055119,7.700920104980469e-05,2.6539039611816406,1.0289970537679425,0.22499261885483018,26,60198,1564.6596476378545,146.10554803788904,9.5367431640625e-07,2.6539039611816406,0.5301783743466407,1.3920645553461146,1,60198,1271.1045697819795,133.41339285714287,9.5367431640625e-07,2.6539039611816406,0.3497501111765321,0.47932859993431765,Malicious,iodine_srv-64-baseline,Cloudflare
