flow_id,src2dst_min_length,src2dst_max_length,src2dst_stddev_length,src2dst_mean_length,src2dst_min_time,src2dst_max_time,src2dst_mean_time,src2dst_stddev_time,dst2src_min_length,dst2src_max_length,dst2src_stddev_length,dst2src_mean_length,dst2src_min_time,dst2src_max_time,dst2src_mean_time,dst2src_stddev_time,bidirectional_min_length,bidirectional_max_length,bidirectional_stddev_length,bidirectional_mean_length,bidirectional_min_time,bidirectional_max_time,bidirectional_mean_time,bidirectional_stddev_time,label,type,doh_server
"(('1.1.1.1', 443), ('192.168.20.208', 34532))",1,256,12.592914142932328,109.25438596491227,9.989738464355469e-05,2.0679430961608887,1.0303707070441406,0.23773662374685597,26,22626,628.0580511720539,123.33562691131499,1.9073486328125e-06,2.0679430961608887,0.5353646938729669,1.4007516953110744,1,22626,509.0285110876891,118.50050200803213,1.9073486328125e-06,2.002135992050171,0.35346217624869314,0.4839949530817886,Malicious,iodine_srv-64-baseline,Cloudflare
"(('1.1.1.1', 443), ('192.168.20.208', 34538))",1,256,12.46141696072424,109.28510028653295,8.296966552734375e-05,2.0426690578460693,1.0097915866282612,0.23516869710132252,26,8367,241.04344762526756,112.35933983495875,1.9073486328125e-06,2.0426690578460693,0.5276327312171638,1.3792280414468157,1,8367,195.42100744209003,111.30280649926145,1.9073486328125e-06,2.0021278858184814,0.34671169255167394,0.48082877665649537,Malicious,iodine_srv-64-baseline,Cloudflare
"(('1.1.1.1', 443), ('192.168.20.208', 34542))",1,256,12.7048062517302,109.43620178041543,8.821487426757812e-05,2.040717840194702,1.0453354589652164,0.2206896059542412,26,56706,1556.5720006026131,149.16754716981131,1.9073486328125e-06,2.040717840194702,0.5283156534336124,1.3930489316935997,1,56706,1267.4353302712689,135.77138569284642,1.9073486328125e-06,2.002315044403076,0.35210748943122655,0.4852762736799507,Malicious,iodine_srv-64-baseline,Cloudflare
