flow_id,src2dst_min_length,src2dst_max_length,src2dst_stddev_length,src2dst_mean_length,src2dst_min_time,src2dst_max_time,src2dst_mean_time,src2dst_stddev_time,dst2src_min_length,dst2src_max_length,dst2src_stddev_length,dst2src_mean_length,dst2src_min_time,dst2src_max_time,dst2src_mean_time,dst2src_stddev_time,bidirectional_min_length,bidirectional_max_length,bidirectional_stddev_length,bidirectional_mean_length,bidirectional_min_time,bidirectional_max_time,bidirectional_mean_time,bidirectional_stddev_time,label,type,doh_server
"(('1.1.1.1', 443), ('192.168.20.208', 34292))",1,256,12.612725512185323,109.51569506726457,6.985664367675781e-05,2.00909686088562,1.0540062110581083,0.2827654589495448,26,5145,161.22607868540763,105.88249027237354,9.5367431640625e-07,2.00909686088562,0.5475295897213469,1.4451650205853972,1,5145,130.96431529991403,107.12640736949847,9.5367431640625e-07,2.0021188259124756,0.3605100609251492,0.48580436315596953,Malicious,iodine_txt-64-baseline,Cloudflare
"(('1.1.1.1', 443), ('192.168.20.208', 34296))",1,256,12.106871748540474,109.11929307805596,6.699562072753906e-05,2.020904064178467,1.0388959248860676,0.26346937321293273,26,49307,1370.1410702889248,138.82057231245167,9.5367431640625e-07,2.020904064178467,0.5420669597737929,1.425579650175293,1,49307,1109.5710717698896,128.59381338742392,9.5367431640625e-07,2.0023140907287598,0.3573675479821177,0.4841136924227491,Malicious,iodine_txt-64-baseline,Cloudflare
"(('1.1.1.1', 443), ('192.168.20.208', 34300))",1,256,12.463521972110371,109.68920863309353,7.390975952148438e-05,2.0058889389038086,1.0160424121862186,0.2852092392991156,26,384,78.98502643956792,100.96250956388677,9.5367431640625e-07,2.0058889389038086,0.5391352335490275,1.4178696098167656,1,384,64.37438058101023,103.992007992008,9.5367431640625e-07,2.0021581649780273,0.352390521767734,0.4815561217283194,Malicious,iodine_txt-64-baseline,Cloudflare
