flow_id,src2dst_min_length,src2dst_max_length,src2dst_stddev_length,src2dst_mean_length,src2dst_min_time,src2dst_max_time,src2dst_mean_time,src2dst_stddev_time,dst2src_min_length,dst2src_max_length,dst2src_stddev_length,dst2src_mean_length,dst2src_min_time,dst2src_max_time,dst2src_mean_time,dst2src_stddev_time,bidirectional_min_length,bidirectional_max_length,bidirectional_stddev_length,bidirectional_mean_length,bidirectional_min_time,bidirectional_max_time,bidirectional_mean_time,bidirectional_stddev_time,label,type,doh_server
"(('1.1.1.1', 443), ('192.168.20.206', 44628))",1,256,12.330332772173614,109.25879043600563,6.985664367675781e-05,2.0099661350250244,1.0479910266231482,0.2678218755357441,26,55252,1480.713715750445,139.0798561151079,9.5367431640625e-07,2.0099661350250244,0.5356977724016271,1.423716009860268,1,55252,1204.489387965824,128.98810090433128,9.5367431640625e-07,2.0021629333496094,0.35433386473428635,0.4836318697439497,Malicious,iodine_null-32-baseline,Cloudflare
"(('1.1.1.1', 443), ('192.168.20.206', 44632))",1,256,12.432136869115526,109.84313725490196,5.2928924560546875e-05,2.0545780658721924,1.0412344009645524,0.25844440659062085,26,38084,1023.8536497746524,126.71872740419379,9.5367431640625e-07,2.0545780658721924,0.53428285529058,1.409860231098925,1,38084,831.5461738943789,120.97281831187411,9.5367431640625e-07,2.0540549755096436,0.35419853429757914,0.4834546233657571,Malicious,iodine_null-32-baseline,Cloudflare
"(('1.1.1.1', 443), ('192.168.20.206', 44636))",1,256,12.33891722814626,109.62158469945355,7.486343383789062e-05,2.0032148361206055,1.0168549724218783,0.22135721829660376,26,13934,374.75501898323444,109.26478873239436,1.9073486328125e-06,2.0032148361206055,0.5231171106267261,1.3757122311596932,1,13934,304.50321241258314,109.38615241635688,1.9073486328125e-06,2.002293109893799,0.3455699604092948,0.48010905277584154,Malicious,iodine_null-32-baseline,Cloudflare
