flow_id,src2dst_min_length,src2dst_max_length,src2dst_stddev_length,src2dst_mean_length,src2dst_min_time,src2dst_max_time,src2dst_mean_time,src2dst_stddev_time,dst2src_min_length,dst2src_max_length,dst2src_stddev_length,dst2src_mean_length,dst2src_min_time,dst2src_max_time,dst2src_mean_time,dst2src_stddev_time,bidirectional_min_length,bidirectional_max_length,bidirectional_stddev_length,bidirectional_mean_length,bidirectional_min_time,bidirectional_max_time,bidirectional_mean_time,bidirectional_stddev_time,label,type,doh_server
"(('1.1.1.1', 443), ('192.168.20.208', 34170))",1,256,12.527387322371817,109.28654970760233,8.106231689453125e-05,2.302227020263672,1.0324558098180052,0.3036914305896304,26,34425,980.7261116738881,134.42801857585138,1.9073486328125e-06,2.302227020263672,0.5438660099744612,1.4338997869760293,1,34425,793.1469708068361,125.7252024291498,1.9073486328125e-06,2.0021729469299316,0.357046743344657,0.48260423338698016,Malicious,iodine_txt-32-baseline,Cloudflare
"(('1.1.1.1', 443), ('192.168.20.208', 34174))",1,256,12.075074789648106,109.15625,0.00012683868408203125,2.0345778465270996,1.0503807170913402,0.25177109311651774,26,61944,1705.2702158074298,148.75702353834473,1.9073486328125e-06,2.0345778465270996,0.5332717408162845,1.4070510278995774,1,61944,1387.7582520140681,135.37757667169433,1.9073486328125e-06,2.002163887023926,0.35452991004441103,0.48547416505814817,Malicious,iodine_txt-32-baseline,Cloudflare
"(('1.1.1.1', 443), ('192.168.20.208', 34178))",1,256,12.796424033403648,109.6661698956781,6.508827209472656e-05,2.0420210361480713,1.052918410657057,0.2941787876550894,26,37031,1030.4245943250467,130.79240898528272,9.5367431640625e-07,2.0420210361480713,0.5437460729318072,1.4493069349315288,1,37031,835.9464405008054,123.56727828746178,9.5367431640625e-07,2.002131938934326,0.35974264923010113,0.4836187237947344,Malicious,iodine_txt-32-baseline,Cloudflare
