flow_id,src2dst_min_length,src2dst_max_length,src2dst_stddev_length,src2dst_mean_length,src2dst_min_time,src2dst_max_time,src2dst_mean_time,src2dst_stddev_time,dst2src_min_length,dst2src_max_length,dst2src_stddev_length,dst2src_mean_length,dst2src_min_time,dst2src_max_time,dst2src_mean_time,dst2src_stddev_time,bidirectional_min_length,bidirectional_max_length,bidirectional_stddev_length,bidirectional_mean_length,bidirectional_min_time,bidirectional_max_time,bidirectional_mean_time,bidirectional_stddev_time,label,type,doh_server
"(('1.1.1.1', 443), ('192.168.20.207', 51428))",1,256,12.733208733489155,109.62800565770863,6.794929504394531e-05,2.0170819759368896,1.0272620085616286,0.2981258516264278,26,54038,1479.3831966620376,143.0870870870871,1.9073486328125e-06,2.0170819759368896,0.5441239204378078,1.4374376208178676,1,54038,1195.8349135325257,131.48553212359,1.9073486328125e-06,2.002140998840332,0.35586210895216386,0.48149966272779504,Malicious,iodine_txt-32-baseline,Cloudflare
"(('1.1.1.1', 443), ('192.168.20.207', 51432))",1,256,12.612875696885563,109.40029325513197,6.413459777832031e-05,2.0382699966430664,1.0651972805000787,0.28777768757851274,26,55284,1704.186657047914,164.70345345345345,1.9073486328125e-06,2.0382699966430664,0.5427335191722386,1.4443141725050566,1,55284,1386.1909221028543,145.97616683217478,1.9073486328125e-06,2.0020809173583984,0.36035735122729934,0.48630116015038244,Malicious,iodine_txt-32-baseline,Cloudflare
"(('1.1.1.1', 443), ('192.168.20.207', 51436))",1,256,13.531347304471863,109.99011299435028,6.318092346191406e-05,2.0095810890197754,1.0255278343864345,0.2971510054697935,26,55675,2031.1381999554444,179.92920353982302,9.5367431640625e-07,2.0095810890197754,0.5350904126888711,1.427564610422563,1,55675,1646.6746513963055,155.93846899224806,9.5367431640625e-07,2.0021159648895264,0.35146128120089526,0.4797680989736951,Malicious,iodine_txt-32-baseline,Cloudflare
