flow_id,src2dst_min_length,src2dst_max_length,src2dst_stddev_length,src2dst_mean_length,src2dst_min_time,src2dst_max_time,src2dst_mean_time,src2dst_stddev_time,dst2src_min_length,dst2src_max_length,dst2src_stddev_length,dst2src_mean_length,dst2src_min_time,dst2src_max_time,dst2src_mean_time,dst2src_stddev_time,bidirectional_min_length,bidirectional_max_length,bidirectional_stddev_length,bidirectional_mean_length,bidirectional_min_time,bidirectional_max_time,bidirectional_mean_time,bidirectional_stddev_time,label,type,doh_server
"(('1.1.1.1', 443), ('192.168.20.207', 51676))",1,256,12.951566582633166,109.55836849507736,9.202957153320312e-05,2.034493923187256,1.018129054929169,0.2588370029802448,26,57622,1745.150639637329,176.32566697332106,2.86102294921875e-06,2.034493923187256,0.6628469237526038,1.5429486680492266,1,57622,1357.3327242256203,149.92324805339265,2.86102294921875e-06,2.0021450519561768,0.4022657924316695,0.4948308907796239,Malicious,iodine_srv-32-baseline,Cloudflare
"(('1.1.1.1', 443), ('192.168.20.207', 51680))",1,256,12.418602235965787,109.2875175315568,5.888938903808594e-05,2.0047430992126465,1.016912037736914,0.2649477732298775,26,55756,1625.2442605771719,166.2274275979557,1.9073486328125e-06,2.0047430992126465,0.6146816778467541,1.5091732141998213,1,55756,1282.2571258073528,144.71277159512454,1.9073486328125e-06,2.0037598609924316,0.3839031658900757,0.48975216750266026,Malicious,iodine_srv-32-baseline,Cloudflare
"(('1.1.1.1', 443), ('192.168.20.207', 51684))",1,256,12.529884962552366,109.31844380403459,6.699562072753906e-05,2.1601970195770264,1.0443969147889989,0.23309954254395168,26,54500,1475.52106616788,147.26265590608952,9.5367431640625e-07,2.1601970195770264,0.5314131600566198,1.4072169958000988,1,54500,1201.2478144276938,134.46086533787067,9.5367431640625e-07,2.002423048019409,0.3520432377835656,0.48445963420716837,Malicious,iodine_srv-32-baseline,Cloudflare
