flow_id,src2dst_min_length,src2dst_max_length,src2dst_stddev_length,src2dst_mean_length,src2dst_min_time,src2dst_max_time,src2dst_mean_time,src2dst_stddev_time,dst2src_min_length,dst2src_max_length,dst2src_stddev_length,dst2src_mean_length,dst2src_min_time,dst2src_max_time,dst2src_mean_time,dst2src_stddev_time,bidirectional_min_length,bidirectional_max_length,bidirectional_stddev_length,bidirectional_mean_length,bidirectional_min_time,bidirectional_max_time,bidirectional_mean_time,bidirectional_stddev_time,label,type,doh_server
"(('1.1.1.1', 443), ('192.168.20.210', 39470))",1,256,13.267160258169598,109.57735247208932,8.702278137207031e-05,2.0380589962005615,1.0609122042457897,0.2888646367246271,26,22726,653.3112993564054,120.16940789473684,1.9073486328125e-06,2.0380589962005615,0.5457722212552043,1.4458299372695722,1,22726,530.7498410569054,116.56592512208356,1.9073486328125e-06,2.0021538734436035,0.3605488815732163,0.4860559896421181,Malicious,iodine_txt-64-baseline,Cloudflare
"(('1.1.1.1', 443), ('192.168.20.210', 39474))",1,256,12.819825108787908,109.2792511700468,8.416175842285156e-05,2.0374350547790527,1.038614570349455,0.2903177076425475,26,57956,1665.7765927275734,148.85761589403972,1.9073486328125e-06,2.0374350547790527,0.5490427240420691,1.4474999742447712,1,57956,1346.5766599514195,135.13683071930774,1.9073486328125e-06,2.002121925354004,0.3596933576967809,0.4853969570962864,Malicious,iodine_txt-64-baseline,Cloudflare
"(('1.1.1.1', 443), ('192.168.20.210', 39478))",1,256,12.751379180540322,109.26461538461538,7.677078247070312e-05,2.0027668476104736,1.0251501987821698,0.2446142694918004,26,38697,1087.601925518251,131.81501976284585,1.9073486328125e-06,2.0027668476104736,0.5255568440579161,1.393066552990311,1,38697,884.0520991885712,124.16083550913838,1.9073486328125e-06,2.0021560192108154,0.3476084007364829,0.4820631790257091,Malicious,iodine_txt-64-baseline,Cloudflare
