flow_id,src2dst_min_length,src2dst_max_length,src2dst_stddev_length,src2dst_mean_length,src2dst_min_time,src2dst_max_time,src2dst_mean_time,src2dst_stddev_time,dst2src_min_length,dst2src_max_length,dst2src_stddev_length,dst2src_mean_length,dst2src_min_time,dst2src_max_time,dst2src_mean_time,dst2src_stddev_time,bidirectional_min_length,bidirectional_max_length,bidirectional_stddev_length,bidirectional_mean_length,bidirectional_min_time,bidirectional_max_time,bidirectional_mean_time,bidirectional_stddev_time,label,type,doh_server
"(('1.1.1.1', 443), ('192.168.20.211', 48578))",1,256,12.944343740948828,109.44855305466238,5.817413330078125e-05,2.0044198036193848,1.0358017892269313,0.27201155911554414,26,19505,566.7138576151636,123.05847953216374,1.9073486328125e-06,2.0044198036193848,0.5361319254074607,1.4209182389445276,1,19505,459.8288625656108,118.40461792193513,1.9073486328125e-06,2.002195119857788,0.35381348245870425,0.4845035639849735,Malicious,iodine_srv-64-baseline,Cloudflare
"(('1.1.1.1', 443), ('192.168.20.211', 48584))",1,256,13.129714543240704,109.27910685805422,8.988380432128906e-05,2.004290819168091,1.0272944777156598,0.23756557414290227,26,14346,416.09669306751925,118.72950819672131,9.5367431640625e-07,2.004290819168091,0.5258962468498549,1.3903050136166692,1,14346,338.2905167011093,115.52138603140227,9.5367431640625e-07,2.00211501121521,0.34836746644095506,0.48299486965006483,Malicious,iodine_srv-64-baseline,Cloudflare
"(('1.1.1.1', 443), ('192.168.20.211', 48588))",1,256,12.982164312435495,109.40842787682334,7.796287536621094e-05,2.0055088996887207,1.0459087839374295,0.22642603783271653,26,43874,1258.4450288293342,142.51647446457991,1.9073486328125e-06,2.0055088996887207,0.5311448572100634,1.39542099515438,1,43874,1024.8535342645193,131.3599126160568,1.9073486328125e-06,2.0021209716796875,0.35207392179249414,0.48632936201945637,Malicious,iodine_srv-64-baseline,Cloudflare
