flow_id,src2dst_min_length,src2dst_max_length,src2dst_stddev_length,src2dst_mean_length,src2dst_min_time,src2dst_max_time,src2dst_mean_time,src2dst_stddev_time,dst2src_min_length,dst2src_max_length,dst2src_stddev_length,dst2src_mean_length,dst2src_min_time,dst2src_max_time,dst2src_mean_time,dst2src_stddev_time,bidirectional_min_length,bidirectional_max_length,bidirectional_stddev_length,bidirectional_mean_length,bidirectional_min_time,bidirectional_max_time,bidirectional_mean_time,bidirectional_stddev_time,label,type,doh_server
"(('1.1.1.1', 443), ('192.168.20.211', 48258))",1,256,13.07546698989173,109.43720190779014,6.985664367675781e-05,2.0095558166503906,1.0277220174005837,0.28227309785958454,26,60078,1733.8951657857554,152.53255425709517,9.5367431640625e-07,2.0095558166503906,0.5375026407695952,1.4177745138748803,1,60078,1404.2183088827587,137.69567597153804,9.5367431640625e-07,2.002171039581299,0.35345532690447234,0.4826874086886381,Malicious,iodine_txt-32-baseline,Cloudflare
"(('1.1.1.1', 443), ('192.168.20.211', 48262))",1,256,13.013933687710606,109.442088091354,8.797645568847656e-05,2.0194919109344482,1.0509918577530806,0.2451214596274593,26,4642,152.6862158710618,106.06683168316832,9.5367431640625e-07,2.0194919109344482,0.5319492377888358,1.413769412166594,1,4642,124.66703181522196,107.20054794520549,9.5367431640625e-07,2.0021400451660156,0.35318430369360404,0.4859495231762041,Malicious,iodine_txt-32-baseline,Cloudflare
"(('1.1.1.1', 443), ('192.168.20.211', 48266))",1,256,12.823688004972626,109.37460317460318,7.700920104980469e-05,2.0360500812530518,1.0255557853959512,0.26480119798559193,26,64357,1861.2316673146695,156.25062866722547,9.5367431640625e-07,2.0360500812530518,0.5386145226907411,1.415674725007049,1,64357,1505.8453002084805,140.0510148107515,9.5367431640625e-07,2.002166986465454,0.35404752415699964,0.48322858374167843,Malicious,iodine_txt-32-baseline,Cloudflare
