flow_id,src2dst_min_length,src2dst_max_length,src2dst_stddev_length,src2dst_mean_length,src2dst_min_time,src2dst_max_time,src2dst_mean_time,src2dst_stddev_time,dst2src_min_length,dst2src_max_length,dst2src_stddev_length,dst2src_mean_length,dst2src_min_time,dst2src_max_time,dst2src_mean_time,dst2src_stddev_time,bidirectional_min_length,bidirectional_max_length,bidirectional_stddev_length,bidirectional_mean_length,bidirectional_min_time,bidirectional_max_time,bidirectional_mean_time,bidirectional_stddev_time,label,type,doh_server
"(('1.1.1.1', 443), ('192.168.20.210', 39582))",1,256,12.318509367237356,109.00313971742543,8.082389831542969e-05,2.0302720069885254,1.0438801826171156,0.25215667233241734,26,52336,1481.4133161513228,148.9927768860353,9.5367431640625e-07,2.0302720069885254,0.5332555228926571,1.4086372045571456,1,52336,1205.2337962674108,135.46468401486987,9.5367431640625e-07,2.0021300315856934,0.35277324338521765,0.48510967648051784,Malicious,iodine_srv-32-baseline,Cloudflare
"(('1.1.1.1', 443), ('192.168.20.210', 39586))",1,256,13.168694859438219,109.61643835616438,7.605552673339844e-05,2.0741941928863525,1.013529673945613,0.3042711504989238,26,1588,94.36705517937307,108.18907905460473,9.5367431640625e-07,2.0741941928863525,0.5423523345156945,1.4354627003101867,1,1588,76.55470420181653,108.6868365180467,9.5367431640625e-07,2.0021300315856934,0.35312821886606566,0.48124423299854124,Malicious,iodine_srv-32-baseline,Cloudflare
"(('1.1.1.1', 443), ('192.168.20.210', 39590))",1,256,12.741283968257019,109.22461538461539,6.198883056640625e-05,2.0025899410247803,1.0221332791038948,0.22935796893940485,26,65463,1843.852297202864,158.89348171701113,1.1920928955078125e-06,2.0025899410247803,0.5245362194929222,1.3916035142480692,1,65463,1497.3947036864754,141.9727463312369,1.1920928955078125e-06,2.0021491050720215,0.3478576288088242,0.48248723765459933,Malicious,iodine_srv-32-baseline,Cloudflare
