flow_id,src2dst_min_length,src2dst_max_length,src2dst_stddev_length,src2dst_mean_length,src2dst_min_time,src2dst_max_time,src2dst_mean_time,src2dst_stddev_time,dst2src_min_length,dst2src_max_length,dst2src_stddev_length,dst2src_mean_length,dst2src_min_time,dst2src_max_time,dst2src_mean_time,dst2src_stddev_time,bidirectional_min_length,bidirectional_max_length,bidirectional_stddev_length,bidirectional_mean_length,bidirectional_min_time,bidirectional_max_time,bidirectional_mean_time,bidirectional_stddev_time,label,type,doh_server
"(('1.1.1.1', 443), ('192.168.20.211', 48780))",1,256,12.969956030618615,109.43435980551054,6.103515625e-05,2.0115389823913574,1.0450016964565625,0.2685608260204489,26,14977,436.40199625938885,112.30383973288815,9.5367431640625e-07,2.0115389823913574,0.5369281260889575,1.422933337560125,1,14977,354.63269656133093,111.32837465564738,9.5367431640625e-07,2.00211501121521,0.3548627591054258,0.4856926710338709,Malicious,iodine_null-64-baseline,Cloudflare
"(('1.1.1.1', 443), ('192.168.20.211', 48784))",1,256,12.866653122485449,109.46046511627907,7.510185241699219e-05,2.004796028137207,0.9997859767505101,0.266720872409024,26,344,76.3615826059088,99.23675496688742,1.9073486328125e-06,2.004796028137207,0.5325967680844969,1.3947731066837963,1,344,62.31151603611011,102.79546681057744,1.9073486328125e-06,2.00215482711792,0.34765775865406506,0.48156860443897315,Malicious,iodine_null-64-baseline,Cloudflare
"(('1.1.1.1', 443), ('192.168.20.211', 48788))",1,256,13.393278218569195,109.7184,5.888938903808594e-05,2.0333051681518555,1.0332236633850977,0.23724908584378512,26,344,75.7425949286228,99.3291770573566,1.1920928955078125e-06,2.0333051681518555,0.5364202445438023,1.4067791049516816,1,344,62.137558455109335,102.88129102844638,1.1920928955078125e-06,2.0021591186523438,0.35292476020879804,0.4858799689413239,Malicious,iodine_null-64-baseline,Cloudflare
