flow_id,src2dst_min_length,src2dst_max_length,src2dst_stddev_length,src2dst_mean_length,src2dst_min_time,src2dst_max_time,src2dst_mean_time,src2dst_stddev_time,dst2src_min_length,dst2src_max_length,dst2src_stddev_length,dst2src_mean_length,dst2src_min_time,dst2src_max_time,dst2src_mean_time,dst2src_stddev_time,bidirectional_min_length,bidirectional_max_length,bidirectional_stddev_length,bidirectional_mean_length,bidirectional_min_time,bidirectional_max_time,bidirectional_mean_time,bidirectional_stddev_time,label,type,doh_server
"(('1.1.1.1', 443), ('192.168.20.205', 43928))",1,256,12.272079267700436,109.27919463087248,9.918212890625e-05,2.0029489994049072,1.0260153281432327,0.22723252933745963,26,44145,1158.311563934535,136.6012396694215,1.1920928955078125e-06,2.0029489994049072,0.5246978083780763,1.3874028659531894,1,44145,941.7749631481294,127.3363677742376,1.1920928955078125e-06,2.0021989345550537,0.34761175051847226,0.4811371514627534,Malicious,iodine_srv-64-baseline,Cloudflare
"(('1.1.1.1', 443), ('192.168.20.205', 43934))",1,256,11.68432650228612,109.0794701986755,8.0108642578125e-05,2.0063509941101074,1.0115359098272552,0.23726635705796909,26,4233,136.51787923008825,109.16470588235295,1.9073486328125e-06,2.0063509941101074,0.5281936509787541,1.386273811253899,1,4233,110.85152566823429,109.13545454545455,1.9073486328125e-06,2.002161979675293,0.34685217060246976,0.4795423745244029,Malicious,iodine_srv-64-baseline,Cloudflare
"(('1.1.1.1', 443), ('192.168.20.205', 43938))",1,256,12.411267385315627,109.21279554937414,5.4836273193359375e-05,2.940315008163452,1.0607655011843837,0.2718477062213739,26,1765,94.22273078669066,107.67657466383581,1.9073486328125e-06,2.940315008163452,0.5379672790046454,1.4255435322897638,1,1765,77.04797431888218,108.19465290806754,1.9073486328125e-06,2.242659091949463,0.3574048004929083,0.48687867568405807,Malicious,iodine_srv-64-baseline,Cloudflare
