flow_id,src2dst_min_length,src2dst_max_length,src2dst_stddev_length,src2dst_mean_length,src2dst_min_time,src2dst_max_time,src2dst_mean_time,src2dst_stddev_time,dst2src_min_length,dst2src_max_length,dst2src_stddev_length,dst2src_mean_length,dst2src_min_time,dst2src_max_time,dst2src_mean_time,dst2src_stddev_time,bidirectional_min_length,bidirectional_max_length,bidirectional_stddev_length,bidirectional_mean_length,bidirectional_min_time,bidirectional_max_time,bidirectional_mean_time,bidirectional_stddev_time,label,type,doh_server
"(('1.1.1.1', 443), ('192.168.20.207', 51816))",1,256,12.60516825784463,109.62624821683309,6.4849853515625e-05,2.006098985671997,1.0323872099603926,0.2585756786522598,26,23246,708.3028851963019,146.74235403151067,3.0994415283203125e-06,2.006098985671997,0.6685084137713091,1.5496855618356655,1,23246,551.8220549888453,132.1252808988764,3.0994415283203125e-06,2.0021119117736816,0.40622318548188574,0.4971743492907618,Malicious,iodine_srv-64-baseline,Cloudflare
"(('1.1.1.1', 443), ('192.168.20.207', 51822))",1,256,12.47751782103133,109.1100278551532,9.512901306152344e-05,2.002887010574341,1.0082014840683344,0.2605198101271787,26,4081,139.69545585886874,117.07245222929936,9.5367431640625e-07,2.002887010574341,0.5751891457227122,1.4404648118998324,1,4081,111.74983516225993,114.17629179331307,9.5367431640625e-07,2.0021779537200928,0.36638644910136636,0.4861277275405815,Malicious,iodine_srv-64-baseline,Cloudflare
"(('1.1.1.1', 443), ('192.168.20.207', 51826))",1,256,12.555990573502912,109.3410740203193,7.605552673339844e-05,2.0074539184570312,1.0513840622680133,0.22700904727181614,26,22932,659.7525412710197,128.92535107169255,1.9073486328125e-06,2.0074539184570312,0.5327896576308639,1.4037724859973266,1,22932,537.1637391406416,122.31733594515181,1.9073486328125e-06,2.0020999908447266,0.3544106981089628,0.4861769035492023,Malicious,iodine_srv-64-baseline,Cloudflare
