flow_id,src2dst_min_length,src2dst_max_length,src2dst_stddev_length,src2dst_mean_length,src2dst_min_time,src2dst_max_time,src2dst_mean_time,src2dst_stddev_time,dst2src_min_length,dst2src_max_length,dst2src_stddev_length,dst2src_mean_length,dst2src_min_time,dst2src_max_time,dst2src_mean_time,dst2src_stddev_time,bidirectional_min_length,bidirectional_max_length,bidirectional_stddev_length,bidirectional_mean_length,bidirectional_min_time,bidirectional_max_time,bidirectional_mean_time,bidirectional_stddev_time,label,type,doh_server
"(('1.1.1.1', 443), ('192.168.20.204', 42208))",1,256,12.219783534900865,109.59549071618036,6.914138793945312e-05,2.015255928039551,1.0424981538359703,0.2573032228371034,26,58364,1523.099924456487,139.06957708049114,9.5367431640625e-07,2.015255928039551,0.5330924872245398,1.4158594919017338,1,58364,1237.8091790074325,129.059009009009,9.5367431640625e-07,2.0021729469299316,0.35376345643915535,0.48311665755305366,Malicious,iodine_null-32-baseline,Cloudflare
"(('1.1.1.1', 443), ('192.168.20.204', 42212))",1,256,12.0827279596268,109.3132372214941,6.103515625e-05,2.0290868282318115,1.0277747441464522,0.2263404016876079,26,344,75.6979033471887,99.17081371889711,2.86102294921875e-06,2.0290868282318115,0.5270337610835182,1.3954232994510845,1,344,62.12543284853059,102.61022222222222,2.86102294921875e-06,2.0021629333496094,0.3482396087417501,0.4813830893776798,Malicious,iodine_null-32-baseline,Cloudflare
"(('1.1.1.1', 443), ('192.168.20.204', 42216))",1,256,12.053290131835068,109.56753246753247,8.702278137207031e-05,2.009850025177002,1.0195703146826616,0.2314498814310947,26,42261,1102.264853244063,127.82505105513955,9.5367431640625e-07,2.009850025177002,0.5313783869431519,1.3992957210142516,1,42261,892.9022276287234,121.54622599374721,9.5367431640625e-07,2.002155065536499,0.35033492939721483,0.48075483765380356,Malicious,iodine_null-32-baseline,Cloudflare
