flow_id,src2dst_min_length,src2dst_max_length,src2dst_stddev_length,src2dst_mean_length,src2dst_min_time,src2dst_max_time,src2dst_mean_time,src2dst_stddev_time,dst2src_min_length,dst2src_max_length,dst2src_stddev_length,dst2src_mean_length,dst2src_min_time,dst2src_max_time,dst2src_mean_time,dst2src_stddev_time,bidirectional_min_length,bidirectional_max_length,bidirectional_stddev_length,bidirectional_mean_length,bidirectional_min_time,bidirectional_max_time,bidirectional_mean_time,bidirectional_stddev_time,label,type,doh_server
"(('1.1.1.1', 443), ('192.168.20.212', 43680))",1,256,12.11893939652651,109.49640287769785,6.29425048828125e-05,1.8741450309753418,1.1247989276507953,0.2042723664906332,26,64564,1939.9825561953842,167.61447963800904,6.9141387939453125e-06,1.8741450309753418,0.565589260795842,0.5813582844209549,1,64564,1582.5725780263572,148.16014449127033,6.9141387939453125e-06,1.0034770965576172,0.37616080476577024,0.43485623219634734,Malicious,iodine_txt-64-baseline,Cloudflare
"(('1.1.1.1', 443), ('192.168.20.212', 43684))",1,256,12.126524229439552,109.25045045045044,6.890296936035156e-05,1.70442795753479,1.1268179386531403,0.22116737740892053,26,7720,244.74794647751116,115.65363636363637,5.9604644775390625e-06,1.70442795753479,0.5681505658823973,0.587608891286579,1,7720,199.68018490510357,113.50634441087614,5.9604644775390625e-06,1.007524013519287,0.37751757493186316,0.432065767971159,Malicious,iodine_txt-64-baseline,Cloudflare
"(('1.1.1.1', 443), ('192.168.20.212', 43688))",1,256,11.963990451923056,109.51520572450805,6.914138793945312e-05,1.431581974029541,1.1213794173305607,0.22339170886255005,26,46486,1400.9062077080666,151.8161965423112,7.867813110351562e-06,1.431581974029541,0.5700098614875084,0.5866395464218326,1,46486,1140.7498955752235,137.55428226779253,7.867813110351562e-06,1.003756046295166,0.37772339830646046,0.4325355405115361,Malicious,iodine_txt-64-baseline,Cloudflare
