flow_id,src2dst_min_length,src2dst_max_length,src2dst_stddev_length,src2dst_mean_length,src2dst_min_time,src2dst_max_time,src2dst_mean_time,src2dst_stddev_time,dst2src_min_length,dst2src_max_length,dst2src_stddev_length,dst2src_mean_length,dst2src_min_time,dst2src_max_time,dst2src_mean_time,dst2src_stddev_time,bidirectional_min_length,bidirectional_max_length,bidirectional_stddev_length,bidirectional_mean_length,bidirectional_min_time,bidirectional_max_time,bidirectional_mean_time,bidirectional_stddev_time,label,type,doh_server
"(('1.1.1.1', 443), ('192.168.20.210', 39798))",1,256,13.071324100159803,109.5031746031746,0.00011515617370605469,2.0347440242767334,1.0555385739700973,0.2521409860780167,26,62777,1780.8310679891201,150.31370967741935,9.5367431640625e-07,2.0347440242767334,0.5334246173994112,1.4108421418286714,1,62777,1450.2975784762257,136.56470588235294,9.5367431640625e-07,2.00217604637146,0.3552347581739921,0.4858045418578406,Malicious,iodine_null-32-baseline,Cloudflare
"(('1.1.1.1', 443), ('192.168.20.210', 39802))",1,256,12.914529584133506,109.41679873217116,8.416175842285156e-05,2.0601279735565186,1.053127460252671,0.26856499769800435,26,7379,220.8520310398539,105.53203568532035,2.1457672119140625e-06,2.0601279735565186,0.5385899439260557,1.4227753590472931,1,7379,179.78868053428664,106.84710300429184,2.1457672119140625e-06,2.0023341178894043,0.35617797373445587,0.48544393944727393,Malicious,iodine_null-32-baseline,Cloudflare
"(('1.1.1.1', 443), ('192.168.20.210', 39806))",1,256,12.860473119739325,109.38110236220473,7.009506225585938e-05,2.0421390533447266,1.0470035948587892,0.257686906805821,26,30326,865.2457492033817,123.74776240846217,1.1920928955078125e-06,2.0421390533447266,0.540572479609946,1.4262733131012844,1,30326,702.6477144567109,118.85354077253218,1.1920928955078125e-06,2.002224922180176,0.35632826087939373,0.48550542369300465,Malicious,iodine_null-32-baseline,Cloudflare
