flow_id,src2dst_min_length,src2dst_max_length,src2dst_stddev_length,src2dst_mean_length,src2dst_min_time,src2dst_max_time,src2dst_mean_time,src2dst_stddev_time,dst2src_min_length,dst2src_max_length,dst2src_stddev_length,dst2src_mean_length,dst2src_min_time,dst2src_max_time,dst2src_mean_time,dst2src_stddev_time,bidirectional_min_length,bidirectional_max_length,bidirectional_stddev_length,bidirectional_mean_length,bidirectional_min_time,bidirectional_max_time,bidirectional_mean_time,bidirectional_stddev_time,label,type,doh_server
"(('1.1.1.1', 443), ('192.168.20.207', 52074))",1,256,12.525371005846855,109.37517831669044,9.679794311523438e-05,2.0415380001068115,1.0346778498377118,0.2681592090607976,26,19730,540.6638866460507,113.59002976190476,1.9073486328125e-06,2.0415380001068115,0.5377923544005325,1.4262292361206401,1,19730,438.37485933147985,112.14523227383863,1.9073486328125e-06,2.002108097076416,0.3543417293964767,0.4827115734812409,Malicious,iodine_null-64-baseline,Cloudflare
"(('1.1.1.1', 443), ('192.168.20.207', 52078))",1,256,12.482431817126493,109.3177304964539,7.200241088867188e-05,2.005990982055664,1.028609245676886,0.2724233373391738,26,18311,501.09270294750877,113.04885270170244,9.5367431640625e-07,2.005990982055664,0.5349044206407335,1.405688405693615,1,18311,406.26426986119634,111.76945525291829,9.5367431640625e-07,2.002168893814087,0.35238000435840766,0.48175683543842074,Malicious,iodine_null-64-baseline,Cloudflare
"(('1.1.1.1', 443), ('192.168.20.207', 52082))",1,256,12.748780955095611,109.53170028818444,6.818771362304688e-05,2.007014036178589,1.0450225268607531,0.2803985080761026,26,36374,994.2305392565867,126.75037369207773,9.5367431640625e-07,2.007014036178589,0.5417172812488245,1.4246074523806596,1,36374,806.8523409025396,120.86958661417323,9.5367431640625e-07,2.002146005630493,0.35661850663489864,0.48477954986729466,Malicious,iodine_null-64-baseline,Cloudflare
