flow_id,src2dst_min_length,src2dst_max_length,src2dst_stddev_length,src2dst_mean_length,src2dst_min_time,src2dst_max_time,src2dst_mean_time,src2dst_stddev_time,dst2src_min_length,dst2src_max_length,dst2src_stddev_length,dst2src_mean_length,dst2src_min_time,dst2src_max_time,dst2src_mean_time,dst2src_stddev_time,bidirectional_min_length,bidirectional_max_length,bidirectional_stddev_length,bidirectional_mean_length,bidirectional_min_time,bidirectional_max_time,bidirectional_mean_time,bidirectional_stddev_time,label,type,doh_server
"(('1.1.1.1', 443), ('192.168.20.206', 44304))",1,256,13.466785167046849,110.53635116598079,7.009506225585938e-05,2.0123538970947266,1.023642734839366,0.2345083538256204,26,11722,317.2891511237076,110.08041958041959,1.9073486328125e-06,2.0123538970947266,0.5193779013055116,1.383324321711606,1,11722,258.34282099340226,110.23436776285317,1.9073486328125e-06,2.00213885307312,0.3453252599458102,0.4804371156897991,Malicious,iodine_txt-64-baseline,Cloudflare
"(('1.1.1.1', 443), ('192.168.20.206', 44308))",1,256,12.606071926571849,109.79890560875513,8.988380432128906e-05,2.045865058898926,1.0188272779935026,0.25550978118736906,26,37784,1012.3381189211325,128.42569992821248,9.5367431640625e-07,2.045865058898926,0.5328481781414185,1.3971526548593403,1,37784,819.9112755493842,122.015065913371,9.5367431640625e-07,2.0021960735321045,0.3503268548917838,0.48089761561366895,Malicious,iodine_txt-64-baseline,Cloudflare
"(('1.1.1.1', 443), ('192.168.20.206', 44312))",1,256,12.34643419928965,109.27978580990629,6.413459777832031e-05,2.003622055053711,0.9985594838937549,0.24212687002406288,26,18502,495.9246210387837,113.97590361445783,9.5367431640625e-07,2.003622055053711,0.5275940758116702,1.3909199397418843,1,18502,401.08039632521513,112.35032437442077,9.5367431640625e-07,2.0021471977233887,0.3453525150601489,0.4783440030036814,Malicious,iodine_txt-64-baseline,Cloudflare
