flow_id,src2dst_min_length,src2dst_max_length,src2dst_stddev_length,src2dst_mean_length,src2dst_min_time,src2dst_max_time,src2dst_mean_time,src2dst_stddev_time,dst2src_min_length,dst2src_max_length,dst2src_stddev_length,dst2src_mean_length,dst2src_min_time,dst2src_max_time,dst2src_mean_time,dst2src_stddev_time,bidirectional_min_length,bidirectional_max_length,bidirectional_stddev_length,bidirectional_mean_length,bidirectional_min_time,bidirectional_max_time,bidirectional_mean_time,bidirectional_stddev_time,label,type,doh_server
"(('1.1.1.1', 443), ('192.168.20.206', 44746))",1,256,12.38145785739344,109.35955056179775,7.605552673339844e-05,2.0074191093444824,1.0459013461395994,0.2885543210837886,26,39348,1062.707451821056,127.60437956204379,1.9073486328125e-06,2.0074191093444824,0.5432269999892108,1.445188331700477,1,39348,862.1262142550188,121.36503362151777,1.9073486328125e-06,2.002135992050171,0.3573733359102674,0.4842780760159731,Malicious,iodine_null-64-baseline,Cloudflare
"(('1.1.1.1', 443), ('192.168.20.206', 44750))",1,256,11.958712416640623,109.6866485013624,7.486343383789062e-05,2.005552053451538,1.0154677461959818,0.27016435298766533,26,344,75.36388608791466,98.76878612716763,1.9073486328125e-06,2.005552053451538,0.5367457794263927,1.4187092638442576,1,344,61.54628405962797,102.55240793201133,1.9073486328125e-06,2.0021729469299316,0.3516003107990811,0.4808053860539246,Malicious,iodine_null-64-baseline,Cloudflare
"(('1.1.1.1', 443), ('192.168.20.206', 44754))",1,256,12.287501767056773,109.40976933514247,6.580352783203125e-05,2.1026270389556885,1.0120240313851314,0.23567637984779136,26,9128,251.79739868769644,105.46072186836518,1.1920928955078125e-06,2.1026270389556885,0.5260499604362942,1.380831525875819,1,9128,204.26357226606638,106.81441860465117,1.1920928955078125e-06,2.002164125442505,0.34660292559304645,0.48001388983318616,Malicious,iodine_null-64-baseline,Cloudflare
