flow_id,src2dst_min_length,src2dst_max_length,src2dst_stddev_length,src2dst_mean_length,src2dst_min_time,src2dst_max_time,src2dst_mean_time,src2dst_stddev_time,dst2src_min_length,dst2src_max_length,dst2src_stddev_length,dst2src_mean_length,dst2src_min_time,dst2src_max_time,dst2src_mean_time,dst2src_stddev_time,bidirectional_min_length,bidirectional_max_length,bidirectional_stddev_length,bidirectional_mean_length,bidirectional_min_time,bidirectional_max_time,bidirectional_mean_time,bidirectional_stddev_time,label,type,doh_server
"(('1.1.1.1', 443), ('192.168.20.206', 44412))",1,256,12.631285529820717,109.60651289009498,7.200241088867188e-05,2.003751039505005,1.0107049472306087,0.24758039876354768,26,50212,1341.7413125429628,142.2122944960686,9.5367431640625e-07,2.003751039505005,0.5299422710238608,1.4061296166018895,1,50212,1086.003943597599,130.9620786516854,9.5367431640625e-07,2.002142906188965,0.3484210028860552,0.47972336885130945,Malicious,iodine_srv-32-baseline,Cloudflare
"(('1.1.1.1', 443), ('192.168.20.206', 44416))",1,256,12.252610505322753,109.31868131868131,8.702278137207031e-05,2.0160880088806152,1.0240000222375336,0.269131921945095,26,31990,861.1251033766445,129.27476500361533,9.5367431640625e-07,2.0160880088806152,0.5364887279642991,1.4245358120737688,1,31990,697.1023919646457,122.39270487920417,9.5367431640625e-07,2.002131938934326,0.35281896500790855,0.48128811755553536,Malicious,iodine_srv-32-baseline,Cloudflare
"(('1.1.1.1', 443), ('192.168.20.206', 44420))",1,256,12.325806961062602,109.2,8.296966552734375e-05,2.020294189453125,1.0274306548893122,0.21071730666042848,26,2732,109.39940211012606,108.47375988497484,9.5367431640625e-07,2.020294189453125,0.5344183201412502,1.3905811812696018,1,2732,88.99301219410394,108.72258979206049,9.5367431640625e-07,2.002120018005371,0.35170675845856364,0.4833409653535654,Malicious,iodine_srv-32-baseline,Cloudflare
