flow_id,src2dst_min_length,src2dst_max_length,src2dst_stddev_length,src2dst_mean_length,src2dst_min_time,src2dst_max_time,src2dst_mean_time,src2dst_stddev_time,dst2src_min_length,dst2src_max_length,dst2src_stddev_length,dst2src_mean_length,dst2src_min_time,dst2src_max_time,dst2src_mean_time,dst2src_stddev_time,bidirectional_min_length,bidirectional_max_length,bidirectional_stddev_length,bidirectional_mean_length,bidirectional_min_time,bidirectional_max_time,bidirectional_mean_time,bidirectional_stddev_time,label,type,doh_server
"(('1.1.1.1', 443), ('192.168.20.205', 43688))",1,256,12.280200693726663,109.38934426229508,7.605552673339844e-05,2.0721170902252197,1.0459476267427166,0.25081841016913137,26,64109,1696.2302119532997,146.40252454417953,9.5367431640625e-07,2.0721170902252197,0.5351357697603996,1.4196326129579768,1,64109,1378.985650707529,133.84754402224283,9.5367431640625e-07,2.002155065536499,0.3544681108710829,0.48306243453966363,Malicious,iodine_txt-64-baseline,Cloudflare
"(('1.1.1.1', 443), ('192.168.20.205', 43692))",1,256,12.134077917616187,109.32671957671958,6.699562072753906e-05,2.021481990814209,1.0120436371556971,0.24872649218326817,26,63590,1670.2925399158091,145.24464409122322,9.5367431640625e-07,2.021481990814209,0.5284287517331283,1.4063315073904081,1,63590,1353.817116710989,132.9187471629596,9.5367431640625e-07,2.0021021366119385,0.34701386968403053,0.4784063725813275,Malicious,iodine_txt-64-baseline,Cloudflare
"(('1.1.1.1', 443), ('192.168.20.205', 43696))",1,256,12.166217185125854,109.22163588390501,9.799003601074219e-05,2.012848138809204,1.0095459299956793,0.2412977201214481,26,15933,424.330799730383,111.72708333333334,9.5367431640625e-07,2.012848138809204,0.5297020346526887,1.3939376233086078,1,15933,343.5330390873793,110.86305732484077,9.5367431640625e-07,2.002129077911377,0.34784991761799233,0.47954901921273596,Malicious,iodine_txt-64-baseline,Cloudflare
