flow_id,src2dst_min_length,src2dst_max_length,src2dst_stddev_length,src2dst_mean_length,src2dst_min_time,src2dst_max_time,src2dst_mean_time,src2dst_stddev_time,dst2src_min_length,dst2src_max_length,dst2src_stddev_length,dst2src_mean_length,dst2src_min_time,dst2src_max_time,dst2src_mean_time,dst2src_stddev_time,bidirectional_min_length,bidirectional_max_length,bidirectional_stddev_length,bidirectional_mean_length,bidirectional_min_time,bidirectional_max_time,bidirectional_mean_time,bidirectional_stddev_time,label,type,doh_server
"(('1.1.1.1', 443), ('192.168.20.211', 48680))",1,256,12.474957549943069,109.00630914826499,6.389617919921875e-05,2.0632898807525635,1.0169613508251607,0.2556462473545838,26,16024,462.01061701707204,112.1327868852459,9.5367431640625e-07,2.0632898807525635,0.5272509153990398,1.3994115079147726,1,16024,374.8544431567311,111.06364617044228,9.5367431640625e-07,2.0021021366119385,0.34740233948857346,0.4808675793390663,Malicious,iodine_null-32-baseline,Cloudflare
"(('1.1.1.1', 443), ('192.168.20.211', 48684))",1,256,13.042259937932537,109.77455716586151,7.700920104980469e-05,2.0167529582977295,1.039271019351098,0.2997076874674607,26,344,76.31520678826409,99.77880571909168,9.5367431640625e-07,2.0167529582977295,0.5398380379082779,1.441977181140299,1,344,62.50365945393063,103.20828729281767,9.5367431640625e-07,2.002332925796509,0.3561901779976123,0.4843880983438287,Malicious,iodine_null-32-baseline,Cloudflare
"(('1.1.1.1', 443), ('192.168.20.211', 48688))",1,256,13.138447924733414,109.53945249597423,7.295608520507812e-05,2.2022809982299805,1.0393663321771929,0.2922694391228376,26,27334,793.8304683007223,122.56107834877844,2.1457672119140625e-06,2.2022809982299805,0.5407989258307832,1.4370485398355,1,27334,643.2874697343372,118.08849557522124,2.1457672119140625e-06,2.002229928970337,0.35661711452676237,0.48444440539440214,Malicious,iodine_null-32-baseline,Cloudflare
