flow_id,src2dst_min_length,src2dst_max_length,src2dst_stddev_length,src2dst_mean_length,src2dst_min_time,src2dst_max_time,src2dst_mean_time,src2dst_stddev_time,dst2src_min_length,dst2src_max_length,dst2src_stddev_length,dst2src_mean_length,dst2src_min_time,dst2src_max_time,dst2src_mean_time,dst2src_stddev_time,bidirectional_min_length,bidirectional_max_length,bidirectional_stddev_length,bidirectional_mean_length,bidirectional_min_time,bidirectional_max_time,bidirectional_mean_time,bidirectional_stddev_time,label,type,doh_server
"(('1.1.1.1', 443), ('192.168.20.212', 43874))",1,256,11.99047182237037,109.64748201438849,6.794929504394531e-05,1.2503089904785156,1.1242700520936433,0.22194807643539738,26,38017,1150.535942637374,149.2025664527956,6.9141387939453125e-06,1.2503089904785156,0.5725831165226227,0.5881701452752283,1,38017,936.6221137713094,135.84942319368548,6.9141387939453125e-06,1.0040998458862305,0.37918108448223237,0.4329948044735983,Malicious,iodine_srv-64-baseline,Cloudflare
"(('1.1.1.1', 443), ('192.168.20.212', 43880))",1,256,11.76161985147506,109.49642857142857,6.794929504394531e-05,1.3452777862548828,1.1157203360405719,0.23835754336426046,26,37580,1139.396064699263,148.97608095676173,5.9604644775390625e-06,1.3452777862548828,0.5744695228766341,0.590412439465636,1,37580,925.8555370766787,135.5525197328476,5.9604644775390625e-06,1.0068140029907227,0.37903416518886934,0.43196619813561715,Malicious,iodine_srv-64-baseline,Cloudflare
"(('1.1.1.1', 443), ('192.168.20.212', 43884))",1,256,12.099700903287054,109.47166361974406,8.916854858398438e-05,1.2518749237060547,1.1432859233884147,0.18272597080670533,26,4136,151.38010008566295,118.10684931506849,5.9604644775390625e-06,1.2518749237060547,0.5696670028365727,0.5851375586845479,1,4136,123.88413259169272,115.23020706455542,5.9604644775390625e-06,1.0046031475067139,0.3803986070506243,0.4339780304844565,Malicious,iodine_srv-64-baseline,Cloudflare
