flow_id,src2dst_min_length,src2dst_max_length,src2dst_stddev_length,src2dst_mean_length,src2dst_min_time,src2dst_max_time,src2dst_mean_time,src2dst_stddev_time,dst2src_min_length,dst2src_max_length,dst2src_stddev_length,dst2src_mean_length,dst2src_min_time,dst2src_max_time,dst2src_mean_time,dst2src_stddev_time,bidirectional_min_length,bidirectional_max_length,bidirectional_stddev_length,bidirectional_mean_length,bidirectional_min_time,bidirectional_max_time,bidirectional_mean_time,bidirectional_stddev_time,label,type,doh_server
"(('1.1.1.1', 443), ('192.168.20.209', 57852))",1,256,12.724904615255573,109.01052631578948,7.891654968261719e-05,2.0446879863739014,1.0284846611769802,0.21743788084066515,26,63378,1772.5731515110572,155.69827586206895,9.5367431640625e-07,2.0446879863739014,0.5340344337388581,1.3977312710855943,1,63378,1437.388522205791,139.70273055126225,9.5367431640625e-07,2.0021488666534424,0.3520174304234613,0.48447023800633565,Malicious,iodine_srv-32-baseline,Cloudflare
"(('1.1.1.1', 443), ('192.168.20.209', 57856))",1,256,12.744665160045491,108.71385083713851,6.890296936035156e-05,2.04384708404541,1.042323269858593,0.2831821391755797,26,43484,1225.8780923181007,140.945107398568,9.5367431640625e-07,2.04384708404541,0.5435876081323927,1.4562261206226546,1,43484,993.5912108576376,129.8814002089864,9.5367431640625e-07,2.002166986465454,0.35743024831533554,0.48399894146558387,Malicious,iodine_srv-32-baseline,Cloudflare
"(('1.1.1.1', 443), ('192.168.20.209', 57860))",1,256,12.778332366200328,108.69299552906111,6.818771362304688e-05,2.247851848602295,1.0219411017289801,0.25598838189926254,26,11278,320.6780224701124,115.59754224270354,9.5367431640625e-07,2.247851848602295,0.5263016379676719,1.3999416123472743,1,11278,260.6291418378193,113.24936644703497,9.5367431640625e-07,2.002175807952881,0.3472286171410195,0.4816728930717915,Malicious,iodine_srv-32-baseline,Cloudflare
