flow_id,src2dst_min_length,src2dst_max_length,src2dst_stddev_length,src2dst_mean_length,src2dst_min_time,src2dst_max_time,src2dst_mean_time,src2dst_stddev_time,dst2src_min_length,dst2src_max_length,dst2src_stddev_length,dst2src_mean_length,dst2src_min_time,dst2src_max_time,dst2src_mean_time,dst2src_stddev_time,bidirectional_min_length,bidirectional_max_length,bidirectional_stddev_length,bidirectional_mean_length,bidirectional_min_time,bidirectional_max_time,bidirectional_mean_time,bidirectional_stddev_time,label,type,doh_server
"(('1.1.1.1', 443), ('192.168.20.205', 44036))",1,256,12.417286864676479,109.31724137931035,9.584426879882812e-05,2.0505659580230713,1.0545412930994402,0.2784341958903798,26,344,75.7523355214982,99.26293408929837,1.9073486328125e-06,2.0505659580230713,0.541655090683741,1.4388466143207674,1,344,62.174644402035696,102.6755617977528,1.9073486328125e-06,2.002138137817383,0.3577285011702455,0.483839039720412,Malicious,iodine_null-32-baseline,Cloudflare
"(('1.1.1.1', 443), ('192.168.20.205', 44040))",1,256,12.577533463110615,109.41997264021887,6.103515625e-05,2.018526792526245,1.0448009095779838,0.27080395658648887,26,61486,1632.5099231778454,142.7069209039548,1.9073486328125e-06,2.018526792526245,0.5368791222993561,1.4248996851701865,1,61486,1325.8940544065474,131.37354448067072,1.9073486328125e-06,2.0021939277648926,0.3554075787474036,0.483425481368187,Malicious,iodine_null-32-baseline,Cloudflare
"(('1.1.1.1', 443), ('192.168.20.205', 44044))",1,256,12.188940718896186,109.39861111111111,6.318092346191406e-05,2.024484872817993,1.0627256895471182,0.3128005310361922,26,344,75.9664258667533,99.3921146953405,1.9073486328125e-06,2.024484872817993,0.547404606167863,1.4466608908593697,1,344,62.28480378758534,102.7985815602837,1.9073486328125e-06,2.0021378993988037,0.36144738447700003,0.48596894243031546,Malicious,iodine_null-32-baseline,Cloudflare
