flow_id,src2dst_min_length,src2dst_max_length,src2dst_stddev_length,src2dst_mean_length,src2dst_min_time,src2dst_max_time,src2dst_mean_time,src2dst_stddev_time,dst2src_min_length,dst2src_max_length,dst2src_stddev_length,dst2src_mean_length,dst2src_min_time,dst2src_max_time,dst2src_mean_time,dst2src_stddev_time,bidirectional_min_length,bidirectional_max_length,bidirectional_stddev_length,bidirectional_mean_length,bidirectional_min_time,bidirectional_max_time,bidirectional_mean_time,bidirectional_stddev_time,label,type,doh_server
"(('1.1.1.1', 443), ('192.168.20.208', 34410))",1,256,12.807506966261789,109.54741379310344,7.700920104980469e-05,2.009337902069092,1.012070958391368,0.22289173550431587,26,25016,684.6283042045777,125.50335070737155,1.1920928955078125e-06,2.009337902069092,0.5226304127811142,1.3839389186441247,1,25016,555.7300388822614,120.05689063266307,1.1920928955078125e-06,2.002134084701538,0.34513705401472067,0.47974567367091314,Malicious,iodine_srv-32-baseline,Cloudflare
"(('1.1.1.1', 443), ('192.168.20.208', 34414))",1,256,12.464148886308875,109.36051502145922,6.008148193359375e-05,2.0030128955841064,1.0098777319435404,0.26365765909262656,26,57149,1559.9574609161657,149.3455223880597,9.5367431640625e-07,2.0030128955841064,0.5241781650326696,1.3966814392809224,1,57149,1264.7732580408929,135.63805787150565,9.5367431640625e-07,2.0021450519561768,0.34587569033198784,0.47886955348559507,Malicious,iodine_srv-32-baseline,Cloudflare
"(('1.1.1.1', 443), ('192.168.20.208', 34418))",1,256,12.543553607082972,109.28299120234604,6.389617919921875e-05,2.0602760314941406,1.0329681086995353,0.24605836588227856,26,16186,451.1062528374161,118.60760456273765,1.9073486328125e-06,2.0602760314941406,0.5345738941131661,1.4209873570392209,1,16186,366.160438777836,115.42313470205308,1.9073486328125e-06,2.0021629333496094,0.3524305020162242,0.4831923390187672,Malicious,iodine_srv-32-baseline,Cloudflare
