flow_id,src2dst_min_length,src2dst_max_length,src2dst_stddev_length,src2dst_mean_length,src2dst_min_time,src2dst_max_time,src2dst_mean_time,src2dst_stddev_time,dst2src_min_length,dst2src_max_length,dst2src_stddev_length,dst2src_mean_length,dst2src_min_time,dst2src_max_time,dst2src_mean_time,dst2src_stddev_time,bidirectional_min_length,bidirectional_max_length,bidirectional_stddev_length,bidirectional_mean_length,bidirectional_min_time,bidirectional_max_time,bidirectional_mean_time,bidirectional_stddev_time,label,type,doh_server
"(('1.1.1.1', 443), ('192.168.20.206', 44520))",1,256,12.282711327431208,109.24756606397774,7.796287536621094e-05,2.037806987762451,1.0350217563528203,0.2598784386791758,26,15104,411.7973236271073,117.03400868306802,9.5367431640625e-07,2.037806987762451,0.5373842149951336,1.4185415745521015,1,15104,334.0808281056568,114.36934792955735,9.5367431640625e-07,2.0021328926086426,0.3538788671720596,0.4828759367754955,Malicious,iodine_srv-64-baseline,Cloudflare
"(('1.1.1.1', 443), ('192.168.20.206', 44526))",1,256,12.337832608159882,109.68289290681503,6.508827209472656e-05,2.0252411365509033,1.0352931490847659,0.25923579805683267,26,58557,1577.930237912588,148.68218181818182,9.5367431640625e-07,2.0252411365509033,0.5395353230847021,1.4212839002416928,1,58557,1278.8019506508622,135.29130850047756,9.5367431640625e-07,2.002168893814087,0.3551555093372489,0.4834017345802725,Malicious,iodine_srv-64-baseline,Cloudflare
"(('1.1.1.1', 443), ('192.168.20.206', 44530))",1,256,12.420034240916031,109.43661971830986,7.605552673339844e-05,2.0085599422454834,1.0480418376761196,0.23808909946073575,26,11906,325.9668785595699,114.68807994289793,1.1920928955078125e-06,2.0085599422454834,0.5308518649850573,1.4090546642043342,1,11906,265.6605507684821,112.92183799147324,1.1920928955078125e-06,2.0022430419921875,0.35223171654470725,0.4839182072207601,Malicious,iodine_srv-64-baseline,Cloudflare
