flow_id,src2dst_min_length,src2dst_max_length,src2dst_stddev_length,src2dst_mean_length,src2dst_min_time,src2dst_max_time,src2dst_mean_time,src2dst_stddev_time,dst2src_min_length,dst2src_max_length,dst2src_stddev_length,dst2src_mean_length,dst2src_min_time,dst2src_max_time,dst2src_mean_time,dst2src_stddev_time,bidirectional_min_length,bidirectional_max_length,bidirectional_stddev_length,bidirectional_mean_length,bidirectional_min_time,bidirectional_max_time,bidirectional_mean_time,bidirectional_stddev_time,label,type,doh_server
"(('1.1.1.1', 443), ('192.168.20.205', 43792))",1,256,12.803041579385816,109.39541160593792,6.29425048828125e-05,2.0441172122955322,1.0304408202300201,0.24303516372343303,26,49168,1305.561643877482,141.1954834156669,9.5367431640625e-07,2.0441172122955322,0.5363738255648963,1.419996579539466,1,49168,1058.0635111387285,130.27618164967564,9.5367431640625e-07,2.0021109580993652,0.3535123815346383,0.4823643034045112,Malicious,iodine_srv-32-baseline,Cloudflare
"(('1.1.1.1', 443), ('192.168.20.205', 43796))",1,256,12.156063385511205,109.25234899328859,6.985664367675781e-05,2.0407490730285645,1.0269512351482146,0.26506081453554364,26,20551,553.5660147004958,121.41648745519713,1.9073486328125e-06,2.0407490730285645,0.5459336871909274,1.430581053164312,1,20551,447.03552948411834,117.18177570093458,1.9073486328125e-06,2.002164125442505,0.3572004296167703,0.48265630072887095,Malicious,iodine_srv-32-baseline,Cloudflare
"(('1.1.1.1', 443), ('192.168.20.205', 43800))",1,256,12.199694151504781,109.24598930481284,7.200241088867188e-05,2.0096049308776855,1.0222158687341325,0.23581838555642867,26,43528,1145.7273438049072,136.29175329175328,9.5367431640625e-07,2.0096049308776855,0.5295943798866748,1.407867566636191,1,43528,929.9237073878189,127.05842081241443,9.5367431640625e-07,2.002342939376831,0.3487179003894057,0.48161956357730135,Malicious,iodine_srv-32-baseline,Cloudflare
