flow_id,src2dst_min_length,src2dst_max_length,src2dst_stddev_length,src2dst_mean_length,src2dst_min_time,src2dst_max_time,src2dst_mean_time,src2dst_stddev_time,dst2src_min_length,dst2src_max_length,dst2src_stddev_length,dst2src_mean_length,dst2src_min_time,dst2src_max_time,dst2src_mean_time,dst2src_stddev_time,bidirectional_min_length,bidirectional_max_length,bidirectional_stddev_length,bidirectional_mean_length,bidirectional_min_time,bidirectional_max_time,bidirectional_mean_time,bidirectional_stddev_time,label,type,doh_server
"(('1.1.1.1', 443), ('192.168.20.209', 58086))",1,256,13.140282054047862,109.59125188536953,0.0001010894775390625,2.1545250415802,1.0339746601271846,0.267700638430497,26,40908,1144.0634789568937,131.5920125293657,1.9073486328125e-06,2.1545250415802,0.5340686307805459,1.4082218907049031,1,40908,928.2971517024378,124.07319587628866,1.9073486328125e-06,2.0021610260009766,0.3530124935555421,0.48357962088903045,Malicious,iodine_null-32-baseline,Cloudflare
"(('1.1.1.1', 443), ('192.168.20.209', 58090))",1,256,14.180202482798887,110.06938159879337,6.389617919921875e-05,2.0426218509674072,1.031901932194874,0.2484756472354049,26,6158,185.95532885684187,105.10920436817473,1.1920928955078125e-06,2.0426218509674072,0.5324735894601481,1.4072469445369806,1,6158,151.21587286279018,106.8,1.1920928955078125e-06,2.0021400451660156,0.3513987032474314,0.48361420275183165,Malicious,iodine_null-32-baseline,Cloudflare
"(('1.1.1.1', 443), ('192.168.20.209', 58094))",1,256,12.637334965301902,109.28315946348734,6.580352783203125e-05,2.007097005844116,1.0207145192729894,0.23443334044839792,26,10300,293.40253948314995,107.58687258687259,1.9073486328125e-06,2.007097005844116,0.528533239637313,1.3933521361314374,1,10300,238.241877594156,108.16581892166836,1.9073486328125e-06,2.0021309852600098,0.3480603832021621,0.48200030242547126,Malicious,iodine_null-32-baseline,Cloudflare
