flow_id,src2dst_min_length,src2dst_max_length,src2dst_stddev_length,src2dst_mean_length,src2dst_min_time,src2dst_max_time,src2dst_mean_time,src2dst_stddev_time,dst2src_min_length,dst2src_max_length,dst2src_stddev_length,dst2src_mean_length,dst2src_min_time,dst2src_max_time,dst2src_mean_time,dst2src_stddev_time,bidirectional_min_length,bidirectional_max_length,bidirectional_stddev_length,bidirectional_mean_length,bidirectional_min_time,bidirectional_max_time,bidirectional_mean_time,bidirectional_stddev_time,label,type,doh_server
"(('1.1.1.1', 443), ('192.168.20.204', 41830))",1,256,12.126788670537922,109.5086782376502,0.00011801719665527344,2.0340428352355957,1.0508060493571236,0.28125350342844335,26,36532,998.23722236499,133.80013689253937,1.9073486328125e-06,2.0340428352355957,0.5376389465919913,1.4354393133476513,1,36532,811.7508111428564,125.56742081447963,1.9073486328125e-06,2.002120018005371,0.355818435907256,0.4828703227750377,Malicious,iodine_txt-64-baseline,Cloudflare
"(('1.1.1.1', 443), ('192.168.20.204', 41834))",1,256,11.982380847665874,109.42912371134021,5.91278076171875e-05,2.042497158050537,1.010759532989994,0.2429858609648793,26,41656,1079.0262136234228,128.69328859060403,9.5367431640625e-07,2.042497158050537,0.5247274647630086,1.381264328069999,1,41656,875.0499052789824,122.09620476610768,0.0,2.00232195854187,0.3458448733188722,0.47940506311946895,Malicious,iodine_txt-64-baseline,Cloudflare
"(('1.1.1.1', 443), ('192.168.20.204', 41838))",1,256,12.14443285482571,109.24513618677042,6.4849853515625e-05,2.009537935256958,1.0177154856842834,0.2433121593864244,26,58281,1524.1445408827292,140.50205479452055,9.5367431640625e-07,2.009537935256958,0.5350384172958573,1.4159586264875608,1,58281,1233.081083865091,129.70013446884806,9.5367431640625e-07,2.002152919769287,0.35140848608829517,0.4802658414382789,Malicious,iodine_txt-64-baseline,Cloudflare
