flow_id,src2dst_min_length,src2dst_max_length,src2dst_stddev_length,src2dst_mean_length,src2dst_min_time,src2dst_max_time,src2dst_mean_time,src2dst_stddev_time,dst2src_min_length,dst2src_max_length,dst2src_stddev_length,dst2src_mean_length,dst2src_min_time,dst2src_max_time,dst2src_mean_time,dst2src_stddev_time,bidirectional_min_length,bidirectional_max_length,bidirectional_stddev_length,bidirectional_mean_length,bidirectional_min_time,bidirectional_max_time,bidirectional_mean_time,bidirectional_stddev_time,label,type,doh_server
"(('1.1.1.1', 443), ('192.168.20.204', 41946))",1,256,12.231481946325035,109.42566709021601,8.106231689453125e-05,2.013490915298462,0.9971077163104186,0.2405588730233937,26,64596,1675.5813672259542,149.39487870619945,9.5367431640625e-07,2.013490915298462,0.527786540727879,1.385620781955325,1,64596,1354.6367555525242,135.54381329810656,9.5367431640625e-07,2.0021309852600098,0.34525403745373967,0.4774006518850585,Malicious,iodine_srv-32-baseline,Cloudflare
"(('1.1.1.1', 443), ('192.168.20.204', 41950))",1,256,12.273987061495518,109.34419817470665,8.20159912109375e-05,2.044438123703003,1.0238825157479268,0.2863333247788764,26,23403,615.6401178959942,122.72839506172839,9.5367431640625e-07,2.044438123703003,0.536907716573062,1.4165039666558121,1,23403,498.44981254820397,118.11460674157303,9.5367431640625e-07,2.002181053161621,0.3526501830318849,0.48072932883081887,Malicious,iodine_srv-32-baseline,Cloudflare
"(('1.1.1.1', 443), ('192.168.20.204', 41954))",1,256,12.33923062488212,109.36993464052287,7.796287536621094e-05,2.030588150024414,1.0256374568839348,0.2173507655643721,26,64507,1674.405858436596,149.69433198380565,9.5367431640625e-07,2.030588150024414,0.5270544544093758,1.38592143870798,1,64507,1359.9791790012935,135.96573208722742,9.5367431640625e-07,2.0021228790283203,0.3488811295900829,0.4815025333016229,Malicious,iodine_srv-32-baseline,Cloudflare
