flow_id,src2dst_min_length,src2dst_max_length,src2dst_stddev_length,src2dst_mean_length,src2dst_min_time,src2dst_max_time,src2dst_mean_time,src2dst_stddev_time,dst2src_min_length,dst2src_max_length,dst2src_stddev_length,dst2src_mean_length,dst2src_min_time,dst2src_max_time,dst2src_mean_time,dst2src_stddev_time,bidirectional_min_length,bidirectional_max_length,bidirectional_stddev_length,bidirectional_mean_length,bidirectional_min_time,bidirectional_max_time,bidirectional_mean_time,bidirectional_stddev_time,label,type,doh_server
"(('1.1.1.1', 443), ('192.168.20.209', 57616))",1,256,12.51619850088256,109.33529411764705,9.608268737792969e-05,2.0564849376678467,1.0084480926811432,0.3039509392514644,26,52121,1458.9734691808653,142.73233908948194,9.5367431640625e-07,2.0564849376678467,0.537892362215532,1.427615964776227,1,52121,1178.1971019857563,131.1100307062436,9.5367431640625e-07,2.002134084701538,0.3506167184006417,0.4791779324422019,Malicious,iodine_txt-32-baseline,Cloudflare
"(('1.1.1.1', 443), ('192.168.20.209', 57620))",1,256,12.757200640100184,109.29783950617283,8.702278137207031e-05,2.0820419788360596,1.0575947945784934,0.2659300920512087,26,57933,1632.4254292987812,147.93237867939538,1.9073486328125e-06,2.0820419788360596,0.5431887843426625,1.4396612661410189,1,57933,1326.1776505640566,134.79055118110236,1.9073486328125e-06,2.002303123474121,0.3593822647543514,0.48600749008393535,Malicious,iodine_txt-32-baseline,Cloudflare
"(('1.1.1.1', 443), ('192.168.20.209', 57624))",1,256,14.425176859281015,110.32637853949329,6.4849853515625e-05,2.033935070037842,1.0212135955468933,0.27577829714697216,26,57886,1614.5827717614352,147.96024941543257,9.5367431640625e-07,2.033935070037842,0.5338620990747223,1.4038663527641493,1,57886,1308.4614578062562,135.03684749232343,9.5367431640625e-07,2.0021250247955322,0.35044957196108206,0.48153673354177673,Malicious,iodine_txt-32-baseline,Cloudflare
