flow_id,src2dst_min_length,src2dst_max_length,src2dst_stddev_length,src2dst_mean_length,src2dst_min_time,src2dst_max_time,src2dst_mean_time,src2dst_stddev_time,dst2src_min_length,dst2src_max_length,dst2src_stddev_length,dst2src_mean_length,dst2src_min_time,dst2src_max_time,dst2src_mean_time,dst2src_stddev_time,bidirectional_min_length,bidirectional_max_length,bidirectional_stddev_length,bidirectional_mean_length,bidirectional_min_time,bidirectional_max_time,bidirectional_mean_time,bidirectional_stddev_time,label,type,doh_server
"(('192.168.20.210', 33218), ('8.8.4.4', 443))",1,275,38.39646976750211,71.5414551607445,4.1961669921875e-05,1.0037879943847656,0.5260914133121966,0.45764038557460274,26,15182,316.70490358881324,73.82081174438687,9.5367431640625e-07,1.0037879943847656,0.26835859527340716,0.4682100757621331,1,15182,258.66686525783587,73.05060034305318,9.5367431640625e-07,1.0037879943847656,0.17767056308884877,0.36395536906287207,Malicious,iodine_srv-32-baseline,Google
"(('192.168.20.210', 33222), ('8.8.4.4', 443))",1,275,38.37532769644909,71.68174061433447,7.605552673339844e-05,1.0031650066375732,0.5306858812815913,0.45197252464678517,26,12360,260.7021085762514,72.51863217886891,9.5367431640625e-07,1.0031650066375732,0.27254063288370767,0.47439326111578684,1,12360,213.06583648734386,72.23457862728063,9.5367431640625e-07,1.0031650066375732,0.1800211955332397,0.36381179172971795,Malicious,iodine_srv-32-baseline,Google
"(('192.168.20.210', 33226), ('8.8.4.4', 443))",1,275,38.34308696227102,71.35842600513259,6.413459777832031e-05,1.0023689270019531,0.5306858389753185,0.4510315792903135,26,65139,1371.2096673479302,98.96854521625164,9.5367431640625e-07,1.0023689270019531,0.27089155512256224,0.4725776977098843,1,65139,1115.9139684026657,89.63475997686524,9.5367431640625e-07,1.0023689270019531,0.17930027767520162,0.36253531033797687,Malicious,iodine_srv-32-baseline,Google
