flow_id,src2dst_min_length,src2dst_max_length,src2dst_stddev_length,src2dst_mean_length,src2dst_min_time,src2dst_max_time,src2dst_mean_time,src2dst_stddev_time,dst2src_min_length,dst2src_max_length,dst2src_stddev_length,dst2src_mean_length,dst2src_min_time,dst2src_max_time,dst2src_mean_time,dst2src_stddev_time,bidirectional_min_length,bidirectional_max_length,bidirectional_stddev_length,bidirectional_mean_length,bidirectional_min_time,bidirectional_max_time,bidirectional_mean_time,bidirectional_stddev_time,label,type,doh_server
"(('192.168.20.204', 53794), ('8.8.4.4', 443))",1,275,38.864530569752496,71.93579454253612,7.081031799316406e-05,1.0032260417938232,0.5224370908545681,0.4555176361310299,26,379,37.39701064360925,63.9861982434128,9.5367431640625e-07,1.0032260417938232,0.2721313367827667,0.4715972637605996,1,379,38.09344613229229,66.70965081110806,9.5367431640625e-07,1.0032260417938232,0.1788872877101038,0.36381688304156934,Malicious,iodine_null-32-baseline,Google
"(('192.168.20.204', 53798), ('8.8.4.4', 443))",1,275,38.66833673072698,71.66368805848903,6.413459777832031e-05,1.8560199737548828,0.529390677203977,0.45178817964133877,26,41927,858.9401152788689,81.17108028583438,9.5367431640625e-07,1.8560199737548828,0.27380570942258714,0.4796093721889049,1,41927,697.6589503745139,77.92908587257618,9.5367431640625e-07,1.8560199737548828,0.1804240878251293,0.36387664248102564,Malicious,iodine_null-32-baseline,Google
"(('192.168.20.204', 53802), ('8.8.4.4', 443))",1,275,38.609380639842875,71.688013136289,4.601478576660156e-05,1.0030889511108398,0.5327588849706344,0.4525380011709098,26,379,37.65279435247511,63.62237174095879,9.5367431640625e-07,1.0030889511108398,0.27275016782260714,0.47364332404212095,1,379,38.17084656208338,66.35428253615127,9.5367431640625e-07,1.0030889511108398,0.18035259054499642,0.3644220096605846,Malicious,iodine_null-32-baseline,Google
