flow_id,src2dst_min_length,src2dst_max_length,src2dst_stddev_length,src2dst_mean_length,src2dst_min_time,src2dst_max_time,src2dst_mean_time,src2dst_stddev_time,dst2src_min_length,dst2src_max_length,dst2src_stddev_length,dst2src_mean_length,dst2src_min_time,dst2src_max_time,dst2src_mean_time,dst2src_stddev_time,bidirectional_min_length,bidirectional_max_length,bidirectional_stddev_length,bidirectional_mean_length,bidirectional_min_time,bidirectional_max_time,bidirectional_mean_time,bidirectional_stddev_time,label,type,doh_server
"(('192.168.20.209', 47884), ('8.8.4.4', 443))",1,275,38.66734053256058,71.48780487804878,6.103515625e-05,1.002479076385498,0.5253123771461975,0.4575450356949157,26,25320,523.8661774969681,74.5847602739726,9.5367431640625e-07,1.002479076385498,0.26725053399226906,0.46687345631573113,1,25320,427.052331096571,73.54014184397163,9.5367431640625e-07,1.002479076385498,0.17709168673373513,0.3634046779254165,Malicious,iodine_null-64-baseline,Google
"(('192.168.20.209', 47888), ('8.8.4.4', 443))",1,275,38.07961820613789,71.24211423699914,6.604194641113281e-05,1.0028431415557861,0.532522451348679,0.4515972522297605,26,379,36.87760962166257,63.629272567922875,9.5367431640625e-07,1.0028431415557861,0.2731581933139866,0.4740372917551997,1,379,37.4638964965783,66.21389290882779,9.5367431640625e-07,1.0027949810028076,0.18069377909109782,0.3638252330746635,Malicious,iodine_null-64-baseline,Google
"(('192.168.20.209', 47892), ('8.8.4.4', 443))",1,275,40.66846718655484,70.92248062015504,8.0108642578125e-05,240.00377893447876,1.4626383076382055,14.924605657713856,26,379,39.97546765488938,64.44171779141104,9.5367431640625e-07,240.00377893447876,0.770200321908857,10.873688432632662,1,379,40.33405576700174,66.68005354752343,9.5367431640625e-07,240.00282096862793,0.503884778904851,8.78739573513632,Malicious,iodine_null-64-baseline,Google
"(('192.168.20.209', 47894), ('8.8.4.4', 443))",1,275,37.99341446592473,71.36382978723404,4.696846008300781e-05,1.3206820487976074,0.5262015518415977,0.4437691867670213,26,18275,437.8492294012977,73.91671453187823,9.5367431640625e-07,1.3206820487976074,0.2839440315619282,0.48563921816555683,1,18275,353.5567500573203,73.02163371876166,9.5367431640625e-07,1.3206820487976074,0.18436688700718667,0.3624302429486237,Malicious,iodine_null-64-baseline,Google
