flow_id,src2dst_min_length,src2dst_max_length,src2dst_stddev_length,src2dst_mean_length,src2dst_min_time,src2dst_max_time,src2dst_mean_time,src2dst_stddev_time,dst2src_min_length,dst2src_max_length,dst2src_stddev_length,dst2src_mean_length,dst2src_min_time,dst2src_max_time,dst2src_mean_time,dst2src_stddev_time,bidirectional_min_length,bidirectional_max_length,bidirectional_stddev_length,bidirectional_mean_length,bidirectional_min_time,bidirectional_max_time,bidirectional_mean_time,bidirectional_stddev_time,label,type,doh_server
"(('192.168.20.208', 44374), ('8.8.4.4', 443))",1,275,38.635260677756136,71.62385321100918,6.389617919921875e-05,1.0022988319396973,0.5270838114574476,0.4578352570381026,26,59641,1227.5968063858945,92.77174374204498,9.5367431640625e-07,1.0022988319396973,0.26799903944109416,0.46736416295098576,1,59641,999.7370045242169,85.64116985376828,9.5367431640625e-07,1.0022988319396973,0.17762205516906396,0.36402173923882764,Malicious,iodine_srv-32-baseline,Google
"(('192.168.20.208', 44378), ('8.8.4.4', 443))",1,275,38.3061764681933,71.52401010951979,7.891654968261719e-05,1.002478837966919,0.5316489822345881,0.45158953350750186,26,46329,962.4018209507832,87.05445116681072,9.5367431640625e-07,1.002478837966919,0.27258732429171245,0.4746631830388434,1,46329,782.7761954256825,81.78891745215653,9.5367431640625e-07,1.002478837966919,0.18015305512292046,0.36373159509840225,Malicious,iodine_srv-32-baseline,Google
"(('192.168.20.208', 44382), ('8.8.4.4', 443))",1,275,38.39721902446903,71.55611814345991,2.5987625122070312e-05,1.0031399726867676,0.5322141166071634,0.4505350613487414,26,12102,254.49708810359047,72.21506312581629,9.5367431640625e-07,1.0031399726867676,0.27443401697205333,0.4762308778541931,1,12102,207.9144129974733,71.99080987937967,9.5367431640625e-07,1.0031399726867676,0.18102312957853534,0.3635848266861379,Malicious,iodine_srv-32-baseline,Google
