flow_id,src2dst_min_length,src2dst_max_length,src2dst_stddev_length,src2dst_mean_length,src2dst_min_time,src2dst_max_time,src2dst_mean_time,src2dst_stddev_time,dst2src_min_length,dst2src_max_length,dst2src_stddev_length,dst2src_mean_length,dst2src_min_time,dst2src_max_time,dst2src_mean_time,dst2src_stddev_time,bidirectional_min_length,bidirectional_max_length,bidirectional_stddev_length,bidirectional_mean_length,bidirectional_min_time,bidirectional_max_time,bidirectional_mean_time,bidirectional_stddev_time,label,type,doh_server
"(('192.168.20.207', 58006), ('8.8.4.4', 443))",1,275,38.583566123335665,71.53497942386831,6.890296936035156e-05,1.003399133682251,0.5256303517390318,0.45659660919785006,26,29727,639.5229690255833,80.52246410375173,9.5367431640625e-07,1.003399133682251,0.2956786607569075,0.48333127818571814,1,29727,512.1175881822252,77.2860106698281,9.5367431640625e-07,1.003399133682251,0.18918329291763555,0.37221553948989267,Malicious,iodine_txt-32-baseline,Google
"(('192.168.20.207', 58010), ('8.8.4.4', 443))",1,275,38.90895628682433,71.85291700903862,3.1948089599609375e-05,1.0025439262390137,0.5241729975923112,0.45282152725991415,26,63277,1359.9767288251433,95.2651550208237,9.5367431640625e-07,1.0025439262390137,0.2950713727209303,0.4846895292023593,1,63277,1088.0586004438917,86.8303730017762,9.5367431640625e-07,1.0025439262390137,0.18874574032343808,0.37006997532409347,Malicious,iodine_txt-32-baseline,Google
"(('192.168.20.207', 58014), ('8.8.4.4', 443))",1,275,38.40321553966585,71.71828665568368,3.504753112792969e-05,1.0018069744110107,0.5248294995033534,0.4501227283095625,26,37291,794.5460407490059,82.20509322419281,1.9073486328125e-06,1.0018069744110107,0.28960615336840756,0.4861673822225613,1,37291,638.2000755191513,78.47494872546147,1.9073486328125e-06,1.0018069744110107,0.18658211691018983,0.36757561391517846,Malicious,iodine_txt-32-baseline,Google
