flow_id,src2dst_min_length,src2dst_max_length,src2dst_stddev_length,src2dst_mean_length,src2dst_min_time,src2dst_max_time,src2dst_mean_time,src2dst_stddev_time,dst2src_min_length,dst2src_max_length,dst2src_stddev_length,dst2src_mean_length,dst2src_min_time,dst2src_max_time,dst2src_mean_time,dst2src_stddev_time,bidirectional_min_length,bidirectional_max_length,bidirectional_stddev_length,bidirectional_mean_length,bidirectional_min_time,bidirectional_max_time,bidirectional_mean_time,bidirectional_stddev_time,label,type,doh_server
"(('192.168.20.208', 44560), ('8.8.4.4', 443))",1,275,39.193623237106365,72.13577235772358,9.989738464355469e-05,1.0030970573425293,0.5140718284712467,0.4544121583442704,26,47133,967.7834349459044,83.74155405405405,9.5367431640625e-07,1.0030970573425293,0.26689927589052276,0.4670196056928126,1,47133,785.4780131150175,79.77404113396331,9.5367431640625e-07,1.0030970573425293,0.17564478098169645,0.36023905990967425,Malicious,iodine_null-32-baseline,Google
"(('192.168.20.208', 44564), ('8.8.4.4', 443))",1,275,38.32780167203041,71.52324598478445,8.20159912109375e-05,1.0032529830932617,0.5356187384745796,0.4522903647684744,26,379,37.79011463606421,63.62196180555556,9.5367431640625e-07,1.0032529830932617,0.2744506564908477,0.4746397204471877,1,379,38.157206578892435,66.30255233725265,9.5367431640625e-07,1.0032529830932617,0.18161254987864403,0.36519460996083647,Malicious,iodine_null-32-baseline,Google
"(('192.168.20.208', 44568), ('8.8.4.4', 443))",1,275,38.34869537506165,71.4704391891892,8.702278137207031e-05,1.0026259422302246,0.5315689687898173,0.45253307071496796,26,49039,1019.4743613773442,84.82943722943723,9.5367431640625e-07,1.0026259422302246,0.272328252036523,0.47377731252361793,1,49039,829.2603536789256,80.30251860331998,9.5367431640625e-07,1.0026259422302246,0.18003037219534895,0.36406372693617906,Malicious,iodine_null-32-baseline,Google
