flow_id,src2dst_min_length,src2dst_max_length,src2dst_stddev_length,src2dst_mean_length,src2dst_min_time,src2dst_max_time,src2dst_mean_time,src2dst_stddev_time,dst2src_min_length,dst2src_max_length,dst2src_stddev_length,dst2src_mean_length,dst2src_min_time,dst2src_max_time,dst2src_mean_time,dst2src_stddev_time,bidirectional_min_length,bidirectional_max_length,bidirectional_stddev_length,bidirectional_mean_length,bidirectional_min_time,bidirectional_max_time,bidirectional_mean_time,bidirectional_stddev_time,label,type,doh_server
"(('192.168.20.211', 36278), ('8.8.4.4', 443))",1,275,38.533321614521526,71.58219178082192,7.486343383789062e-05,1.0025031566619873,0.5255622802479408,0.457844503159213,26,31175,672.4222009884719,81.05302366345312,9.5367431640625e-07,1.0025031566619873,0.2688692025791287,0.4685050739877042,1,31175,547.3555800223859,77.84666666666666,9.5367431640625e-07,1.0025031566619873,0.1778286984776303,0.3641593868508309,Malicious,iodine_null-64-baseline,Google
"(('192.168.20.211', 36282), ('8.8.4.4', 443))",1,275,38.36463136075162,71.33823529411765,7.700920104980469e-05,1.0029911994934082,0.5322500043101125,0.45224828189049177,26,21633,453.801516039101,72.98504837291117,9.5367431640625e-07,1.0029911994934082,0.2704392833642586,0.4713219433575436,1,21633,370.17117492910717,72.43002915451895,9.5367431640625e-07,1.0029911994934082,0.1792793102881831,0.3629260957104703,Malicious,iodine_null-64-baseline,Google
"(('192.168.20.211', 36286), ('8.8.4.4', 443))",1,275,38.419438056415,71.12489379779099,6.794929504394531e-05,1.9520018100738525,0.5235886571764135,0.4462716621301497,26,55367,1340.2552234243087,102.34580703336339,9.5367431640625e-07,1.9520018100738525,0.2777177171229671,0.4841297945612095,1,55367,1083.6371552671378,91.5219440353461,9.5367431640625e-07,1.9520018100738525,0.18142023006466185,0.3614237973623512,Malicious,iodine_null-64-baseline,Google
