flow_id,src2dst_min_length,src2dst_max_length,src2dst_stddev_length,src2dst_mean_length,src2dst_min_time,src2dst_max_time,src2dst_mean_time,src2dst_stddev_time,dst2src_min_length,dst2src_max_length,dst2src_stddev_length,dst2src_mean_length,dst2src_min_time,dst2src_max_time,dst2src_mean_time,dst2src_stddev_time,bidirectional_min_length,bidirectional_max_length,bidirectional_stddev_length,bidirectional_mean_length,bidirectional_min_time,bidirectional_max_time,bidirectional_mean_time,bidirectional_stddev_time,label,type,doh_server
"(('192.168.20.208', 44270), ('8.8.4.4', 443))",1,275,38.57635930744392,71.31265508684864,6.699562072753906e-05,1.0029261112213135,0.5232447194342582,0.45211916173197303,26,30911,639.9151113663253,77.58901758901759,9.5367431640625e-07,1.0029261112213135,0.27126272359119463,0.47150896266220615,1,30911,519.7660415879881,75.4454802259887,0.0,1.0029261112213135,0.17860401838841025,0.36202847923617554,Malicious,iodine_txt-64-baseline,Google
"(('192.168.20.208', 44274), ('8.8.4.4', 443))",1,275,38.439243446807595,71.54789915966387,6.198883056640625e-05,1.0025110244750977,0.5316297628981812,0.453660982743819,26,358,37.25640833129518,64.48984881209503,9.5367431640625e-07,1.0025110244750977,0.27315018624196097,0.4734005789120154,1,358,37.81017826302442,66.88616262482168,9.5367431640625e-07,1.0025110244750977,0.1803960582437036,0.36476876437647504,Malicious,iodine_txt-64-baseline,Google
"(('192.168.20.208', 44278), ('8.8.4.4', 443))",1,275,38.38615189121915,71.56134453781513,7.390975952148438e-05,1.0023472309112549,0.5317257332942184,0.45347081538572215,26,19193,398.8769696289048,72.65674859853385,9.5367431640625e-07,1.0023472309112549,0.272296389595407,0.472761716497002,1,19193,325.03321330969334,72.28526645768025,9.5367431640625e-07,1.0023472309112549,0.18022288964846794,0.3642696350039837,Malicious,iodine_txt-64-baseline,Google
