flow_id,src2dst_min_length,src2dst_max_length,src2dst_stddev_length,src2dst_mean_length,src2dst_min_time,src2dst_max_time,src2dst_mean_time,src2dst_stddev_time,dst2src_min_length,dst2src_max_length,dst2src_stddev_length,dst2src_mean_length,dst2src_min_time,dst2src_max_time,dst2src_mean_time,dst2src_stddev_time,bidirectional_min_length,bidirectional_max_length,bidirectional_stddev_length,bidirectional_mean_length,bidirectional_min_time,bidirectional_max_time,bidirectional_mean_time,bidirectional_stddev_time,label,type,doh_server
"(('192.168.20.211', 35984), ('8.8.4.4', 443))",1,275,38.44279012185489,71.58376068376069,8.296966552734375e-05,1.004530906677246,0.5272664389516473,0.4574872070667505,26,34468,719.4974902025967,82.36894897514173,9.5367431640625e-07,1.004530906677246,0.2689068454722459,0.4688301098412897,1,34468,585.9190263880287,78.72509384926364,9.5367431640625e-07,1.004530906677246,0.17803999628378847,0.3642637591621963,Malicious,iodine_srv-32-baseline,Google
"(('192.168.20.211', 35988), ('8.8.4.4', 443))",1,275,38.33870262285215,71.26575809199319,6.29425048828125e-05,1.0015900135040283,0.5252654278064932,0.4493119040538715,26,379,41.83709536698899,67.17751217352811,9.5367431640625e-07,1.0015900135040283,0.2728506599093455,0.4753650778122642,1,379,40.72080893531941,68.5755898630935,9.5367431640625e-07,1.0015900135040283,0.1795269075807158,0.36190443508889303,Malicious,iodine_srv-32-baseline,Google
"(('192.168.20.211', 35992), ('8.8.4.4', 443))",1,275,38.4362405751113,71.20704467353951,3.600120544433594e-05,1.0017850399017334,0.5290906441590956,0.4505000044898354,26,18865,397.2759741475541,75.35439681838268,9.5367431640625e-07,1.0017850399017334,0.2720122436418879,0.47398914845471257,1,18865,323.61489806293696,73.94572512401517,9.5367431640625e-07,1.0017850399017334,0.17960666058290373,0.3624392691320387,Malicious,iodine_srv-32-baseline,Google
