flow_id,src2dst_min_length,src2dst_max_length,src2dst_stddev_length,src2dst_mean_length,src2dst_min_time,src2dst_max_time,src2dst_mean_time,src2dst_stddev_time,dst2src_min_length,dst2src_max_length,dst2src_stddev_length,dst2src_mean_length,dst2src_min_time,dst2src_max_time,dst2src_mean_time,dst2src_stddev_time,bidirectional_min_length,bidirectional_max_length,bidirectional_stddev_length,bidirectional_mean_length,bidirectional_min_time,bidirectional_max_time,bidirectional_mean_time,bidirectional_stddev_time,label,type,doh_server
"(('192.168.20.205', 39564), ('8.8.4.4', 443))",1,275,38.491774213348044,71.69910786699108,6.008148193359375e-05,1.0168108940124512,0.5242985537299862,0.45416035577884295,26,5241,113.19042855546357,66.17960750853243,9.5367431640625e-07,1.0168108940124512,0.27566983269362993,0.4791062309971197,1,5241,94.4103840359473,68.08219178082192,9.5367431640625e-07,1.0022740364074707,0.18063082164299302,0.36457267907509433,Malicious,iodine_null-32-baseline,Google
"(('192.168.20.205', 39568), ('8.8.4.4', 443))",1,275,38.35144756057607,71.42471358428806,6.699562072753906e-05,1.0022931098937988,0.5308046559639196,0.45058648796226586,26,52066,1069.7571552990466,85.58985200845666,9.5367431640625e-07,1.0022931098937988,0.2741421513549366,0.4749096168181275,1,52066,868.9448338013087,80.76414831335377,9.5367431640625e-07,1.0022931098937988,0.18073410065029163,0.36361536562096214,Malicious,iodine_null-32-baseline,Google
"(('192.168.20.205', 39578), ('8.8.4.4', 443))",1,275,38.342434147239786,71.49378624689312,6.008148193359375e-05,1.0029189586639404,0.5345230563165339,0.45287900250885393,26,61211,1589.6685267974865,109.56101694915255,9.5367431640625e-07,1.0029189586639404,0.27324904067478933,0.47412602051375297,1,61211,1293.354985134549,96.6798430053266,9.5367431640625e-07,1.0029189586639404,0.1807725198871957,0.3649845053143057,Malicious,iodine_null-32-baseline,Google
