flow_id,src2dst_min_length,src2dst_max_length,src2dst_stddev_length,src2dst_mean_length,src2dst_min_time,src2dst_max_time,src2dst_mean_time,src2dst_stddev_time,dst2src_min_length,dst2src_max_length,dst2src_stddev_length,dst2src_mean_length,dst2src_min_time,dst2src_max_time,dst2src_mean_time,dst2src_stddev_time,bidirectional_min_length,bidirectional_max_length,bidirectional_stddev_length,bidirectional_mean_length,bidirectional_min_time,bidirectional_max_time,bidirectional_mean_time,bidirectional_stddev_time,label,type,doh_server
"(('192.168.20.205', 39670), ('8.8.4.4', 443))",1,275,38.68461916986575,71.66312346688471,6.198883056640625e-05,1.0029170513153076,0.5261214753024511,0.4577742051426197,26,410,37.86364685445961,63.966442953020135,9.5367431640625e-07,1.0029170513153076,0.2697776873673004,0.4691705296348592,1,410,38.3176097660765,66.57610202384252,9.5367431640625e-07,1.0029170513153076,0.17829185879633813,0.36453124558126226,Malicious,iodine_null-64-baseline,Google
"(('192.168.20.205', 39674), ('8.8.4.4', 443))",1,275,38.42092087625935,71.54139072847683,7.414817810058594e-05,1.0024149417877197,0.5327078715374179,0.45237109246600343,26,2042,55.402767198997864,64.29886027859857,9.5367431640625e-07,1.0024149417877197,0.27151070645934827,0.4730416508656863,1,2042,50.42936130894843,66.7447581772435,9.5367431640625e-07,1.0024149417877197,0.17980380339643834,0.363657703743251,Malicious,iodine_null-64-baseline,Google
"(('192.168.20.205', 39678), ('8.8.4.4', 443))",1,275,38.32329881603829,71.24898621248987,5.888938903808594e-05,1.8559958934783936,0.5235968872711256,0.4466951745556479,26,10878,227.2386304550909,68.20833333333333,9.5367431640625e-07,1.8559958934783936,0.2771942384979681,0.48294887444296464,1,10878,185.11757317901345,69.26116259477675,9.5367431640625e-07,1.8559958934783936,0.18119982166236706,0.3614168002764652,Malicious,iodine_null-64-baseline,Google
