flow_id,src2dst_min_length,src2dst_max_length,src2dst_stddev_length,src2dst_mean_length,src2dst_min_time,src2dst_max_time,src2dst_mean_time,src2dst_stddev_time,dst2src_min_length,dst2src_max_length,dst2src_stddev_length,dst2src_mean_length,dst2src_min_time,dst2src_max_time,dst2src_mean_time,dst2src_stddev_time,bidirectional_min_length,bidirectional_max_length,bidirectional_stddev_length,bidirectional_mean_length,bidirectional_min_time,bidirectional_max_time,bidirectional_mean_time,bidirectional_stddev_time,label,type,doh_server
"(('192.168.20.212', 38736), ('8.8.4.4', 443))",1,275,38.65541177910031,71.76555839727195,3.790855407714844e-05,1.0028481483459473,0.5224740137012338,0.45439587540434506,26,379,38.127185797506286,63.910381543921915,9.5367431640625e-07,1.0028481483459473,0.2717705059728779,0.47429689630732647,1,379,38.48968467501712,66.59906623869273,9.5367431640625e-07,1.0028481483459473,0.17873308349616054,0.3632240949874941,Malicious,iodine_null-32-baseline,Google
"(('192.168.20.212', 38740), ('8.8.4.4', 443))",1,275,38.81880463558811,71.87878787878788,8.0108642578125e-05,1.0017139911651611,0.5312676394626215,0.451780812154772,26,46082,972.407973704331,84.47725245316681,9.5367431640625e-07,1.0017139911651611,0.2735576715814062,0.4746853243148663,1,46082,790.3311972817952,80.19370032381514,9.5367431640625e-07,1.0017139911651611,0.18053087630738077,0.3640865094463987,Malicious,iodine_null-32-baseline,Google
"(('192.168.20.212', 38744), ('8.8.4.4', 443))",1,275,38.761360100261,71.89198606271778,7.295608520507812e-05,1.0028550624847412,0.5322623965837899,0.4527710250943887,26,54789,1160.2412660823575,88.71787960467206,9.5367431640625e-07,1.0028550624847412,0.2743660962179805,0.47588493344555566,1,54789,942.7115565153405,82.99288678126852,9.5367431640625e-07,1.0028550624847412,0.18099761899840114,0.3649259595200094,Malicious,iodine_null-32-baseline,Google
