flow_id,src2dst_min_length,src2dst_max_length,src2dst_stddev_length,src2dst_mean_length,src2dst_min_time,src2dst_max_time,src2dst_mean_time,src2dst_stddev_time,dst2src_min_length,dst2src_max_length,dst2src_stddev_length,dst2src_mean_length,dst2src_min_time,dst2src_max_time,dst2src_mean_time,dst2src_stddev_time,bidirectional_min_length,bidirectional_max_length,bidirectional_stddev_length,bidirectional_mean_length,bidirectional_min_time,bidirectional_max_time,bidirectional_mean_time,bidirectional_stddev_time,label,type,doh_server
"(('192.168.20.210', 33020), ('8.8.4.4', 443))",1,275,38.60264228685336,71.4050209205021,6.389617919921875e-05,1.0016169548034668,0.5224781287974448,0.45661575764376305,26,1274,46.6150634849463,65.49568221070811,9.5367431640625e-07,1.0016169548034668,0.2694593049537543,0.4689572005559373,1,1274,44.140765415562846,67.50697806892623,9.5367431640625e-07,1.0016169548034668,0.1777318762917804,0.3633984119877743,Malicious,iodine_txt-32-baseline,Google
"(('192.168.20.210', 33024), ('8.8.4.4', 443))",1,275,38.29625519925232,71.35708079930495,5.698204040527344e-05,1.002992868423462,0.5327357713035915,0.45285106107536754,26,18489,390.40407884948223,73.04361370716511,9.5367431640625e-07,1.002992868423462,0.27275400754074275,0.47379834989487757,1,18489,318.25354095914344,72.4723366686286,9.5367431640625e-07,1.002992868423462,0.18034917191614078,0.36436079800274745,Malicious,iodine_txt-32-baseline,Google
"(('192.168.20.210', 33028), ('8.8.4.4', 443))",1,275,38.39633698067843,71.39709649871904,7.605552673339844e-05,1.0030319690704346,0.5321890350080963,0.45286745608397766,26,28484,596.4892238120731,77.28665496049166,9.5367431640625e-07,1.0030319690704346,0.27343916379939476,0.4739376515120431,1,28484,485.2908092734574,75.28703972165845,9.5367431640625e-07,1.0030319690704346,0.18058618647316493,0.36477890822858544,Malicious,iodine_txt-32-baseline,Google
