flow_id,src2dst_min_length,src2dst_max_length,src2dst_stddev_length,src2dst_mean_length,src2dst_min_time,src2dst_max_time,src2dst_mean_time,src2dst_stddev_time,dst2src_min_length,dst2src_max_length,dst2src_stddev_length,dst2src_mean_length,dst2src_min_time,dst2src_max_time,dst2src_mean_time,dst2src_stddev_time,bidirectional_min_length,bidirectional_max_length,bidirectional_stddev_length,bidirectional_mean_length,bidirectional_min_time,bidirectional_max_time,bidirectional_mean_time,bidirectional_stddev_time,label,type,doh_server
"(('192.168.20.206', 56056), ('8.8.4.4', 443))",1,275,38.53338730290063,71.53004115226338,7.796287536621094e-05,1.0031530857086182,0.5271719745199213,0.45569187744626277,26,52541,1076.784178843836,89.65811606391927,9.5367431640625e-07,1.0031530857086182,0.26922430538760045,0.4693723107947769,1,52541,876.3322903856349,83.52797105482884,9.5367431640625e-07,1.0031530857086182,0.17817003815901572,0.36357843655004524,Malicious,iodine_srv-32-baseline,Google
"(('192.168.20.206', 56060), ('8.8.4.4', 443))",1,275,38.34285235454936,71.37303556658395,6.699562072753906e-05,1.0032670497894287,0.5307016035184166,0.45079828156788565,26,379,41.6021413146357,67.02556455048999,9.5367431640625e-07,1.0032670497894287,0.27325045950679017,0.47416680760264496,1,379,40.575738983526215,68.50365579302587,9.5367431640625e-07,1.0032670497894287,0.18033404699022423,0.36341635980914094,Malicious,iodine_srv-32-baseline,Google
"(('192.168.20.206', 56064), ('8.8.4.4', 443))",1,275,38.342766946095146,71.70965058236273,7.104873657226562e-05,1.0030357837677002,0.5331649291922309,0.45131799621626595,26,49343,1020.3767002719788,88.13661670235545,9.5367431640625e-07,1.0030357837677002,0.27433185262769944,0.4756906475387166,1,49343,829.3986795274465,82.55414192818773,9.5367431640625e-07,1.0030357837677002,0.18108910632349248,0.3640350828642964,Malicious,iodine_srv-32-baseline,Google
