flow_id,src2dst_min_length,src2dst_max_length,src2dst_stddev_length,src2dst_mean_length,src2dst_min_time,src2dst_max_time,src2dst_mean_time,src2dst_stddev_time,dst2src_min_length,dst2src_max_length,dst2src_stddev_length,dst2src_mean_length,dst2src_min_time,dst2src_max_time,dst2src_mean_time,dst2src_stddev_time,bidirectional_min_length,bidirectional_max_length,bidirectional_stddev_length,bidirectional_mean_length,bidirectional_min_time,bidirectional_max_time,bidirectional_mean_time,bidirectional_stddev_time,label,type,doh_server
"(('192.168.20.209', 47492), ('8.8.4.4', 443))",1,275,38.19729274906496,71.20216306156406,7.295608520507812e-05,1.0035240650177002,0.5215050024752017,0.45197332203736457,26,3885,88.84133763625064,66.0825727944372,9.5367431640625e-07,1.0035240650177002,0.2722998000227887,0.4719581557030668,1,3885,75.43904515072775,67.83928061661433,9.5367431640625e-07,1.0035240650177002,0.17884851741082733,0.3620620244263405,Malicious,iodine_txt-64-baseline,Google
"(('192.168.20.209', 47496), ('8.8.4.4', 443))",1,275,38.140770715653666,71.2865595942519,8.296966552734375e-05,1.0030250549316406,0.5311173333734425,0.4536248231081571,26,57332,1240.7988005112957,96.45893089960886,9.5367431640625e-07,1.0030250549316406,0.2729314312727555,0.4733416331299503,1,57332,1008.686926343572,87.91159586681975,9.5367431640625e-07,1.0030250549316406,0.18024136894843787,0.3646471493091979,Malicious,iodine_txt-64-baseline,Google
"(('192.168.20.209', 47500), ('8.8.4.4', 443))",1,275,38.204717134052686,71.22654268808115,6.198883056640625e-05,1.0018391609191895,0.530385988214496,0.4526533685868934,26,10432,219.412607073839,68.94952132288947,9.5367431640625e-07,1.0018391609191895,0.27291199078391726,0.47301680191755024,1,10432,179.6616761989899,69.72335535765585,9.5367431640625e-07,1.0018391609191895,0.18014834427285467,0.3638366190873082,Malicious,iodine_txt-64-baseline,Google
