flow_id,src2dst_min_length,src2dst_max_length,src2dst_stddev_length,src2dst_mean_length,src2dst_min_time,src2dst_max_time,src2dst_mean_time,src2dst_stddev_time,dst2src_min_length,dst2src_max_length,dst2src_stddev_length,dst2src_mean_length,dst2src_min_time,dst2src_max_time,dst2src_mean_time,dst2src_stddev_time,bidirectional_min_length,bidirectional_max_length,bidirectional_stddev_length,bidirectional_mean_length,bidirectional_min_time,bidirectional_max_time,bidirectional_mean_time,bidirectional_stddev_time,label,type,doh_server
"(('192.168.20.208', 44468), ('8.8.4.4', 443))",1,275,38.837739221677616,71.82579564489112,8.58306884765625e-05,1.0020859241485596,0.5263110108467479,0.45435811206697074,26,58621,1213.2425085127188,92.24839124839124,9.5367431640625e-07,1.0020859241485596,0.2694628884352328,0.4705019630499915,1,58621,986.9018749229032,85.33078014184397,9.5367431640625e-07,1.0020859241485596,0.1781750953292197,0.3628408859487614,Malicious,iodine_srv-64-baseline,Google
"(('192.168.20.208', 44472), ('8.8.4.4', 443))",1,275,38.35254356575701,71.38059071729958,8.296966552734375e-05,1.9200208187103271,0.5330982719724243,0.4522336373929276,26,37385,777.2213940793479,82.92946776287322,9.5367431640625e-07,1.9200208187103271,0.2732239038913281,0.4786696139559482,1,37385,632.3335064618357,79.01487414187643,9.5367431640625e-07,1.9200208187103271,0.1805975261846496,0.36409676913105504,Malicious,iodine_srv-64-baseline,Google
"(('192.168.20.208', 44476), ('8.8.4.4', 443))",1,275,38.32616793190276,71.35139712108382,6.508827209472656e-05,1.0031871795654297,0.5333607483718354,0.4528320980141549,26,10701,224.39978369773468,71.39845094664372,9.5367431640625e-07,1.0031871795654297,0.27090877096970123,0.4723761204923537,1,10701,184.07372921075944,71.38259629101285,9.5367431640625e-07,1.0031871795654297,0.17961349402932816,0.3639917364395023,Malicious,iodine_srv-64-baseline,Google
