flow_id,src2dst_min_length,src2dst_max_length,src2dst_stddev_length,src2dst_mean_length,src2dst_min_time,src2dst_max_time,src2dst_mean_time,src2dst_stddev_time,dst2src_min_length,dst2src_max_length,dst2src_stddev_length,dst2src_mean_length,dst2src_min_time,dst2src_max_time,dst2src_mean_time,dst2src_stddev_time,bidirectional_min_length,bidirectional_max_length,bidirectional_stddev_length,bidirectional_mean_length,bidirectional_min_time,bidirectional_max_time,bidirectional_mean_time,bidirectional_stddev_time,label,type,doh_server
"(('192.168.20.210', 33506), ('8.8.4.4', 443))",1,275,38.671874481207254,71.72804054054055,5.888938903808594e-05,1.002410888671875,0.5226683592453713,0.45793218853940126,26,48251,1002.3510791766688,85.11149524632671,9.5367431640625e-07,1.002410888671875,0.2673049715242497,0.46815879615974026,1,48251,815.5865423284807,80.58147512864494,9.5367431640625e-07,1.002410888671875,0.1768134598190661,0.36330886296380527,Malicious,iodine_null-64-baseline,Google
"(('192.168.20.210', 33510), ('8.8.4.4', 443))",1,275,38.421240622562905,71.39879931389365,7.700920104980469e-05,1.002932071685791,0.5320006223195612,0.45177648423167927,26,3271,76.92671325048657,64.86212914485166,9.5367431640625e-07,1.002932071685791,0.2705106848663037,0.4724124352250296,1,3271,66.5554944739498,67.06622325043378,9.5367431640625e-07,1.002932071685791,0.17928282470416224,0.3626154479874728,Malicious,iodine_null-64-baseline,Google
"(('192.168.20.210', 33514), ('8.8.4.4', 443))",1,275,38.402825260600125,71.48020219039596,7.915496826171875e-05,1.002000093460083,0.5231129787422554,0.4446826234580455,26,42385,894.8085354226181,82.40491071428572,9.5367431640625e-07,1.002000093460083,0.2770754006783203,0.4778353046770192,1,42385,723.8025629721625,78.62095126933178,9.5367431640625e-07,1.002000093460083,0.1810893148827539,0.36028059870813506,Malicious,iodine_null-64-baseline,Google
