flow_id,src2dst_min_length,src2dst_max_length,src2dst_stddev_length,src2dst_mean_length,src2dst_min_time,src2dst_max_time,src2dst_mean_time,src2dst_stddev_time,dst2src_min_length,dst2src_max_length,dst2src_stddev_length,dst2src_mean_length,dst2src_min_time,dst2src_max_time,dst2src_mean_time,dst2src_stddev_time,bidirectional_min_length,bidirectional_max_length,bidirectional_stddev_length,bidirectional_mean_length,bidirectional_min_time,bidirectional_max_time,bidirectional_mean_time,bidirectional_stddev_time,label,type,doh_server
"(('192.168.20.208', 44668), ('8.8.4.4', 443))",1,275,38.692211932739916,71.81370091896407,6.318092346191406e-05,1.0016460418701172,0.5261635369680399,0.4577306715257689,26,33677,695.3003037319446,78.18992744344857,9.5367431640625e-07,1.0016460418701172,0.26868104781990476,0.4680586050972222,1,33677,566.1172219782724,76.03389830508475,9.5367431640625e-07,1.0016460418701172,0.1778162165057292,0.36409048994903526,Malicious,iodine_null-64-baseline,Google
"(('192.168.20.208', 44672), ('8.8.4.4', 443))",1,275,38.386381570906885,71.60067969413764,6.198883056640625e-05,1.0019199848175049,0.5348244702734914,0.45259601313022,26,3803,86.35728767541545,65.04876996115667,9.5367431640625e-07,1.0019199848175049,0.27155108031831254,0.47240882117022004,1,3803,73.83331692177302,67.25586720091586,9.5367431640625e-07,1.0019199848175049,0.18006114430049414,0.36363485059383677,Malicious,iodine_null-64-baseline,Google
"(('192.168.20.208', 44676), ('8.8.4.4', 443))",1,275,38.31539329096898,71.70216306156406,7.82012939453125e-05,2.5919902324676514,0.525259570416364,0.44986489194354634,26,540,39.131535281610844,63.817582417582415,9.5367431640625e-07,2.5919902324676514,0.2773948870107807,0.4941423646520626,1,540,39.03188056964334,66.54328444060972,9.5367431640625e-07,2.5919902324676514,0.18148352821347902,0.3631689845049938,Malicious,iodine_null-64-baseline,Google
