flow_id,src2dst_min_length,src2dst_max_length,src2dst_stddev_length,src2dst_mean_length,src2dst_min_time,src2dst_max_time,src2dst_mean_time,src2dst_stddev_time,dst2src_min_length,dst2src_max_length,dst2src_stddev_length,dst2src_mean_length,dst2src_min_time,dst2src_max_time,dst2src_mean_time,dst2src_stddev_time,bidirectional_min_length,bidirectional_max_length,bidirectional_stddev_length,bidirectional_mean_length,bidirectional_min_time,bidirectional_max_time,bidirectional_mean_time,bidirectional_stddev_time,label,type,doh_server
"(('192.168.20.205', 39382), ('8.8.4.4', 443))",1,275,38.43616233893042,71.61532192339038,7.700920104980469e-05,1.0038208961486816,0.5262532358651838,0.45725545534031226,26,31805,648.2749604011025,80.6479634247714,9.5367431640625e-07,1.0038208961486816,0.26825201625387785,0.4678799881216665,1,31805,528.0529895498366,77.59730250481695,9.5367431640625e-07,1.0038208961486816,0.17763944580691501,0.36368408508456274,Malicious,iodine_srv-32-baseline,Google
"(('192.168.20.205', 39386), ('8.8.4.4', 443))",1,275,38.38208756514309,71.32817589576547,7.700920104980469e-05,1.0047199726104736,0.525733745671329,0.4505271357083519,26,56836,1168.0755522999457,91.03976311336717,9.5367431640625e-07,1.0047199726104736,0.2729729390275514,0.4763130017173024,1,56836,947.9149930166424,84.30094654788418,9.5367431640625e-07,1.0047199726104736,0.17963667667466462,0.36248565330202626,Malicious,iodine_srv-32-baseline,Google
"(('192.168.20.205', 39390), ('8.8.4.4', 443))",1,275,38.2926870158411,71.2037797863599,9.679794311523438e-05,1.096282958984375,0.5298644004291609,0.45027045802540216,26,44980,1015.1049167618088,94.59552931252637,9.5367431640625e-07,1.096282958984375,0.2718460139343004,0.47256140216355697,1,44980,825.5590055001792,86.6613712374582,9.5367431640625e-07,1.0031869411468506,0.17962506577135762,0.36217708580113805,Malicious,iodine_srv-32-baseline,Google
