flow_id,src2dst_min_length,src2dst_max_length,src2dst_stddev_length,src2dst_mean_length,src2dst_min_time,src2dst_max_time,src2dst_mean_time,src2dst_stddev_time,dst2src_min_length,dst2src_max_length,dst2src_stddev_length,dst2src_mean_length,dst2src_min_time,dst2src_max_time,dst2src_mean_time,dst2src_stddev_time,bidirectional_min_length,bidirectional_max_length,bidirectional_stddev_length,bidirectional_mean_length,bidirectional_min_time,bidirectional_max_time,bidirectional_mean_time,bidirectional_stddev_time,label,type,doh_server
"(('192.168.20.204', 53504), ('8.8.4.4', 443))",1,275,38.403562931062915,71.61030595813205,5.91278076171875e-05,1.002263069152832,0.5251488234130343,0.4533010877667767,26,51972,1065.7720285512657,86.47472620050547,9.5367431640625e-07,1.002263069152832,0.2746192659449587,0.4742719907014271,1,51972,863.8780078372122,81.36919247787611,9.5367431640625e-07,1.002263069152832,0.1802793056308646,0.36408330152799734,Malicious,iodine_txt-64-baseline,Google
"(('192.168.20.204', 53508), ('8.8.4.4', 443))",1,275,38.62431831501837,71.79149632052331,4.506111145019531e-05,1.002722978591919,0.5320753495158619,0.45389195920589964,26,33274,681.0394117599647,78.47105704697987,9.5367431640625e-07,1.002722978591919,0.2728317004014502,0.47341366788811007,1,33274,554.1372933466677,76.20626559467702,9.5367431640625e-07,1.002722978591919,0.18030950557636805,0.3646484260943729,Malicious,iodine_txt-64-baseline,Google
"(('192.168.20.204', 53512), ('8.8.4.4', 443))",1,275,38.45502646936113,71.40960912052117,5.507469177246094e-05,1.0035779476165771,0.5300192974793202,0.4521443424277588,26,43649,894.9261636744537,82.93936842105263,9.5367431640625e-07,1.0035779476165771,0.27392420812926577,0.4742043223588529,1,43649,726.9530529768123,79.0097141271163,9.5367431640625e-07,1.0035779476165771,0.18054793948004605,0.3639699846641146,Malicious,iodine_txt-64-baseline,Google
