flow_id,src2dst_min_length,src2dst_max_length,src2dst_stddev_length,src2dst_mean_length,src2dst_min_time,src2dst_max_time,src2dst_mean_time,src2dst_stddev_time,dst2src_min_length,dst2src_max_length,dst2src_stddev_length,dst2src_mean_length,dst2src_min_time,dst2src_max_time,dst2src_mean_time,dst2src_stddev_time,bidirectional_min_length,bidirectional_max_length,bidirectional_stddev_length,bidirectional_mean_length,bidirectional_min_time,bidirectional_max_time,bidirectional_mean_time,bidirectional_stddev_time,label,type,doh_server
"(('192.168.20.209', 47780), ('8.8.4.4', 443))",1,275,38.3106791073721,71.62362869198313,3.504753112792969e-05,1.003127098083496,0.5203174763434643,0.4550033348432737,26,54077,1133.781373768169,87.73888154997799,9.5367431640625e-07,1.003127098083496,0.27137244230850155,0.47150002612187875,1,54077,919.3807015447884,82.21325231481481,9.5367431640625e-07,1.003127098083496,0.17830850708846935,0.3631105750213801,Malicious,iodine_null-32-baseline,Google
"(('192.168.20.209', 47784), ('8.8.4.4', 443))",1,275,38.2646011114285,71.07407407407408,7.200241088867188e-05,1.0023810863494873,0.5285649402059219,0.451152613671647,26,14986,312.9027500694282,70.11920242739488,9.5367431640625e-07,1.0023810863494873,0.27205816952952694,0.4735663314160646,1,14986,255.197316967021,70.44377682403433,9.5367431640625e-07,1.0023810863494873,0.1795668528976615,0.3628513529164067,Malicious,iodine_null-32-baseline,Google
"(('192.168.20.209', 47788), ('8.8.4.4', 443))",1,275,38.22704057609096,71.50211327134404,7.510185241699219e-05,1.0022320747375488,0.5288549889566128,0.4521405459768848,26,23441,488.8092977289955,73.79565217391304,9.5367431640625e-07,1.0022320747375488,0.2718860973426185,0.47629833243098124,1,23441,397.8416694874033,73.01665231122595,9.5367431640625e-07,1.0022320747375488,0.17952515707832176,0.3634539269508383,Malicious,iodine_null-32-baseline,Google
