flow_id,src2dst_min_length,src2dst_max_length,src2dst_stddev_length,src2dst_mean_length,src2dst_min_time,src2dst_max_time,src2dst_mean_time,src2dst_stddev_time,dst2src_min_length,dst2src_max_length,dst2src_stddev_length,dst2src_mean_length,dst2src_min_time,dst2src_max_time,dst2src_mean_time,dst2src_stddev_time,bidirectional_min_length,bidirectional_max_length,bidirectional_stddev_length,bidirectional_mean_length,bidirectional_min_time,bidirectional_max_time,bidirectional_mean_time,bidirectional_stddev_time,label,type,doh_server
"(('192.168.20.205', 39280), ('8.8.4.4', 443))",1,275,38.40515253134991,71.48178137651821,6.413459777832031e-05,1.00221586227417,0.5237247941946095,0.4530876222556382,26,2524,63.33014383035306,65.41357504215851,9.5367431640625e-07,1.00221586227417,0.27255943826058404,0.47229772620734384,1,2524,56.13183389593312,67.49126698087053,9.5367431640625e-07,1.00221586227417,0.1792225169262751,0.36307446152456596,Malicious,iodine_txt-64-baseline,Google
"(('192.168.20.205', 39284), ('8.8.4.4', 443))",1,275,38.320063148257915,71.41741988496302,7.295608520507812e-05,1.0037422180175781,0.5316817878108275,0.45364580516635467,26,358,37.16051970956868,64.50528988573846,9.5367431640625e-07,1.0037422180175781,0.27370302249171996,0.47422680070128914,1,358,37.70116160613269,66.8550279329609,9.5367431640625e-07,1.0037422180175781,0.18064404972840634,0.3650152901492988,Malicious,iodine_txt-64-baseline,Google
"(('192.168.20.205', 39288), ('8.8.4.4', 443))",1,275,38.326781167043194,71.45073891625616,6.604194641113281e-05,1.0025579929351807,0.5303365349671639,0.4528815759631621,26,47410,973.8612758142913,84.37785291631445,9.5367431640625e-07,1.0025579929351807,0.2724652595802291,0.47296136008834405,1,47410,791.6013568652088,79.98465401785714,9.5367431640625e-07,1.0025579929351807,0.18013384400084803,0.3639921333810537,Malicious,iodine_txt-64-baseline,Google
