flow_id,src2dst_min_length,src2dst_max_length,src2dst_stddev_length,src2dst_mean_length,src2dst_min_time,src2dst_max_time,src2dst_mean_time,src2dst_stddev_time,dst2src_min_length,dst2src_max_length,dst2src_stddev_length,dst2src_mean_length,dst2src_min_time,dst2src_max_time,dst2src_mean_time,dst2src_stddev_time,bidirectional_min_length,bidirectional_max_length,bidirectional_stddev_length,bidirectional_mean_length,bidirectional_min_time,bidirectional_max_time,bidirectional_mean_time,bidirectional_stddev_time,label,type,doh_server
"(('192.168.20.207', 58204), ('8.8.4.4', 443))",1,275,38.60123791501386,71.54642563681183,5.91278076171875e-05,1.0022399425506592,0.5230269383050894,0.45648327723586973,26,37439,800.2044408094171,85.88792314730101,9.5367431640625e-07,1.0022399425506592,0.2909538599664614,0.48153383220267865,1,37439,641.8020596355741,80.75903614457832,9.5367431640625e-07,1.0022399425506592,0.18694907612551107,0.37036296064721885,Malicious,iodine_srv-32-baseline,Google
"(('192.168.20.207', 58208), ('8.8.4.4', 443))",1,275,38.34222135717994,71.24315352697096,6.604194641113281e-05,1.0030810832977295,0.5280475871903556,0.450202189310987,26,59637,1285.9657603487863,96.13600372612949,9.5367431640625e-07,1.0030810832977295,0.29623889556468813,0.4872998019105424,1,59637,1029.5109571839037,87.18735083532219,9.5367431640625e-07,1.0030810832977295,0.18972524469626623,0.3699585537792777,Malicious,iodine_srv-32-baseline,Google
"(('192.168.20.207', 58212), ('8.8.4.4', 443))",1,275,38.33138754169064,71.47710241465445,6.29425048828125e-05,1.0029761791229248,0.5296296199162801,0.4510710442565782,26,61221,1325.0598304506464,97.29610511496949,9.5367431640625e-07,1.0029761791229248,0.2983636366929247,0.4881973285053698,1,61221,1060.0022953005032,87.98979591836735,9.5367431640625e-07,1.0029761791229248,0.19080022332618918,0.371071839647313,Malicious,iodine_srv-32-baseline,Google
