flow_id,src2dst_min_length,src2dst_max_length,src2dst_stddev_length,src2dst_mean_length,src2dst_min_time,src2dst_max_time,src2dst_mean_time,src2dst_stddev_time,dst2src_min_length,dst2src_max_length,dst2src_stddev_length,dst2src_mean_length,dst2src_min_time,dst2src_max_time,dst2src_mean_time,dst2src_stddev_time,bidirectional_min_length,bidirectional_max_length,bidirectional_stddev_length,bidirectional_mean_length,bidirectional_min_time,bidirectional_max_time,bidirectional_mean_time,bidirectional_stddev_time,label,type,doh_server
"(('192.168.20.204', 53700), ('8.8.4.4', 443))",1,275,38.75438172523579,71.83414239482201,7.796287536621094e-05,1.0159549713134766,0.5253691206094224,0.45607045246936906,26,536,42.055787785273125,67.2930174563591,9.5367431640625e-07,1.0159549713134766,0.2693508836187097,0.47144501118239984,1,536,41.02160475650674,68.83415705656233,9.5367431640625e-07,1.003019094467163,0.17820128095375906,0.36368098304797086,Malicious,iodine_srv-64-baseline,Google
"(('192.168.20.204', 53704), ('8.8.4.4', 443))",1,275,38.32089034726496,71.56827473426002,7.104873657226562e-05,1.0031349658966064,0.5322426824835045,0.4512254472178905,26,13707,282.8546753247109,72.67214496418036,9.5367431640625e-07,1.0031349658966064,0.27418151261633605,0.47554661594293407,1,13707,230.8596200784811,72.29671857619577,9.5367431640625e-07,1.0031349658966064,0.18091809679967805,0.3641462427246192,Malicious,iodine_srv-64-baseline,Google
"(('192.168.20.204', 53708), ('8.8.4.4', 443))",1,275,38.534717457962,71.70221493027071,7.200241088867188e-05,1.0022459030151367,0.5323540827715142,0.451998261457256,26,51862,1060.9449279152668,88.46898575020955,9.5367431640625e-07,1.0022459030151367,0.2718518750972468,0.473534503363604,1,51862,863.4556919949786,82.7994452149792,9.5367431640625e-07,1.0022459030151367,0.1799132277513053,0.36379823073638745,Malicious,iodine_srv-64-baseline,Google
