flow_id,src2dst_min_length,src2dst_max_length,src2dst_stddev_length,src2dst_mean_length,src2dst_min_time,src2dst_max_time,src2dst_mean_time,src2dst_stddev_time,dst2src_min_length,dst2src_max_length,dst2src_stddev_length,dst2src_mean_length,dst2src_min_time,dst2src_max_time,dst2src_mean_time,dst2src_stddev_time,bidirectional_min_length,bidirectional_max_length,bidirectional_stddev_length,bidirectional_mean_length,bidirectional_min_time,bidirectional_max_time,bidirectional_mean_time,bidirectional_stddev_time,label,type,doh_server
"(('192.168.20.212', 38360), ('8.8.4.4', 443))",1,275,39.211815907337595,72.31016949152543,4.38690185546875e-05,1.0024511814117432,0.5212881933136245,0.4564428668215581,26,57798,1208.1657069258401,91.0586176727909,9.5367431640625e-07,1.0024511814117432,0.2689532503257434,0.4692833190803864,1,57798,981.4906546781668,84.67570686670514,9.5367431640625e-07,1.0024511814117432,0.17737338525736315,0.36291948508445604,Malicious,iodine_txt-32-baseline,Google
"(('192.168.20.212', 38364), ('8.8.4.4', 443))",1,275,38.95728039910378,71.97318339100346,8.606910705566406e-05,1.0021300315856934,0.53120453595083,0.45144034387592596,26,358,37.90241444294952,64.83274021352314,9.5367431640625e-07,1.0021300315856934,0.2730307547208941,0.4741072000963895,1,358,38.41303702465777,67.25763807285547,9.5367431640625e-07,1.0021300315856934,0.18029422245759877,0.3635328474191691,Malicious,iodine_txt-32-baseline,Google
"(('192.168.20.212', 38368), ('8.8.4.4', 443))",1,275,38.79742907677211,71.541774332472,7.987022399902344e-05,1.001852035522461,0.5287690836807777,0.45089030957249543,26,55419,1167.094078343237,89.34251443802755,9.5367431640625e-07,1.001852035522461,0.2725920510821872,0.47369414524619957,1,55419,948.2656343834095,83.28546307151231,9.5367431640625e-07,1.001852035522461,0.1798217933361777,0.36310538112351204,Malicious,iodine_txt-32-baseline,Google
