flow_id,src2dst_min_length,src2dst_max_length,src2dst_stddev_length,src2dst_mean_length,src2dst_min_time,src2dst_max_time,src2dst_mean_time,src2dst_stddev_time,dst2src_min_length,dst2src_max_length,dst2src_stddev_length,dst2src_mean_length,dst2src_min_time,dst2src_max_time,dst2src_mean_time,dst2src_stddev_time,bidirectional_min_length,bidirectional_max_length,bidirectional_stddev_length,bidirectional_mean_length,bidirectional_min_time,bidirectional_max_time,bidirectional_mean_time,bidirectional_stddev_time,label,type,doh_server
"(('192.168.20.206', 56348), ('8.8.4.4', 443))",1,275,38.64438627692542,71.64473684210526,7.200241088867188e-05,1.0031909942626953,0.5255776799755332,0.4576330905021148,26,34667,711.032034136346,78.43091828138164,9.5367431640625e-07,1.0031909942626953,0.26866194270504107,0.46825818724377793,1,34667,578.6517780713444,76.13231197771587,9.5367431640625e-07,1.0031909942626953,0.1779261301672535,0.36411733266105883,Malicious,iodine_null-64-baseline,Google
"(('192.168.20.206', 56352), ('8.8.4.4', 443))",1,275,38.47490826112059,71.5981697171381,6.508827209472656e-05,1.003054141998291,0.5317854780043094,0.45169479464462,26,11097,230.55804697278822,68.17049319727892,9.5367431640625e-07,1.003054141998291,0.2716432386436446,0.472959571026025,1,11097,188.89691304107242,69.3297692740574,9.5367431640625e-07,1.003054141998291,0.17975636337832132,0.3629828772591898,Malicious,iodine_null-64-baseline,Google
"(('192.168.20.206', 56356), ('8.8.4.4', 443))",1,275,38.3594960927137,71.4426362896664,6.818771362304688e-05,1.8880019187927246,0.5218510082179638,0.44571610543111073,26,379,37.78512013658047,63.54851398601399,9.5367431640625e-07,1.8880019187927246,0.2801890078203929,0.48870891510346204,1,379,38.17283455787986,66.30707989764004,9.5367431640625e-07,1.8880019187927246,0.1822619562262968,0.36186388691447163,Malicious,iodine_null-64-baseline,Google
