flow_id,src2dst_min_length,src2dst_max_length,src2dst_stddev_length,src2dst_mean_length,src2dst_min_time,src2dst_max_time,src2dst_mean_time,src2dst_stddev_time,dst2src_min_length,dst2src_max_length,dst2src_stddev_length,dst2src_mean_length,dst2src_min_time,dst2src_max_time,dst2src_mean_time,dst2src_stddev_time,bidirectional_min_length,bidirectional_max_length,bidirectional_stddev_length,bidirectional_mean_length,bidirectional_min_time,bidirectional_max_time,bidirectional_mean_time,bidirectional_stddev_time,label,type,doh_server
"(('192.168.20.210', 33312), ('8.8.4.4', 443))",1,275,38.730340909318436,71.7228813559322,4.291534423828125e-05,1.001774787902832,0.5248914367572244,0.4578541785795464,26,61947,1285.098793437642,94.54502369668246,9.5367431640625e-07,1.001774787902832,0.26672681847523,0.46732364629729745,1,61947,1046.6496987532817,86.85289917166524,9.5367431640625e-07,1.001774787902832,0.1768134296962193,0.36329219112562916,Malicious,iodine_srv-64-baseline,Google
"(('192.168.20.210', 33316), ('8.8.4.4', 443))",1,275,38.341220351007806,71.20238095238095,3.409385681152344e-05,1.001871109008789,0.5279472349045125,0.4497603508692924,26,60907,1273.1612524704492,93.4,9.5367431640625e-07,1.001871109008789,0.2715839601648668,0.47311945963049673,1,60907,1034.783422935561,85.85755561976308,9.5367431640625e-07,1.0018360614776611,0.17928843959907576,0.3617651830588056,Malicious,iodine_srv-64-baseline,Google
"(('192.168.20.210', 33320), ('8.8.4.4', 443))",1,275,38.79228915611396,71.82883642495784,7.700920104980469e-05,1.0029678344726562,0.5226002252554591,0.45178618724760705,26,55687,1152.775959545768,90.70343347639485,9.5367431640625e-07,1.0029678344726562,0.2658826556519,0.4688153724870786,1,55687,938.7353911571828,84.3367463026166,9.5367431640625e-07,1.0029678344726562,0.17618243724828425,0.36010798929866106,Malicious,iodine_srv-64-baseline,Google
