flow_id,src2dst_min_length,src2dst_max_length,src2dst_stddev_length,src2dst_mean_length,src2dst_min_time,src2dst_max_time,src2dst_mean_time,src2dst_stddev_time,dst2src_min_length,dst2src_max_length,dst2src_stddev_length,dst2src_mean_length,dst2src_min_time,dst2src_max_time,dst2src_mean_time,dst2src_stddev_time,bidirectional_min_length,bidirectional_max_length,bidirectional_stddev_length,bidirectional_mean_length,bidirectional_min_time,bidirectional_max_time,bidirectional_mean_time,bidirectional_stddev_time,label,type,doh_server
"(('192.168.20.206', 55860), ('8.8.4.4', 443))",1,275,38.60363525331996,71.7993447993448,4.00543212890625e-05,1.0030460357666016,0.5267201130507422,0.4577998475190984,26,64193,1311.2592549809708,91.61387379857919,9.5367431640625e-07,1.0030460357666016,0.26820918020596074,0.468339586283752,1,64193,1067.280548973986,84.91947980077477,9.5367431640625e-07,1.0030460357666016,0.17785733128201095,0.3642661935895788,Malicious,iodine_txt-32-baseline,Google
"(('192.168.20.206', 55864), ('8.8.4.4', 443))",1,275,38.38917537098773,71.4720600500417,5.1975250244140625e-05,1.0023510456085205,0.5349035191416541,0.4524388449292402,26,23519,486.4050053088231,74.73567151411463,9.5367431640625e-07,1.0023510456085205,0.2741863491905516,0.4743537882690543,1,23519,396.0943273571173,73.62934690415607,9.5367431640625e-07,1.0023510456085205,0.18122579636077535,0.364867504778942,Malicious,iodine_txt-32-baseline,Google
"(('192.168.20.206', 55868), ('8.8.4.4', 443))",1,275,38.87076825159592,71.67615947925142,2.6941299438476562e-05,1.0028619766235352,0.521709981298602,0.4509851242618017,26,53204,1091.500557171182,87.23313659359191,9.5367431640625e-07,1.0028619766235352,0.270189487999474,0.4717023146458073,1,53204,886.1911938124894,81.92363232435434,9.5367431640625e-07,1.0028619766235352,0.17796107139852313,0.3612955212017965,Malicious,iodine_txt-32-baseline,Google
