flow_id,src2dst_min_length,src2dst_max_length,src2dst_stddev_length,src2dst_mean_length,src2dst_min_time,src2dst_max_time,src2dst_mean_time,src2dst_stddev_time,dst2src_min_length,dst2src_max_length,dst2src_stddev_length,dst2src_mean_length,dst2src_min_time,dst2src_max_time,dst2src_mean_time,dst2src_stddev_time,bidirectional_min_length,bidirectional_max_length,bidirectional_stddev_length,bidirectional_mean_length,bidirectional_min_time,bidirectional_max_time,bidirectional_mean_time,bidirectional_stddev_time,label,type,doh_server
"(('192.168.20.206', 56242), ('8.8.4.4', 443))",1,275,38.52919189807774,71.30862207896857,2.5987625122070312e-05,1.0031349658966064,0.5172532612277615,0.4540485277363348,26,45906,941.809041474307,83.14966273187184,9.5367431640625e-07,1.0031349658966064,0.27049941706888686,0.47163492543215035,1,45906,763.4630968157868,79.08247993357321,9.5367431640625e-07,1.0031349658966064,0.1775731018611363,0.3618679723791645,Malicious,iodine_null-32-baseline,Google
"(('192.168.20.206', 56246), ('8.8.4.4', 443))",1,275,38.3435039415747,71.31574608408904,6.699562072753906e-05,1.0018370151519775,0.5306457013580272,0.4512933854061958,26,52055,1071.569751101107,85.64516129032258,9.5367431640625e-07,1.0018370151519775,0.2730794551266227,0.4738308353095461,1,52055,870.9457470754032,80.77500700476324,9.5367431640625e-07,1.0018370151519775,0.18025296806219981,0.3635245522998022,Malicious,iodine_null-32-baseline,Google
"(('192.168.20.206', 56250), ('8.8.4.4', 443))",1,275,38.8621696447896,71.77369281045752,5.793571472167969e-05,1.0021939277648926,0.5229227685187551,0.45247681513071436,26,24665,504.43221990838276,73.88247595148474,9.5367431640625e-07,1.0021939277648926,0.26715197782636185,0.4693605200074174,1,24665,410.86441158124825,73.16846473029045,9.5367431640625e-07,1.0021939277648926,0.17696030600399487,0.3612259489774185,Malicious,iodine_null-32-baseline,Google
