flow_id,src2dst_min_length,src2dst_max_length,src2dst_stddev_length,src2dst_mean_length,src2dst_min_time,src2dst_max_time,src2dst_mean_time,src2dst_stddev_time,dst2src_min_length,dst2src_max_length,dst2src_stddev_length,dst2src_mean_length,dst2src_min_time,dst2src_max_time,dst2src_mean_time,dst2src_stddev_time,bidirectional_min_length,bidirectional_max_length,bidirectional_stddev_length,bidirectional_mean_length,bidirectional_min_time,bidirectional_max_time,bidirectional_mean_time,bidirectional_stddev_time,label,type,doh_server
"(('192.168.20.211', 36086), ('8.8.4.4', 443))",1,275,38.5544112961039,71.62756849315069,6.198883056640625e-05,1.0029499530792236,0.5255052638850666,0.45666229716644813,26,8766,186.78102673881008,71.07202095154955,9.5367431640625e-07,1.0029499530792236,0.26778344972685436,0.46873458465152573,1,8766,153.65158175889678,71.25961260479907,9.5367431640625e-07,1.0029499530792236,0.17734662896294756,0.3632361814054479,Malicious,iodine_srv-64-baseline,Google
"(('192.168.20.211', 36090), ('8.8.4.4', 443))",1,275,38.384145544535166,71.42598967297762,6.198883056640625e-05,1.003180980682373,0.5298001936650502,0.45085677130495566,26,25677,539.8408292917709,78.04330534688467,9.5367431640625e-07,1.003180980682373,0.27190890974117315,0.4737482506352703,1,25677,439.3915772159476,75.79824817518248,9.5367431640625e-07,1.003180980682373,0.1796431147328047,0.36267226160773625,Malicious,iodine_srv-64-baseline,Google
"(('192.168.20.211', 36094), ('8.8.4.4', 443))",1,275,38.37456217428113,71.5415944540728,5.91278076171875e-05,1.0031440258026123,0.5329321570119336,0.45321365981576844,26,20890,439.31149221754515,76.03883495145631,9.5367431640625e-07,1.0031440258026123,0.27127185299433354,0.4728746549992788,1,20890,358.29379114416685,74.52134502923977,9.5367431640625e-07,1.0031440258026123,0.179722368246493,0.3641672174163774,Malicious,iodine_srv-64-baseline,Google
