flow_id,src2dst_min_length,src2dst_max_length,src2dst_stddev_length,src2dst_mean_length,src2dst_min_time,src2dst_max_time,src2dst_mean_time,src2dst_stddev_time,dst2src_min_length,dst2src_max_length,dst2src_stddev_length,dst2src_mean_length,dst2src_min_time,dst2src_max_time,dst2src_mean_time,dst2src_stddev_time,bidirectional_min_length,bidirectional_max_length,bidirectional_stddev_length,bidirectional_mean_length,bidirectional_min_time,bidirectional_max_time,bidirectional_mean_time,bidirectional_stddev_time,label,type,doh_server
"(('192.168.20.205', 39188), ('8.8.4.4', 443))",1,275,38.53639251033244,71.45941558441558,3.910064697265625e-05,1.0031449794769287,0.5252086045197798,0.4564885106867318,26,24187,493.9923418599721,74.9345560650271,9.5367431640625e-07,1.0031449794769287,0.2695961714387437,0.4686725068055941,1,24187,402.1642184664457,73.75543927292757,9.5367431640625e-07,1.0031449794769287,0.1781079317255782,0.3637781225200406,Malicious,iodine_txt-32-baseline,Google
"(('192.168.20.205', 39192), ('8.8.4.4', 443))",1,275,38.3658742515375,71.51861042183623,3.409385681152344e-05,1.0031940937042236,0.5342411207442253,0.4530671224024978,26,38757,797.6839497155825,81.10436996181586,9.5367431640625e-07,1.0031940937042236,0.2739060373379136,0.4743895473260202,1,38757,648.9154326820129,77.85445877734156,9.5367431640625e-07,1.0031940937042236,0.1810275662998665,0.365108378057403,Malicious,iodine_txt-32-baseline,Google
"(('192.168.20.205', 39196), ('8.8.4.4', 443))",1,275,38.46051050332075,71.53694581280789,8.416175842285156e-05,1.0018060207366943,0.5309480278826975,0.451532446592918,26,36546,752.841267213476,80.28346791330216,9.5367431640625e-07,1.0018060207366943,0.274712155668103,0.47532808744752897,1,36546,611.5368084141193,77.30019602352283,9.5367431640625e-07,1.0018060207366943,0.1809982492810204,0.3644174327194989,Malicious,iodine_txt-32-baseline,Google
