flow_id,src2dst_min_length,src2dst_max_length,src2dst_stddev_length,src2dst_mean_length,src2dst_min_time,src2dst_max_time,src2dst_mean_time,src2dst_stddev_time,dst2src_min_length,dst2src_max_length,dst2src_stddev_length,dst2src_mean_length,dst2src_min_time,dst2src_max_time,dst2src_mean_time,dst2src_stddev_time,bidirectional_min_length,bidirectional_max_length,bidirectional_stddev_length,bidirectional_mean_length,bidirectional_min_time,bidirectional_max_time,bidirectional_mean_time,bidirectional_stddev_time,label,type,doh_server
"(('192.168.20.207', 58300), ('8.8.4.4', 443))",1,275,38.563890679822265,71.5643153526971,6.29425048828125e-05,1.0018229484558105,0.5257302576125262,0.4569597712735862,26,10799,236.3361173297209,74.0507996237065,9.5367431640625e-07,1.0018229484558105,0.2978533570906695,0.48457876591798016,1,10799,190.23285178715884,73.1513059141399,9.5367431640625e-07,1.0018229484558105,0.190083852902547,0.3730426754325746,Malicious,iodine_srv-64-baseline,Google
"(('192.168.20.207', 58304), ('8.8.4.4', 443))",1,275,38.33602030659337,71.20348837209302,6.508827209472656e-05,1.0024728775024414,0.5282107889899985,0.4495102498958471,26,13567,296.5796084397341,74.72585227272727,9.5367431640625e-07,1.0024728775024414,0.30099238179295845,0.48943549436182726,1,13567,237.82118251920406,73.44692400482509,9.5367431640625e-07,1.0024728775024414,0.19168554423980944,0.37077509301167566,Malicious,iodine_srv-64-baseline,Google
"(('192.168.20.207', 58308), ('8.8.4.4', 443))",1,275,38.288773405424394,71.41897565071369,2.5033950805664062e-05,1.002319097518921,0.5332205606107953,0.45246872734095767,26,55885,1209.558554953385,94.48615673392773,9.5367431640625e-07,1.002319097518921,0.2978835656609334,0.48721880247557453,1,55885,969.1001956908951,86.21613485851897,9.5367431640625e-07,1.002319097518921,0.19106668687950806,0.3721920522274688,Malicious,iodine_srv-64-baseline,Google
