flow_id,src2dst_min_length,src2dst_max_length,src2dst_stddev_length,src2dst_mean_length,src2dst_min_time,src2dst_max_time,src2dst_mean_time,src2dst_stddev_time,dst2src_min_length,dst2src_max_length,dst2src_stddev_length,dst2src_mean_length,dst2src_min_time,dst2src_max_time,dst2src_mean_time,dst2src_stddev_time,bidirectional_min_length,bidirectional_max_length,bidirectional_stddev_length,bidirectional_mean_length,bidirectional_min_time,bidirectional_max_time,bidirectional_mean_time,bidirectional_stddev_time,label,type,doh_server
"(('192.168.20.210', 33404), ('8.8.4.4', 443))",1,275,38.338566261489085,71.39815590947192,6.318092346191406e-05,1.016733169555664,0.5216984622830513,0.45435208963878154,26,19630,411.55873929993777,72.50482879719051,9.5367431640625e-07,1.016733169555664,0.2730890830253162,0.47271097301717446,1,19630,334.16928406134616,72.12445980985306,9.5367431640625e-07,1.0031499862670898,0.179211690790028,0.3632822950701749,Malicious,iodine_null-32-baseline,Google
"(('192.168.20.210', 33408), ('8.8.4.4', 443))",1,275,38.30411569317908,71.48122866894198,5.91278076171875e-05,1.002377986907959,0.5315432296055794,0.45088833401262757,26,60522,1270.34996163909,90.35481023830539,9.5367431640625e-07,1.002377986907959,0.2747887028237315,0.4754677956253792,1,60522,1031.6177644315665,83.92088423502037,9.5367431640625e-07,1.002377986907959,0.1810989589374843,0.36407951832785157,Malicious,iodine_null-32-baseline,Google
"(('192.168.20.210', 33412), ('8.8.4.4', 443))",1,275,38.36286241337658,71.50386266094421,7.414817810058594e-05,1.0029890537261963,0.5336623400756993,0.4541184105550104,26,379,37.85907339927758,63.70096322241681,9.5367431640625e-07,1.0029890537261963,0.27163416640673926,0.47344178585271063,1,379,38.20862670683182,66.33661930994491,9.5367431640625e-07,1.0029890537261963,0.18015747211372216,0.36509040426299677,Malicious,iodine_null-32-baseline,Google
