flow_id,src2dst_min_length,src2dst_max_length,src2dst_stddev_length,src2dst_mean_length,src2dst_min_time,src2dst_max_time,src2dst_mean_time,src2dst_stddev_time,dst2src_min_length,dst2src_max_length,dst2src_stddev_length,dst2src_mean_length,dst2src_min_time,dst2src_max_time,dst2src_mean_time,dst2src_stddev_time,bidirectional_min_length,bidirectional_max_length,bidirectional_stddev_length,bidirectional_mean_length,bidirectional_min_time,bidirectional_max_time,bidirectional_mean_time,bidirectional_stddev_time,label,type,doh_server
"(('192.168.20.204', 53414), ('8.8.4.4', 443))",1,275,39.42120521095244,72.04964539007092,7.796287536621094e-05,1.002253770828247,0.513071276976107,0.4548029697509514,26,367,38.48663084571724,64.99551934826884,9.5367431640625e-07,1.002253770828247,0.2650912155829121,0.4652803112935214,1,367,38.95138407998758,67.39930182599356,9.5367431640625e-07,1.002253770828247,0.17474466269290995,0.3596904156912186,Malicious,iodine_txt-32-baseline,Google
"(('192.168.20.204', 53418), ('8.8.4.4', 443))",1,275,38.36724253383177,71.4080130825838,7.796287536621094e-05,1.0030920505523682,0.5317288584482845,0.45189164677100924,26,11247,232.75940676448207,69.57112705783031,9.5367431640625e-07,1.0030920505523682,0.2743801030556898,0.4747057806192429,1,11247,190.3491452962993,70.19654788418708,9.5367431640625e-07,1.0030920505523682,0.18094476887323968,0.3644274773136973,Malicious,iodine_txt-32-baseline,Google
"(('192.168.20.204', 53422), ('8.8.4.4', 443))",1,275,38.529286668993734,71.57563368765331,3.790855407714844e-05,1.0018868446350098,0.5320319460183626,0.4517612217638235,26,42409,871.7066586520932,82.76682183664833,9.5367431640625e-07,1.0018868446350098,0.27523390778437395,0.47542648627052136,1,42409,707.9926136697111,78.95008365867261,9.5367431640625e-07,1.0018868446350098,0.18135091716441815,0.36482070604224975,Malicious,iodine_txt-32-baseline,Google
