flow_id,src2dst_min_length,src2dst_max_length,src2dst_stddev_length,src2dst_mean_length,src2dst_min_time,src2dst_max_time,src2dst_mean_time,src2dst_stddev_time,dst2src_min_length,dst2src_max_length,dst2src_stddev_length,dst2src_mean_length,dst2src_min_time,dst2src_max_time,dst2src_mean_time,dst2src_stddev_time,bidirectional_min_length,bidirectional_max_length,bidirectional_stddev_length,bidirectional_mean_length,bidirectional_min_time,bidirectional_max_time,bidirectional_mean_time,bidirectional_stddev_time,label,type,doh_server
"(('192.168.20.206', 56150), ('8.8.4.4', 443))",1,275,38.62551654153219,71.68373245251858,2.5987625122070312e-05,1.0018889904022217,0.5276764363296761,0.4571182980220892,26,8858,185.22115357952686,70.74789207419899,9.5367431640625e-07,1.0018889904022217,0.2692734947791838,0.4691952948544572,1,8858,152.3683522722673,71.06419201786213,9.5367431640625e-07,1.0018889904022217,0.17824915911750644,0.364282705910577,Malicious,iodine_srv-64-baseline,Google
"(('192.168.20.206', 56154), ('8.8.4.4', 443))",1,275,38.359833176342136,71.48009950248756,6.198883056640625e-05,1.0015699863433838,0.5310362240090905,0.45131981996638604,26,9803,204.55400625451796,70.81617958492164,9.5367431640625e-07,1.0015699863433838,0.2711263025211076,0.4732335724891644,1,9803,167.90795493496802,71.04065040650407,9.5367431640625e-07,1.0015699863433838,0.17944437743436736,0.36284064005727135,Malicious,iodine_srv-64-baseline,Google
"(('192.168.20.206', 56158), ('8.8.4.4', 443))",1,275,38.413996510647664,71.49874686716792,8.58306884765625e-05,1.0023999214172363,0.5345378695523061,0.4526891652282958,26,18193,376.0370295618592,74.4959591663122,9.5367431640625e-07,1.0023999214172363,0.2720286009159494,0.4729271396686582,1,18193,306.9166523741353,73.4847801578354,9.5367431640625e-07,1.0023999214172363,0.18023887566522642,0.36439718843933094,Malicious,iodine_srv-64-baseline,Google
