flow_id,src2dst_min_length,src2dst_max_length,src2dst_stddev_length,src2dst_mean_length,src2dst_min_time,src2dst_max_time,src2dst_mean_time,src2dst_stddev_time,dst2src_min_length,dst2src_max_length,dst2src_stddev_length,dst2src_mean_length,dst2src_min_time,dst2src_max_time,dst2src_mean_time,dst2src_stddev_time,bidirectional_min_length,bidirectional_max_length,bidirectional_stddev_length,bidirectional_mean_length,bidirectional_min_time,bidirectional_max_time,bidirectional_mean_time,bidirectional_stddev_time,label,type,doh_server
"(('192.168.20.209', 47400), ('8.8.4.4', 443))",1,275,38.54743794653479,71.55546288573811,5.1975250244140625e-05,1.0029590129852295,0.5246079551158644,0.4573882876490473,26,8900,186.68307286123434,68.55839727195226,9.5367431640625e-07,1.0029590129852295,0.26799109851373537,0.4683699567468359,1,8900,153.51836452652864,69.57207334273625,9.5367431640625e-07,1.0029590129852295,0.1773364362948097,0.36349532004457186,Malicious,iodine_txt-32-baseline,Google
"(('192.168.20.209', 47404), ('8.8.4.4', 443))",1,275,38.29315422413984,71.3449744463373,8.106231689453125e-05,1.003035068511963,0.5337663359450969,0.4530600569695716,26,358,37.546730807331265,64.79537521815008,9.5367431640625e-07,1.003035068511963,0.27325710080586785,0.47349055193098283,1,358,37.928088695271654,67.0138488170802,9.5367431640625e-07,1.003035068511963,0.1806949241164787,0.3647702705393876,Malicious,iodine_txt-32-baseline,Google
"(('192.168.20.209', 47408), ('8.8.4.4', 443))",1,275,38.25333821107043,71.3125,7.200241088867188e-05,1.0022239685058594,0.5311142086277346,0.4519722283251368,26,64911,1355.9009586642303,93.15865384615384,9.5367431640625e-07,1.0022239685058594,0.27471273498968835,0.4750157738592399,1,64911,1100.968150430946,85.7088133640553,9.5367431640625e-07,1.0022239685058594,0.1810164531278047,0.36460107722863955,Malicious,iodine_txt-32-baseline,Google
