flow_id,src2dst_min_length,src2dst_max_length,src2dst_stddev_length,src2dst_mean_length,src2dst_min_time,src2dst_max_time,src2dst_mean_time,src2dst_stddev_time,dst2src_min_length,dst2src_max_length,dst2src_stddev_length,dst2src_mean_length,dst2src_min_time,dst2src_max_time,dst2src_mean_time,dst2src_stddev_time,bidirectional_min_length,bidirectional_max_length,bidirectional_stddev_length,bidirectional_mean_length,bidirectional_min_time,bidirectional_max_time,bidirectional_mean_time,bidirectional_stddev_time,label,type,doh_server
"(('192.168.20.208', 44174), ('8.8.4.4', 443))",1,275,38.70436516253408,71.81213632585204,6.413459777832031e-05,1.0023150444030762,0.5268813645383482,0.4581322269323487,26,28860,595.7159573989104,77.13390191897655,9.5367431640625e-07,1.0023150444030762,0.2697343365527664,0.46925220417104563,1,28860,484.83553733482904,75.32948139797068,9.5367431640625e-07,1.0023150444030762,0.1785484635396376,0.36498719197866786,Malicious,iodine_txt-32-baseline,Google
"(('192.168.20.208', 44178), ('8.8.4.4', 443))",1,275,38.3764379873029,71.51640033641716,2.4080276489257812e-05,1.026304006576538,0.5322434217841537,0.45108835537990954,26,358,37.51432791006395,64.74967348715717,9.5367431640625e-07,1.026304006576538,0.27537674739801093,0.47557299636489325,1,358,37.94642254651849,67.05765920826161,9.5367431640625e-07,1.002319097518921,0.18143620805726673,0.36432325287741796,Malicious,iodine_txt-32-baseline,Google
"(('192.168.20.208', 44182), ('8.8.4.4', 443))",1,275,38.39293895239305,71.17427385892117,2.5033950805664062e-05,1.0031840801239014,0.5252951130122442,0.4499754943847032,26,358,37.50309079670947,64.7064935064935,9.5367431640625e-07,1.0031840801239014,0.27389118711687155,0.47606039573231207,1,358,37.93492806268114,66.92375533428165,9.5367431640625e-07,1.0031840801239014,0.17998159250618723,0.3625124085536216,Malicious,iodine_txt-32-baseline,Google
