flow_id,src2dst_min_length,src2dst_max_length,src2dst_stddev_length,src2dst_mean_length,src2dst_min_time,src2dst_max_time,src2dst_mean_time,src2dst_stddev_time,dst2src_min_length,dst2src_max_length,dst2src_stddev_length,dst2src_mean_length,dst2src_min_time,dst2src_max_time,dst2src_mean_time,dst2src_stddev_time,bidirectional_min_length,bidirectional_max_length,bidirectional_stddev_length,bidirectional_mean_length,bidirectional_min_time,bidirectional_max_time,bidirectional_mean_time,bidirectional_stddev_time,label,type,doh_server
"(('192.168.20.204', 53602), ('8.8.4.4', 443))",1,275,38.42601580486107,71.4987814784728,7.796287536621094e-05,1.0026729106903076,0.5283475373818622,0.4577531018954299,26,12220,250.73511315494704,72.39710144927537,9.5367431640625e-07,1.0026729106903076,0.26919101365064924,0.46833504524952224,1,12220,205.28184331477027,72.09380142622051,9.5367431640625e-07,1.0026729106903076,0.178290115495114,0.36454091440778835,Malicious,iodine_srv-32-baseline,Google
"(('192.168.20.204', 53606), ('8.8.4.4', 443))",1,275,38.4662951561951,71.64110929853182,7.700920104980469e-05,1.0018610954284668,0.5307618333855454,0.4521227894255046,26,9415,195.47174629680984,71.04173622704508,9.5367431640625e-07,1.0018610954284668,0.2714585298287346,0.4733728996454772,1,9415,160.5515765845746,71.24461623412479,9.5367431640625e-07,1.0018610954284668,0.17955902952148386,0.36346788615661685,Malicious,iodine_srv-32-baseline,Google
"(('192.168.20.204', 53610), ('8.8.4.4', 443))",1,275,38.31455638727514,71.13877551020408,5.698204040527344e-05,1.0023040771484375,0.5302677140905966,0.4496757262424054,26,4869,106.81564357136249,69.11891663140077,9.5367431640625e-07,1.0023040771484375,0.2747698124942893,0.4759397081634767,1,4869,89.53372255550458,69.80852842809365,9.5367431640625e-07,1.0023040771484375,0.18094443324418463,0.36324078992464065,Malicious,iodine_srv-32-baseline,Google
