flow_id,src2dst_min_length,src2dst_max_length,src2dst_stddev_length,src2dst_mean_length,src2dst_min_time,src2dst_max_time,src2dst_mean_time,src2dst_stddev_time,dst2src_min_length,dst2src_max_length,dst2src_stddev_length,dst2src_mean_length,dst2src_min_time,dst2src_max_time,dst2src_mean_time,dst2src_stddev_time,bidirectional_min_length,bidirectional_max_length,bidirectional_stddev_length,bidirectional_mean_length,bidirectional_min_time,bidirectional_max_time,bidirectional_mean_time,bidirectional_stddev_time,label,type,doh_server
"(('192.168.20.207', 58498), ('8.8.4.4', 443))",1,275,39.089731486736035,72.04326530612245,6.580352783203125e-05,1.0041611194610596,0.5183723284528147,0.45763866388992047,26,17429,374.6686377394285,73.81002759889604,9.5367431640625e-07,1.0041611194610596,0.29150794663848384,0.47995610976880737,1,17429,300.55991533308077,73.1732862606649,9.5367431640625e-07,1.0041611194610596,0.1867238758170233,0.37038689238619743,Malicious,iodine_null-64-baseline,Google
"(('192.168.20.207', 58502), ('8.8.4.4', 443))",1,275,38.323932558942225,71.33305369127517,6.508827209472656e-05,1.0040719509124756,0.5325445524290967,0.4518129556978682,26,35945,899.9644321761068,91.59576470588236,9.5367431640625e-07,1.0040719509124756,0.29859665109163847,0.4873292604084547,1,35945,720.7627957504301,84.31413928248418,9.5367431640625e-07,1.0040719509124756,0.19127278707570994,0.37175010427756383,Malicious,iodine_null-64-baseline,Google
"(('192.168.20.207', 58506), ('8.8.4.4', 443))",1,275,38.39661647975111,71.64462809917356,7.104873657226562e-05,1.0033421516418457,0.5263756021573782,0.4463746647482896,26,11048,244.18338405211873,70.03185328185329,9.5367431640625e-07,1.0033421516418457,0.3067823548871846,0.4939904637779788,1,11048,195.41513337594566,70.62644728823888,9.5367431640625e-07,1.0033421516418457,0.19396162846945147,0.37075955844885466,Malicious,iodine_null-64-baseline,Google
