flow_id,src2dst_min_length,src2dst_max_length,src2dst_stddev_length,src2dst_mean_length,src2dst_min_time,src2dst_max_time,src2dst_mean_time,src2dst_stddev_time,dst2src_min_length,dst2src_max_length,dst2src_stddev_length,dst2src_mean_length,dst2src_min_time,dst2src_max_time,dst2src_mean_time,dst2src_stddev_time,bidirectional_min_length,bidirectional_max_length,bidirectional_stddev_length,bidirectional_mean_length,bidirectional_min_time,bidirectional_max_time,bidirectional_mean_time,bidirectional_stddev_time,label,type,doh_server
"(('192.168.20.205', 39472), ('8.8.4.4', 443))",1,275,38.524547849466714,71.58654634946677,5.4836273193359375e-05,1.0022258758544922,0.5277424023069185,0.45756378609071136,26,31004,633.5002980842307,80.12322472848788,9.5367431640625e-07,1.0022258758544922,0.26859582202782256,0.46858865779392295,1,31004,516.1746928018434,77.24301134791033,9.5367431640625e-07,1.0022258758544922,0.17795964728954228,0.36427969402162663,Malicious,iodine_srv-64-baseline,Google
"(('192.168.20.205', 39476), ('8.8.4.4', 443))",1,275,38.31664282857115,71.56650246305419,6.890296936035156e-05,1.0035040378570557,0.530314546387609,0.4507782824388206,26,17327,357.09332237217416,74.05449936628644,9.5367431640625e-07,1.0035040378570557,0.27276098315028546,0.4742839854013035,1,17327,291.0198127406393,73.2092050209205,9.5367431640625e-07,1.0035040378570557,0.1800761168955692,0.36307762013047706,Malicious,iodine_srv-64-baseline,Google
"(('192.168.20.205', 39480), ('8.8.4.4', 443))",1,275,38.241766296623894,71.44913151364764,8.797645568847656e-05,1.0026500225067139,0.5320415338933073,0.4518164698603495,26,56025,1150.9208172830981,90.3491124260355,9.5367431640625e-07,1.0026500225067139,0.27173999026260215,0.4737035294621034,1,56025,936.6062538952109,83.95748251748252,9.5367431640625e-07,1.0026500225067139,0.1798282520825728,0.363444771844612,Malicious,iodine_srv-64-baseline,Google
