flow_id,src2dst_min_length,src2dst_max_length,src2dst_stddev_length,src2dst_mean_length,src2dst_min_time,src2dst_max_time,src2dst_mean_time,src2dst_stddev_time,dst2src_min_length,dst2src_max_length,dst2src_stddev_length,dst2src_mean_length,dst2src_min_time,dst2src_max_time,dst2src_mean_time,dst2src_stddev_time,bidirectional_min_length,bidirectional_max_length,bidirectional_stddev_length,bidirectional_mean_length,bidirectional_min_time,bidirectional_max_time,bidirectional_mean_time,bidirectional_stddev_time,label,type,doh_server
"(('192.168.20.212', 38644), ('8.8.4.4', 443))",1,275,39.31168531251977,72.25431034482759,6.985664367675781e-05,1.0028131008148193,0.5245781475557553,0.4570450732740149,26,27199,571.0609619423442,79.85833699956005,9.5367431640625e-07,1.0028131008148193,0.2675815158536736,0.46763202094562395,1,27199,465.2461542897923,77.28896009321294,9.5367431640625e-07,1.0028131008148193,0.17715211917748264,0.3630444430013012,Malicious,iodine_srv-64-baseline,Google
"(('192.168.20.212', 38648), ('8.8.4.4', 443))",1,275,38.993210529872876,72.0424610051993,7.295608520507812e-05,1.0016758441925049,0.5293854612530777,0.4505514753384162,26,379,41.88753623492269,67.05585344057194,9.5367431640625e-07,1.0016758441925049,0.2728387170142769,0.4751329322512742,1,379,40.99396664194984,68.75235849056604,9.5367431640625e-07,1.0016758441925049,0.18000042371713318,0.3627996088485363,Malicious,iodine_srv-64-baseline,Google
"(('192.168.20.212', 38652), ('8.8.4.4', 443))",1,275,38.872293076168866,71.72135416666667,6.580352783203125e-05,1.0027861595153809,0.530619282188051,0.45192942849758494,26,27681,583.0126067036608,79.29724933451641,9.5367431640625e-07,1.0027861595153809,0.2710619733643648,0.47218894080478163,1,27681,474.8295826804199,76.7348796241926,9.5367431640625e-07,1.0027861595153809,0.1793664592653294,0.36302925332657393,Malicious,iodine_srv-64-baseline,Google
