flow_id,src2dst_min_length,src2dst_max_length,src2dst_stddev_length,src2dst_mean_length,src2dst_min_time,src2dst_max_time,src2dst_mean_time,src2dst_stddev_time,dst2src_min_length,dst2src_max_length,dst2src_stddev_length,dst2src_mean_length,dst2src_min_time,dst2src_max_time,dst2src_mean_time,dst2src_stddev_time,bidirectional_min_length,bidirectional_max_length,bidirectional_stddev_length,bidirectional_mean_length,bidirectional_min_time,bidirectional_max_time,bidirectional_mean_time,bidirectional_stddev_time,label,type,doh_server
"(('192.168.20.211', 35792), ('8.8.4.4', 443))",1,275,38.57169047302136,71.61694915254238,7.200241088867188e-05,1.002228021621704,0.5253453841140656,0.45690988973007485,26,3768,86.91428527092076,66.671012603216,9.5367431640625e-07,1.002228021621704,0.2692937847842341,0.4682859717823422,1,3768,74.18352554161962,68.3476012640046,9.5367431640625e-07,1.002228021621704,0.17799311547443786,0.36392671274602545,Malicious,iodine_txt-32-baseline,Google
"(('192.168.20.211', 35796), ('8.8.4.4', 443))",1,275,38.41333905773804,71.45360824742268,5.984306335449219e-05,1.0022649765014648,0.5315909063826321,0.4518808877329376,26,22530,474.05128401276437,74.76316954404604,9.5367431640625e-07,1.0022649765014648,0.2737818941592748,0.4741338864743438,1,22530,385.75985576144,73.63774466841951,9.5367431640625e-07,1.0022649765014648,0.18066634252571628,0.3641752014655797,Malicious,iodine_txt-32-baseline,Google
"(('192.168.20.211', 35800), ('8.8.4.4', 443))",1,275,38.38046258539245,71.45407725321888,3.409385681152344e-05,1.0033819675445557,0.531260985279411,0.4516157867905937,26,2601,65.32323498747836,65.91792369121562,9.5367431640625e-07,1.0033819675445557,0.27445525568535845,0.4749888097310539,1,2601,57.63637792937147,67.80432875109682,9.5367431640625e-07,1.0033819675445557,0.18092094407993983,0.36423733221146387,Malicious,iodine_txt-32-baseline,Google
