flow_id,src2dst_min_length,src2dst_max_length,src2dst_stddev_length,src2dst_mean_length,src2dst_min_time,src2dst_max_time,src2dst_mean_time,src2dst_stddev_time,dst2src_min_length,dst2src_max_length,dst2src_stddev_length,dst2src_mean_length,dst2src_min_time,dst2src_max_time,dst2src_mean_time,dst2src_stddev_time,bidirectional_min_length,bidirectional_max_length,bidirectional_stddev_length,bidirectional_mean_length,bidirectional_min_time,bidirectional_max_time,bidirectional_mean_time,bidirectional_stddev_time,label,type,doh_server
"(('192.168.20.204', 53894), ('8.8.4.4', 443))",1,275,38.85264332042215,71.94660194174757,6.890296936035156e-05,1.0027201175689697,0.5252834598062492,0.4574998096347262,26,462,38.042074841435635,64.00663625051845,9.5367431640625e-07,1.0027201175689697,0.2691635178332507,0.46878637445108834,1,462,38.5025697484765,66.69755963805868,9.5367431640625e-07,1.0027201175689697,0.17792788613843055,0.3640661777897866,Malicious,iodine_null-64-baseline,Google
"(('192.168.20.204', 53898), ('8.8.4.4', 443))",1,275,38.4719200766428,71.53953871499176,6.389617919921875e-05,1.0018329620361328,0.534323589328096,0.4529943965224791,26,53760,1098.0929839248686,85.88048474717927,9.5367431640625e-07,1.0018329620361328,0.2709424811661443,0.4718052691922472,1,53760,894.7156412041908,81.05378430828944,9.5367431640625e-07,1.0018329620361328,0.17973780195645603,0.36379451623259834,Malicious,iodine_null-64-baseline,Google
"(('192.168.20.204', 53902), ('8.8.4.4', 443))",1,275,38.50513134212677,71.59502806736167,7.581710815429688e-05,1.0031180381774902,0.5222531509246336,0.4457838712144369,26,16483,340.3666489946621,70.38259023354564,9.5367431640625e-07,1.0031180381774902,0.27641779483124274,0.4789714023665086,1,16483,276.14559991852434,70.8023320377568,9.5367431640625e-07,1.0031180381774902,0.1807074218417366,0.3606684239165093,Malicious,iodine_null-64-baseline,Google
