flow_id,src2dst_min_length,src2dst_max_length,src2dst_stddev_length,src2dst_mean_length,src2dst_min_time,src2dst_max_time,src2dst_mean_time,src2dst_stddev_time,dst2src_min_length,dst2src_max_length,dst2src_stddev_length,dst2src_mean_length,dst2src_min_time,dst2src_max_time,dst2src_mean_time,dst2src_stddev_time,bidirectional_min_length,bidirectional_max_length,bidirectional_stddev_length,bidirectional_mean_length,bidirectional_min_time,bidirectional_max_time,bidirectional_mean_time,bidirectional_stddev_time,label,type,doh_server
"(('192.168.20.209', 47688), ('8.8.4.4', 443))",1,275,38.403286067792536,71.36770921386307,3.1948089599609375e-05,1.0018808841705322,0.5264821125166065,0.45591918507380413,26,47916,995.1689078741823,87.85053995680346,9.5367431640625e-07,1.0018808841705322,0.2689116819211915,0.4695235222733921,1,47916,809.9304128448961,82.27615780445969,9.5367431640625e-07,1.0018808841705322,0.17795306176569314,0.3635009036531666,Malicious,iodine_srv-64-baseline,Google
"(('192.168.20.209', 47692), ('8.8.4.4', 443))",1,275,38.07794388089872,71.28196443691786,5.698204040527344e-05,1.0027379989624023,0.5307968610424106,0.4511317008150026,26,44126,919.2350606113442,85.90091264667537,9.5367431640625e-07,1.0027379989624023,0.2723045161496038,0.4741846298836274,1,44126,747.6189030991718,80.94256174612292,9.5367431640625e-07,1.0027379989624023,0.1799311393364104,0.36306371809406673,Malicious,iodine_srv-64-baseline,Google
"(('192.168.20.209', 47696), ('8.8.4.4', 443))",1,275,38.29301533267454,71.43744680851064,4.100799560546875e-05,1.0026750564575195,0.5322312888335532,0.4525732961475486,26,43098,897.6363656479886,85.50521285838401,9.5367431640625e-07,1.0026750564575195,0.27153346415241614,0.4731879941958658,1,43098,730.7526084065157,80.75122231809031,9.5367431640625e-07,1.0026750564575195,0.17975820859913447,0.3639557757750151,Malicious,iodine_srv-64-baseline,Google
