flow_id,src2dst_min_length,src2dst_max_length,src2dst_stddev_length,src2dst_mean_length,src2dst_min_time,src2dst_max_time,src2dst_mean_time,src2dst_stddev_time,dst2src_min_length,dst2src_max_length,dst2src_stddev_length,dst2src_mean_length,dst2src_min_time,dst2src_max_time,dst2src_mean_time,dst2src_stddev_time,bidirectional_min_length,bidirectional_max_length,bidirectional_stddev_length,bidirectional_mean_length,bidirectional_min_time,bidirectional_max_time,bidirectional_mean_time,bidirectional_stddev_time,label,type,doh_server
"(('192.168.20.211', 35886), ('8.8.4.4', 443))",1,275,38.531757261537706,71.68407750631845,7.796287536621094e-05,1.0024127960205078,0.5194741736777114,0.4510196837314672,26,398,38.85291453805758,64.56288751107175,9.5367431640625e-07,1.0024127960205078,0.27295446786724153,0.47442972571691755,1,398,38.89008013511343,67.01654571843251,9.5367431640625e-07,1.0024127960205078,0.1788897706102688,0.3617507061958178,Malicious,iodine_txt-64-baseline,Google
"(('192.168.20.211', 35890), ('8.8.4.4', 443))",1,275,38.42385219699509,71.43669250645995,6.508827209472656e-05,1.0029270648956299,0.5328303283658521,0.4540301448956512,26,46096,968.3563980830205,84.91644562334217,9.5367431640625e-07,1.0029270648956299,0.27290735567422736,0.47274469641512457,1,46096,787.5311572673219,80.34443470639789,9.5367431640625e-07,1.0029270648956299,0.18062045029350918,0.36506217283722475,Malicious,iodine_txt-64-baseline,Google
"(('192.168.20.211', 35894), ('8.8.4.4', 443))",1,275,38.386728874662076,71.37113402061856,7.295608520507812e-05,1.0027248859405518,0.5296717729429079,0.4519323735687644,26,28501,600.523413414056,77.14355555555555,9.5367431640625e-07,1.0027248859405518,0.2738859439330824,0.4739072787845211,1,28501,488.03930735669644,75.17545401288811,9.5367431640625e-07,1.0027248859405518,0.18048879927705888,0.3637239448001761,Malicious,iodine_txt-64-baseline,Google
