flow_id,src2dst_min_length,src2dst_max_length,src2dst_stddev_length,src2dst_mean_length,src2dst_min_time,src2dst_max_time,src2dst_mean_time,src2dst_stddev_time,dst2src_min_length,dst2src_max_length,dst2src_stddev_length,dst2src_mean_length,dst2src_min_time,dst2src_max_time,dst2src_mean_time,dst2src_stddev_time,bidirectional_min_length,bidirectional_max_length,bidirectional_stddev_length,bidirectional_mean_length,bidirectional_min_time,bidirectional_max_time,bidirectional_mean_time,bidirectional_stddev_time,label,type,doh_server
"(('192.168.20.209', 47596), ('8.8.4.4', 443))",1,275,38.28835436119763,71.51520270270271,7.200241088867188e-05,1.0020909309387207,0.5289302495003553,0.4578818196168992,26,52275,1082.151230087709,89.40515021459227,9.5367431640625e-07,1.0020909309387207,0.2686492691433138,0.4686861970616847,1,52275,881.5016188592475,83.37734775184974,9.5367431640625e-07,1.0020909309387207,0.17811684746909204,0.3645429301930876,Malicious,iodine_srv-32-baseline,Google
"(('192.168.20.209', 47600), ('8.8.4.4', 443))",1,275,38.230326111936606,71.24936386768448,2.5033950805664062e-05,1.001857042312622,0.5308553472237191,0.4502267897440383,26,62371,1304.3370310287305,94.383267630311,9.5367431640625e-07,1.001857042312622,0.274016812953063,0.4751423892038692,1,62371,1059.4947676808388,86.5049104563836,9.5367431640625e-07,1.001857042312622,0.1806840794653398,0.36354606213853247,Malicious,iodine_srv-32-baseline,Google
"(('192.168.20.209', 47604), ('8.8.4.4', 443))",1,275,38.25959409370054,71.1139455782313,3.4809112548828125e-05,1.003169059753418,0.5312820866767396,0.4506476614923476,26,17054,357.65156529753676,74.47419072615924,9.5367431640625e-07,1.003169059753418,0.27317962583879934,0.4740079213017358,1,17054,291.4847074564427,73.33275563258232,9.5367431640625e-07,1.003169059753418,0.18036881012573508,0.36326112878902084,Malicious,iodine_srv-32-baseline,Google
