flow_id,src2dst_min_length,src2dst_max_length,src2dst_stddev_length,src2dst_mean_length,src2dst_min_time,src2dst_max_time,src2dst_mean_time,src2dst_stddev_time,dst2src_min_length,dst2src_max_length,dst2src_stddev_length,dst2src_mean_length,dst2src_min_time,dst2src_max_time,dst2src_mean_time,dst2src_stddev_time,bidirectional_min_length,bidirectional_max_length,bidirectional_stddev_length,bidirectional_mean_length,bidirectional_min_time,bidirectional_max_time,bidirectional_mean_time,bidirectional_stddev_time,label,type,doh_server
"(('192.168.20.211', 36178), ('8.8.4.4', 443))",1,275,38.31160287835058,71.42248722316866,3.0994415283203125e-05,1.0025691986083984,0.5253275005815381,0.4553669059734538,26,46782,981.7239111465359,84.24393471548302,9.5367431640625e-07,1.0025691986083984,0.27191917873123317,0.4711194850948038,1,46782,797.1803963045496,79.86951467596629,9.5367431640625e-07,1.0025691986083984,0.1791305692389954,0.3641891223153049,Malicious,iodine_null-32-baseline,Google
"(('192.168.20.211', 36182), ('8.8.4.4', 443))",1,275,38.36676746861665,71.3793991416309,5.698204040527344e-05,1.0028841495513916,0.5315542937963689,0.4527375221170957,26,8886,189.1262641201256,67.62444836716682,9.5367431640625e-07,1.0028841495513916,0.2731516481235327,0.47402815702685863,1,8886,155.32678417809743,68.89944622559021,9.5367431640625e-07,1.0028841495513916,0.18038752127666863,0.36443915228210405,Malicious,iodine_null-32-baseline,Google
"(('192.168.20.211', 36186), ('8.8.4.4', 443))",1,275,38.35529483002596,71.52586206896552,6.985664367675781e-05,1.0023150444030762,0.5313002209502937,0.4526121385848395,26,46643,981.1861572121994,84.36790780141844,9.5367431640625e-07,1.0023150444030762,0.2730539233087172,0.4753661731688897,1,46643,797.7103005502904,80.00702576112413,9.5367431640625e-07,1.0023150444030762,0.18031536049235444,0.36437426918945376,Malicious,iodine_null-32-baseline,Google
