flow_id,src2dst_min_length,src2dst_max_length,src2dst_stddev_length,src2dst_mean_length,src2dst_min_time,src2dst_max_time,src2dst_mean_time,src2dst_stddev_time,dst2src_min_length,dst2src_max_length,dst2src_stddev_length,dst2src_mean_length,dst2src_min_time,dst2src_max_time,dst2src_mean_time,dst2src_stddev_time,bidirectional_min_length,bidirectional_max_length,bidirectional_stddev_length,bidirectional_mean_length,bidirectional_min_time,bidirectional_max_time,bidirectional_mean_time,bidirectional_stddev_time,label,type,doh_server
"(('192.168.20.207', 58392), ('8.8.4.4', 443))",1,275,38.59158107157805,71.81003289473684,6.103515625e-05,1.0024759769439697,0.5239847053716212,0.4556015549925673,26,62338,1358.4383011490868,95.41722169362512,9.5367431640625e-07,1.0024759769439697,0.3029982856430932,0.48754011649711493,1,62338,1081.5421821337686,86.7655213984328,9.5367431640625e-07,1.0024759769439697,0.19193289629982507,0.37348360916030887,Malicious,iodine_null-32-baseline,Google
"(('192.168.20.207', 58396), ('8.8.4.4', 443))",1,275,38.896548349048395,71.80936729663107,5.698204040527344e-05,1.026374101638794,0.5246490312642172,0.45151676265444063,26,42311,923.9620354880713,86.12661251791687,9.5367431640625e-07,1.026374101638794,0.3049388149500349,0.4906382401527763,1,42311,735.135748496444,80.86253776435045,9.5367431640625e-07,1.0032529830932617,0.1927994022415498,0.3723630442638501,Malicious,iodine_null-32-baseline,Google
"(('192.168.20.207', 58400), ('8.8.4.4', 443))",1,275,38.38725593365249,71.52817493692179,8.20159912109375e-05,1.0032360553741455,0.5335478459544455,0.45341368335307886,26,32523,703.3158509342162,80.4608899297424,9.5367431640625e-07,1.0032360553741455,0.2970076879833833,0.48705885666915527,1,32523,564.145728210717,77.26564380264742,9.5367431640625e-07,1.0032360553741455,0.1907477703863621,0.37265765886009145,Malicious,iodine_null-32-baseline,Google
