flow_id,src2dst_min_length,src2dst_max_length,src2dst_stddev_length,src2dst_mean_length,src2dst_min_time,src2dst_max_time,src2dst_mean_time,src2dst_stddev_time,dst2src_min_length,dst2src_max_length,dst2src_stddev_length,dst2src_mean_length,dst2src_min_time,dst2src_max_time,dst2src_mean_time,dst2src_stddev_time,bidirectional_min_length,bidirectional_max_length,bidirectional_stddev_length,bidirectional_mean_length,bidirectional_min_time,bidirectional_max_time,bidirectional_mean_time,bidirectional_stddev_time,label,type,doh_server
"(('192.168.20.212', 38552), ('8.8.4.4', 443))",1,275,38.99717250614453,71.95678478824546,7.414817810058594e-05,1.0019819736480713,0.5286257207187401,0.45620794399425063,26,34580,951.3336559290166,95.65349143610013,9.5367431640625e-07,1.0019819736480713,0.2684756388563682,0.4688706168329634,1,34580,775.077106251576,87.66948165404776,9.5367431640625e-07,1.0019819736480713,0.1780050489807351,0.3636903034107729,Malicious,iodine_srv-32-baseline,Google
"(('192.168.20.212', 38556), ('8.8.4.4', 443))",1,275,38.92793591303204,71.92640692640693,7.486343383789062e-05,1.0033059120178223,0.5307763381062182,0.4522040559128633,26,60784,1279.576004948344,94.33954727030626,9.5367431640625e-07,1.0033059120178223,0.27196926820765166,0.4734952568810266,1,60784,1040.6925933732734,86.74354460093896,9.5367431640625e-07,1.0033059120178223,0.17978159500281063,0.3637394986914946,Malicious,iodine_srv-32-baseline,Google
"(('192.168.20.212', 38560), ('8.8.4.4', 443))",1,275,38.87413261850119,71.94488188976378,7.295608520507812e-05,1.002943992614746,0.5347090061825754,0.45111325198589564,26,47378,1002.5231691428892,88.43273542600897,9.5367431640625e-07,1.002943992614746,0.2734838367417662,0.4737978189595823,1,47378,815.5035440731656,82.84553809664986,9.5367431640625e-07,1.002943992614746,0.18109065393253296,0.3639982092251242,Malicious,iodine_srv-32-baseline,Google
