flow_id,src2dst_min_length,src2dst_max_length,src2dst_stddev_length,src2dst_mean_length,src2dst_min_time,src2dst_max_time,src2dst_mean_time,src2dst_stddev_time,dst2src_min_length,dst2src_max_length,dst2src_stddev_length,dst2src_mean_length,dst2src_min_time,dst2src_max_time,dst2src_mean_time,dst2src_stddev_time,bidirectional_min_length,bidirectional_max_length,bidirectional_stddev_length,bidirectional_mean_length,bidirectional_min_time,bidirectional_max_time,bidirectional_mean_time,bidirectional_stddev_time,label,type,doh_server
"(('192.168.20.212', 38452), ('8.8.4.4', 443))",1,275,38.95426730695185,72.18893617021277,7.891654968261719e-05,1.0022478103637695,0.5207713133634863,0.45229596071309003,26,358,38.67305209678995,64.69135254988913,9.5367431640625e-07,1.0022478103637695,0.27122800309994416,0.4727178198613102,1,358,38.93254818786476,67.25976676384839,9.5367431640625e-07,1.0022478103637695,0.1782984899063088,0.36175799316532115,Malicious,iodine_txt-64-baseline,Google
"(('192.168.20.212', 38456), ('8.8.4.4', 443))",1,275,38.897878509340536,71.98960138648181,6.389617919921875e-05,1.0029799938201904,0.53184802947826,0.45400364689690537,26,35947,757.230465764992,80.79466666666667,9.5367431640625e-07,1.0029799938201904,0.2726466260310436,0.47310797801613047,1,35947,616.0673394192896,77.8096357226792,9.5367431640625e-07,1.0029799938201904,0.1802000523033893,0.3647742371364298,Malicious,iodine_txt-64-baseline,Google
"(('192.168.20.212', 38460), ('8.8.4.4', 443))",1,275,38.9155983319876,72.13155631986243,7.605552673339844e-05,1.0018959045410156,0.5265273957572583,0.4502812902111089,26,5278,116.79098382897962,67.16059379217273,9.5367431640625e-07,1.0018959045410156,0.2748806021644874,0.4759736243654623,1,5278,97.36965933021082,68.8679858239811,9.5367431640625e-07,1.0018959045410156,0.18074588888328924,0.3632094536079971,Malicious,iodine_txt-64-baseline,Google
