flow_id,src2dst_min_length,src2dst_max_length,src2dst_stddev_length,src2dst_mean_length,src2dst_min_time,src2dst_max_time,src2dst_mean_time,src2dst_stddev_time,dst2src_min_length,dst2src_max_length,dst2src_stddev_length,dst2src_mean_length,dst2src_min_time,dst2src_max_time,dst2src_mean_time,dst2src_stddev_time,bidirectional_min_length,bidirectional_max_length,bidirectional_stddev_length,bidirectional_mean_length,bidirectional_min_time,bidirectional_max_time,bidirectional_mean_time,bidirectional_stddev_time,label,type,doh_server
"(('192.168.20.210', 33112), ('8.8.4.4', 443))",1,275,38.3799518104297,71.60117056856187,6.890296936035156e-05,1.002211093902588,0.5204626963228361,0.4515143971877073,26,706,40.460442450177325,64.64135206321335,9.5367431640625e-07,1.002211093902588,0.2726891919296459,0.4742388487577535,1,706,39.893767739573654,67.03742084052965,9.5367431640625e-07,1.002211093902588,0.17908232712519123,0.36200438087920334,Malicious,iodine_txt-64-baseline,Google
"(('192.168.20.210', 33120), ('8.8.4.4', 443))",1,275,38.35997771987378,71.47529812606473,6.604194641113281e-05,1.0020809173583984,0.5306354152373747,0.4532959650392657,26,42536,889.081916374364,83.10153172866521,9.5367431640625e-07,1.0020809173583984,0.2725031475052107,0.4729343163984429,1,42536,722.9858145878474,79.15553628216247,9.5367431640625e-07,1.0020809173583984,0.17999865299983822,0.3641366706060207,Malicious,iodine_txt-64-baseline,Google
"(('192.168.20.210', 33124), ('8.8.4.4', 443))",1,275,38.34517610967422,71.40338983050847,6.389617919921875e-05,1.002601146697998,0.5268533045806756,0.4520051196964587,26,358,37.32213317369073,64.5156043956044,9.5367431640625e-07,1.002601146697998,0.2731406855394469,0.47384460555732155,1,358,37.81599067553952,66.86801736613603,9.5367431640625e-07,1.002601146697998,0.17983788248425492,0.3633082819536586,Malicious,iodine_txt-64-baseline,Google
