flow_id,src2dst_min_length,src2dst_max_length,src2dst_stddev_length,src2dst_mean_length,src2dst_min_time,src2dst_max_time,src2dst_mean_time,src2dst_stddev_time,dst2src_min_length,dst2src_max_length,dst2src_stddev_length,dst2src_mean_length,dst2src_min_time,dst2src_max_time,dst2src_mean_time,dst2src_stddev_time,bidirectional_min_length,bidirectional_max_length,bidirectional_stddev_length,bidirectional_mean_length,bidirectional_min_time,bidirectional_max_time,bidirectional_mean_time,bidirectional_stddev_time,label,type,doh_server
"(('192.168.20.212', 38840), ('8.8.4.4', 443))",1,275,39.092045890913404,72.13597246127367,3.910064697265625e-05,1.0036680698394775,0.5245172531824498,0.45795169585439544,26,50350,1054.501401386744,86.2829525483304,9.5367431640625e-07,1.0036680698394775,0.26765924747173603,0.46767653500906536,1,50350,858.3133357254204,81.50145433391506,9.5367431640625e-07,1.0036680698394775,0.17717908959698114,0.36361712172283855,Malicious,iodine_null-64-baseline,Google
"(('192.168.20.212', 38844), ('8.8.4.4', 443))",1,275,38.885077941121764,71.92395104895105,8.392333984375e-05,1.004944086074829,0.533112714714057,0.45233779282148695,26,4203,95.1321913662787,65.59866962305986,9.5367431640625e-07,1.004944086074829,0.27032213668010885,0.47148595108272523,1,4203,80.75876150708626,67.72756693145043,9.5367431640625e-07,1.004944086074829,0.17932543640911333,0.36294835019924077,Malicious,iodine_null-64-baseline,Google
"(('192.168.20.212', 38848), ('8.8.4.4', 443))",1,275,38.774242618350975,71.94416243654823,6.699562072753906e-05,1.0560009479522705,0.5181002564393898,0.44349814511786706,26,35305,755.4046951442583,80.15176524530033,9.5367431640625e-07,1.0560009479522705,0.28065867380264703,0.4831115635237435,1,35305,608.7835558267409,77.26702349093071,9.5367431640625e-07,1.0560009479522705,0.18199774028998197,0.36025628017778805,Malicious,iodine_null-64-baseline,Google
