flow_id,src2dst_min_length,src2dst_max_length,src2dst_stddev_length,src2dst_mean_length,src2dst_min_time,src2dst_max_time,src2dst_mean_time,src2dst_stddev_time,dst2src_min_length,dst2src_max_length,dst2src_stddev_length,dst2src_mean_length,dst2src_min_time,dst2src_max_time,dst2src_mean_time,dst2src_stddev_time,bidirectional_min_length,bidirectional_max_length,bidirectional_stddev_length,bidirectional_mean_length,bidirectional_min_time,bidirectional_max_time,bidirectional_mean_time,bidirectional_stddev_time,label,type,doh_server
"(('192.168.20.207', 58100), ('8.8.4.4', 443))",1,275,38.73988604652493,71.61414790996784,8.106231689453125e-05,1.0024211406707764,0.5120503185069667,0.45219318755594023,26,43911,1089.9124130054188,97.53835740072202,9.5367431640625e-07,1.0024211406707764,0.28733197840826236,0.47909729637551207,1,43911,872.6428069566101,88.21763005780346,9.5367431640625e-07,1.0024211406707764,0.18400651804109847,0.3655548201822886,Malicious,iodine_txt-64-baseline,Google
"(('192.168.20.207', 58104), ('8.8.4.4', 443))",1,275,38.35550549236821,71.37426900584795,6.985664367675781e-05,1.0024311542510986,0.531929259116833,0.4537510950691218,26,15684,341.3942150431894,73.6967406707605,9.5367431640625e-07,1.0024311542510986,0.3006374602732451,0.4879386268021539,1,15684,273.8345337217594,72.85787567893784,9.5367431640625e-07,1.0024311542510986,0.19202758644845527,0.37336495645687534,Malicious,iodine_txt-64-baseline,Google
"(('192.168.20.207', 58108), ('8.8.4.4', 443))",1,275,38.31057583323075,71.51540383014155,3.695487976074219e-05,1.0029349327087402,0.5300380092859268,0.45315115320634525,26,57456,1193.7067922794718,91.37119588512644,9.5367431640625e-07,1.0029349327087402,0.27273013763525883,0.47348779056458096,1,57456,970.1910791017933,84.62337294850029,9.5367431640625e-07,1.0029349327087402,0.1800298927662361,0.3640606737998732,Malicious,iodine_txt-64-baseline,Google
