flow_id,src2dst_min_length,src2dst_max_length,src2dst_stddev_length,src2dst_mean_length,src2dst_min_time,src2dst_max_time,src2dst_mean_time,src2dst_stddev_time,dst2src_min_length,dst2src_max_length,dst2src_stddev_length,dst2src_mean_length,dst2src_min_time,dst2src_max_time,dst2src_mean_time,dst2src_stddev_time,bidirectional_min_length,bidirectional_max_length,bidirectional_stddev_length,bidirectional_mean_length,bidirectional_min_time,bidirectional_max_time,bidirectional_mean_time,bidirectional_stddev_time,label,type,doh_server
"(('192.168.20.206', 55952), ('8.8.4.4', 443))",1,275,38.369537987321664,71.1408906882591,4.1961669921875e-05,1.0029280185699463,0.5193426491182472,0.4514471264677776,26,34677,770.111138241472,85.1380042462845,9.5367431640625e-07,1.0029280185699463,0.27223059902174956,0.4736518701564751,1,34677,624.1784596843987,80.32284122562675,9.5367431640625e-07,1.0029280185699463,0.17856473363385822,0.36159923110617254,Malicious,iodine_txt-64-baseline,Google
"(('192.168.20.206', 55956), ('8.8.4.4', 443))",1,275,38.35520075239085,71.44472152950956,6.413459777832031e-05,1.0022790431976318,0.5332053635957436,0.45465702421838095,26,358,37.17892950513303,64.40288379983036,9.5367431640625e-07,1.0022790431976318,0.27190274548925075,0.4721363635643055,1,358,37.72772086041549,66.78180286436394,9.5367431640625e-07,1.0022790431976318,0.1800316986073269,0.3649741492283722,Malicious,iodine_txt-64-baseline,Google
"(('192.168.20.206', 55960), ('8.8.4.4', 443))",1,275,38.361569693764864,71.48264462809918,6.008148193359375e-05,1.002619981765747,0.5301344087046962,0.4522289603258257,26,62569,1291.8302435775472,91.14346712211785,9.5367431640625e-07,1.002619981765747,0.2737695690099626,0.47436944156576116,1,62569,1049.2487224915888,84.44594594594595,9.5367431640625e-07,1.002619981765747,0.18049352298619478,0.3639875591294455,Malicious,iodine_txt-64-baseline,Google
