flow_id,src2dst_min_length,src2dst_max_length,src2dst_stddev_length,src2dst_mean_length,src2dst_min_time,src2dst_max_time,src2dst_mean_time,src2dst_stddev_time,dst2src_min_length,dst2src_max_length,dst2src_stddev_length,dst2src_mean_length,dst2src_min_time,dst2src_max_time,dst2src_mean_time,dst2src_stddev_time,bidirectional_min_length,bidirectional_max_length,bidirectional_stddev_length,bidirectional_mean_length,bidirectional_min_time,bidirectional_max_time,bidirectional_mean_time,bidirectional_stddev_time,label,type,doh_server
"(('192.168.20.207', 50966), ('9.9.9.11', 443))",1,256,11.529556329679275,108.53807947019868,8.0108642578125e-05,1.521259069442749,1.051849555415696,0.1999032056750439,115,4719,188.0910660231586,148.15514333895447,0.00013113021850585938,1.521259069442749,1.0715438816192988,0.18847179569235248,1,4719,134.11185177701833,128.16457811194653,4.410743713378906e-05,1.004479169845581,0.5304101512184909,0.4545031395027352,Malicious,iodine_null-64-baseline,Quad9
"(('192.168.20.207', 50970), ('9.9.9.11', 443))",1,256,11.78739958128547,108.64333333333333,7.915496826171875e-05,1.8673789501190186,1.058954594330318,0.18608513847750388,47,8275,333.63619749905223,154.06228956228955,2.193450927734375e-05,1.8673789501190186,1.0697908602516728,0.1791212556971953,1,8275,236.5637394539231,131.23869346733667,2.193450927734375e-05,1.004776954650879,0.5317714242303662,0.455346853848479,Malicious,iodine_null-64-baseline,Quad9
"(('192.168.20.207', 50974), ('9.9.9.11', 443))",1,256,11.74771872809228,108.58361204013377,8.296966552734375e-05,1.9265241622924805,1.062087664851791,0.18023728848882348,47,39641,1834.7407919674702,242.30653266331657,2.6941299438476562e-05,1.9265241622924805,1.0639963386042806,0.17937322321877494,1,39641,1298.5637905165268,175.38912133891213,2.6941299438476562e-05,1.0054991245269775,0.5311208458202369,0.45650847476915146,Malicious,iodine_null-64-baseline,Quad9
