flow_id,src2dst_min_length,src2dst_max_length,src2dst_stddev_length,src2dst_mean_length,src2dst_min_time,src2dst_max_time,src2dst_mean_time,src2dst_stddev_time,dst2src_min_length,dst2src_max_length,dst2src_stddev_length,dst2src_mean_length,dst2src_min_time,dst2src_max_time,dst2src_mean_time,dst2src_stddev_time,bidirectional_min_length,bidirectional_max_length,bidirectional_stddev_length,bidirectional_mean_length,bidirectional_min_time,bidirectional_max_time,bidirectional_mean_time,bidirectional_stddev_time,label,type,doh_server
"(('192.168.20.211', 46374), ('9.9.9.11', 443))",1,256,11.786460178131565,108.68664383561644,6.604194641113281e-05,1.3872690200805664,1.0524890034317358,0.19938546914327626,47,59139,2894.2587337427954,320.06585788561523,1.7881393432617188e-05,1.3872690200805664,1.0654285868836775,0.19198299444384323,1,59139,2043.1235198631916,213.7390180878553,1.7881393432617188e-05,1.0026929378509521,0.5290544688701629,0.45466816902312573,Malicious,iodine_srv-64-baseline,Quad9
"(('192.168.20.211', 46378), ('9.9.9.11', 443))",1,256,11.788655272669265,108.64543889845095,7.796287536621094e-05,1.7394368648529053,1.0585801741172527,0.19057524605999662,47,32012,1324.0434632546974,208.80276816608998,1.9073486328125e-05,1.7394368648529053,1.0642056308131491,0.18520044404513275,1,32012,936.4049253011567,158.59447799827439,1.9073486328125e-05,1.0020089149475098,0.530282243545809,0.4547609720493643,Malicious,iodine_srv-64-baseline,Quad9
"(('192.168.20.211', 46382), ('9.9.9.11', 443))",1,256,11.78177162466984,108.62328767123287,8.20159912109375e-05,1.3123419284820557,1.0557748146776884,0.1926705053086309,47,51473,2130.9541455004605,242.31606217616581,2.5987625122070312e-05,1.3123419284820557,1.0650341349902037,0.1789780625043218,1,51473,1505.0779137741092,175.1822871883061,2.5987625122070312e-05,1.0017518997192383,0.5297816583498826,0.4550983690171812,Malicious,iodine_srv-64-baseline,Quad9
