flow_id,src2dst_min_length,src2dst_max_length,src2dst_stddev_length,src2dst_mean_length,src2dst_min_time,src2dst_max_time,src2dst_mean_time,src2dst_stddev_time,dst2src_min_length,dst2src_max_length,dst2src_stddev_length,dst2src_mean_length,dst2src_min_time,dst2src_max_time,dst2src_mean_time,dst2src_stddev_time,bidirectional_min_length,bidirectional_max_length,bidirectional_stddev_length,bidirectional_mean_length,bidirectional_min_time,bidirectional_max_time,bidirectional_mean_time,bidirectional_stddev_time,label,type,doh_server
"(('192.168.20.208', 33418), ('9.9.9.11', 443))",1,256,12.145224830949635,108.45637583892618,7.605552673339844e-05,1.3099079132080078,1.0585001176144897,0.18266497221333566,47,23149,943.5527295984267,193.47386172006745,3.0040740966796875e-05,1.3099079132080078,1.0639900170467995,0.1713925695903931,1,23149,667.7601646495763,150.8578637510513,3.0040740966796875e-05,1.0028808116912842,0.5302176331028794,0.45399438934863245,Malicious,iodine_srv-32-baseline,Quad9
"(('192.168.20.208', 33422), ('9.9.9.11', 443))",1,256,11.615432143871741,108.59166666666667,6.008148193359375e-05,1.3226618766784668,1.0526397045148235,0.19876428549152014,47,15253,620.1371163472405,180.1266891891892,5.1975250244140625e-05,1.3226618766784668,1.0670291978090547,0.18480574893193075,1,15253,438.5677680255545,144.11912751677852,3.600120544433594e-05,1.0033230781555176,0.5294970074788949,0.4539128924333404,Malicious,iodine_srv-32-baseline,Quad9
"(('192.168.20.208', 33426), ('9.9.9.11', 443))",1,256,11.79159520136438,108.53949579831932,7.200241088867188e-05,1.3092970848083496,1.0604713364482328,0.18478364264225966,47,47272,2465.0507898212886,296.85714285714283,6.9141387939453125e-06,1.3092970848083496,1.0605941802162915,0.1878052525242327,1,47272,1745.6153938099937,202.6983193277311,6.9141387939453125e-06,1.0019609928131104,0.5298649083675708,0.4544813141875426,Malicious,iodine_srv-32-baseline,Quad9
