flow_id,src2dst_min_length,src2dst_max_length,src2dst_stddev_length,src2dst_mean_length,src2dst_min_time,src2dst_max_time,src2dst_mean_time,src2dst_stddev_time,dst2src_min_length,dst2src_max_length,dst2src_stddev_length,dst2src_mean_length,dst2src_min_time,dst2src_max_time,dst2src_mean_time,dst2src_stddev_time,bidirectional_min_length,bidirectional_max_length,bidirectional_stddev_length,bidirectional_mean_length,bidirectional_min_time,bidirectional_max_time,bidirectional_mean_time,bidirectional_stddev_time,label,type,doh_server
"(('192.168.20.211', 46080), ('9.9.9.11', 443))",1,256,11.706069739049399,108.64128595600677,7.891654968261719e-05,1.7458298206329346,1.0446140644914013,0.2284651428038963,47,919,34.533269961234495,146.03304347826088,8.797645568847656e-05,1.7458298206329346,1.0738688308602842,0.19958050559278456,1,919,31.733539269068494,127.08061749571183,5.0067901611328125e-05,1.0032908916473389,0.5291137175498603,0.4508261770972531,Malicious,iodine_txt-32-baseline,Quad9
"(('192.168.20.211', 46084), ('9.9.9.11', 443))",1,256,11.65571010340013,108.59228187919463,7.700920104980469e-05,1.3141319751739502,1.0346048940129642,0.23511794614922996,47,288,12.806647514032786,144.69230769230768,0.00013184547424316406,1.3141319751739502,1.0782244518634108,0.18942079545131138,1,288,21.80158355002568,126.27140410958904,4.8160552978515625e-05,1.002211093902588,0.5275776083896379,0.4516979580325104,Malicious,iodine_txt-32-baseline,Quad9
"(('192.168.20.211', 46088), ('9.9.9.11', 443))",1,256,11.598325163989344,108.9828473413379,6.29425048828125e-05,1.3627090454101562,1.05941678363433,0.1840604321333318,47,52835,2187.88039169747,235.67875647668393,1.4066696166992188e-05,1.3627090454101562,1.0668757889922516,0.1753090622516757,1,52835,1545.7204721967819,172.11273666092944,1.4066696166992188e-05,1.0048778057098389,0.5311545530954996,0.45503622140172584,Malicious,iodine_txt-32-baseline,Quad9
