flow_id,src2dst_min_length,src2dst_max_length,src2dst_stddev_length,src2dst_mean_length,src2dst_min_time,src2dst_max_time,src2dst_mean_time,src2dst_stddev_time,dst2src_min_length,dst2src_max_length,dst2src_stddev_length,dst2src_mean_length,dst2src_min_time,dst2src_max_time,dst2src_mean_time,dst2src_stddev_time,bidirectional_min_length,bidirectional_max_length,bidirectional_stddev_length,bidirectional_mean_length,bidirectional_min_time,bidirectional_max_time,bidirectional_mean_time,bidirectional_stddev_time,label,type,doh_server
"(('192.168.20.204', 40418), ('9.9.9.11', 443))",1,256,11.522509447458654,108.92616372391653,8.511543273925781e-05,1.5237600803375244,1.0457590369932905,0.21127164390031142,47,40057,1613.564723741504,205.68903436988543,1.7881393432617188e-05,1.5237600803375244,1.0668628211881295,0.1898671717942576,1,40057,1136.4611099125666,156.83711507293356,1.7881393432617188e-05,1.0023770332336426,0.5278212399571675,0.45285376945359834,Malicious,iodine_null-32-baseline,Quad9
"(('192.168.20.204', 40422), ('9.9.9.11', 443))",1,256,11.571324263088979,108.65259740259741,0.0001010894775390625,1.691019058227539,1.056569455309612,0.19376112206351626,47,11259,449.1954218446275,158.52777777777777,2.6941299438476562e-05,1.691019058227539,1.0636061552893705,0.18869977206714075,1,11259,318.1959771700252,133.50895765472313,2.6941299438476562e-05,1.0029420852661133,0.5296496845593566,0.4537854326760725,Malicious,iodine_null-32-baseline,Quad9
"(('192.168.20.204', 40426), ('9.9.9.11', 443))",1,256,11.557904937694703,108.96445880452343,7.104873657226562e-05,1.3369019031524658,1.0501089011195408,0.20100581966032122,47,42187,1703.8401959285306,209.60526315789474,0.00012683868408203125,1.3369019031524658,1.0692608945648596,0.17625580803973212,1,42187,1200.4674443013132,158.83374083129584,4.220008850097656e-05,1.003096103668213,0.5294112348245369,0.45426333141788006,Malicious,iodine_null-32-baseline,Quad9
