flow_id,src2dst_min_length,src2dst_max_length,src2dst_stddev_length,src2dst_mean_length,src2dst_min_time,src2dst_max_time,src2dst_mean_time,src2dst_stddev_time,dst2src_min_length,dst2src_max_length,dst2src_stddev_length,dst2src_mean_length,dst2src_min_time,dst2src_max_time,dst2src_mean_time,dst2src_stddev_time,bidirectional_min_length,bidirectional_max_length,bidirectional_stddev_length,bidirectional_mean_length,bidirectional_min_time,bidirectional_max_time,bidirectional_mean_time,bidirectional_stddev_time,label,type,doh_server
"(('192.168.20.210', 43610), ('9.9.9.11', 443))",1,256,11.718486317535223,108.6593220338983,6.580352783203125e-05,1.3104541301727295,1.0568096265323295,0.18866095074924305,47,43366,2161.5980735843855,268.11092150170646,1.0013580322265625e-05,1.3104541301727295,1.0641607007409772,0.18314977907128305,1,43366,1527.982886455905,188.1139455782313,1.0013580322265625e-05,1.0058870315551758,0.5298310476668338,0.45485287325946244,Malicious,iodine_txt-64-baseline,Quad9
"(('192.168.20.210', 43618), ('9.9.9.11', 443))",1,256,11.712118498678901,108.6429780033841,7.700920104980469e-05,1.3127219676971436,1.0545400607383857,0.1981956308819595,47,42812,1767.1794454753933,217.08247422680412,4.410743713378906e-05,1.3127219676971436,1.0691225750310902,0.17543138745527387,1,42812,1245.9894837530019,162.44671781756182,1.1920928955078125e-06,1.0017969608306885,0.5308691432044774,0.4546380372981426,Malicious,iodine_txt-64-baseline,Quad9
"(('192.168.20.210', 43622), ('9.9.9.11', 443))",1,256,11.567987206574733,108.37074829931973,7.700920104980469e-05,1.8919610977172852,1.0578571157926595,0.1965991797378176,47,43636,1801.3117788794552,218.3762886597938,6.914138793945312e-05,1.8919610977172852,1.068906638790531,0.2023590525655609,1,43636,1271.666125353425,163.091452991453,4.410743713378906e-05,1.0032570362091064,0.531267556907582,0.4548032349623734,Malicious,iodine_txt-64-baseline,Quad9
