flow_id,src2dst_min_length,src2dst_max_length,src2dst_stddev_length,src2dst_mean_length,src2dst_min_time,src2dst_max_time,src2dst_mean_time,src2dst_stddev_time,dst2src_min_length,dst2src_max_length,dst2src_stddev_length,dst2src_mean_length,dst2src_min_time,dst2src_max_time,dst2src_mean_time,dst2src_stddev_time,bidirectional_min_length,bidirectional_max_length,bidirectional_stddev_length,bidirectional_mean_length,bidirectional_min_time,bidirectional_max_time,bidirectional_mean_time,bidirectional_stddev_time,label,type,doh_server
"(('192.168.20.209', 60948), ('9.9.9.11', 443))",1,256,11.660637213592437,108.53187919463087,6.198883056640625e-05,1.360306978225708,1.0510692989124972,0.20434772104494237,47,62345,2928.6190619331974,304.89097103918226,2.09808349609375e-05,1.360306978225708,1.0673178975492614,0.1870676402155993,1,62345,2065.3054849082946,205.96449704142012,2.09808349609375e-05,1.0028948783874512,0.5291696496421311,0.45401595639238795,Malicious,iodine_null-32-baseline,Quad9
"(('192.168.20.209', 60952), ('9.9.9.11', 443))",1,256,12.88196167614182,109.15894039735099,8.797645568847656e-05,1.903918981552124,1.0338228539645573,0.23503131785762904,47,34754,1417.8634982583915,198.78823529411764,1.4066696166992188e-05,1.903918981552124,1.0496093757224805,0.21756576473947511,1,34754,999.8576067015173,153.6371976647206,1.4066696166992188e-05,1.0030319690704346,0.5204375100653239,0.4543206278057568,Malicious,iodine_null-32-baseline,Quad9
"(('192.168.20.209', 60956), ('9.9.9.11', 443))",1,256,11.514899971655467,108.43771043771044,6.198883056640625e-05,1.3067519664764404,1.0536827960665671,0.1949966529446617,47,39372,1619.29479475556,207.28156996587032,6.794929504394531e-05,1.3067519664764404,1.0682200069101448,0.1763914378999759,1,39372,1142.2252183330602,157.52457627118645,4.00543212890625e-05,1.0025370121002197,0.5300466557293245,0.45483855817701346,Malicious,iodine_null-32-baseline,Quad9
