flow_id,src2dst_min_length,src2dst_max_length,src2dst_stddev_length,src2dst_mean_length,src2dst_min_time,src2dst_max_time,src2dst_mean_time,src2dst_stddev_time,dst2src_min_length,dst2src_max_length,dst2src_stddev_length,dst2src_mean_length,dst2src_min_time,dst2src_max_time,dst2src_mean_time,dst2src_stddev_time,bidirectional_min_length,bidirectional_max_length,bidirectional_stddev_length,bidirectional_mean_length,bidirectional_min_time,bidirectional_max_time,bidirectional_mean_time,bidirectional_stddev_time,label,type,doh_server
"(('192.168.20.204', 40324), ('9.9.9.11', 443))",1,256,11.565091756871185,108.88691437802908,7.605552673339844e-05,1.891427993774414,1.0488299158398773,0.21385321436107088,47,19046,766.920142281675,184.7805280528053,1.4066696166992188e-05,1.891427993774414,1.0714876131577926,0.1938078828884068,1,19046,540.8047264776737,146.43102040816328,1.4066696166992188e-05,1.002013921737671,0.5296295359243754,0.4522683756578524,Malicious,iodine_srv-64-baseline,Quad9
"(('192.168.20.204', 40328), ('9.9.9.11', 443))",1,256,11.596278431493717,108.87133550488599,7.390975952148438e-05,1.3134191036224365,1.057305192480663,0.18383828776968392,47,44622,2361.462253895336,288.5417348608838,1.6927719116210938e-05,1.3134191036224365,1.0626400822498758,0.17772632676052827,1,44622,1670.1979919361522,198.4865306122449,1.6927719116210938e-05,1.0023150444030762,0.5295970605479347,0.45596464735962,Malicious,iodine_srv-64-baseline,Quad9
"(('192.168.20.204', 40332), ('9.9.9.11', 443))",1,256,11.581819828578334,108.68241042345277,7.700920104980469e-05,1.3089640140533447,1.060741205588834,0.17802677400937236,47,47524,1914.8701332550797,231.2013093289689,6.890296936035156e-05,1.3089640140533447,1.0660784901165572,0.16861770943784413,1,47524,1353.7702442508757,169.79183673469387,5.1021575927734375e-05,1.0025148391723633,0.531310750962862,0.45609144701859866,Malicious,iodine_srv-64-baseline,Quad9
