flow_id,src2dst_min_length,src2dst_max_length,src2dst_stddev_length,src2dst_mean_length,src2dst_min_time,src2dst_max_time,src2dst_mean_time,src2dst_stddev_time,dst2src_min_length,dst2src_max_length,dst2src_stddev_length,dst2src_mean_length,dst2src_min_time,dst2src_max_time,dst2src_mean_time,dst2src_stddev_time,bidirectional_min_length,bidirectional_max_length,bidirectional_stddev_length,bidirectional_mean_length,bidirectional_min_time,bidirectional_max_time,bidirectional_mean_time,bidirectional_stddev_time,label,type,doh_server
"(('192.168.20.208', 33218), ('9.9.9.11', 443))",1,256,11.487760070954776,108.82758620689656,7.390975952148438e-05,1.653597116470337,1.0381984028377031,0.22997479668380635,47,59379,2853.351829959272,306.73549488054607,8.821487426757812e-06,1.653597116470337,1.079145432333661,0.2199075565189786,1,59379,2000.5783061221298,205.87698744769875,8.821487426757812e-06,1.0025959014892578,0.5287405853495126,0.45222176663646385,Malicious,iodine_txt-32-baseline,Quad9
"(('192.168.20.208', 33222), ('9.9.9.11', 443))",1,256,11.572693250445226,108.53973509933775,7.605552673339844e-05,1.7437150478363037,1.0462102221810008,0.21576349231913367,47,32209,1319.0062167988583,198.99322033898306,1.5020370483398438e-05,1.7437150478363037,1.0712046910627588,0.22352709117263933,1,32209,928.332874454589,153.23618090452263,1.5020370483398438e-05,1.003032922744751,0.5288818584004072,0.45377374629406325,Malicious,iodine_txt-32-baseline,Quad9
"(('192.168.20.208', 33226), ('9.9.9.11', 443))",1,256,12.96538091934506,109.55867768595041,7.295608520507812e-05,1.968303918838501,1.0436599171714278,0.21957463374647335,47,43101,1752.259871327278,216.58166666666668,1.1920928955078125e-05,1.968303918838501,1.0525090252616767,0.21246479471011281,1,43101,1237.653022253153,162.84813278008298,1.1920928955078125e-05,1.0019419193267822,0.5236454693185927,0.45488508844502973,Malicious,iodine_txt-32-baseline,Quad9
