flow_id,src2dst_min_length,src2dst_max_length,src2dst_stddev_length,src2dst_mean_length,src2dst_min_time,src2dst_max_time,src2dst_mean_time,src2dst_stddev_time,dst2src_min_length,dst2src_max_length,dst2src_stddev_length,dst2src_mean_length,dst2src_min_time,dst2src_max_time,dst2src_mean_time,dst2src_stddev_time,bidirectional_min_length,bidirectional_max_length,bidirectional_stddev_length,bidirectional_mean_length,bidirectional_min_time,bidirectional_max_time,bidirectional_mean_time,bidirectional_stddev_time,label,type,doh_server
"(('192.168.20.206', 39508), ('9.9.9.11', 443))",1,256,11.869772530162031,109.01615508885298,8.082389831542969e-05,1.3164560794830322,1.037032812544443,0.23273731679668416,47,265,12.400700126697235,144.6275167785235,9.059906005859375e-06,1.3164560794830322,1.0772430504069608,0.210403215391217,1,265,21.543934788783112,126.48477366255145,9.059906005859375e-06,1.0054779052734375,0.5279883484078396,0.45066485450578786,Malicious,iodine_txt-32-baseline,Quad9
"(('192.168.20.206', 39512), ('9.9.9.11', 443))",1,256,11.556021657818231,108.71197411003236,6.4849853515625e-05,1.3127031326293945,1.0394404100637575,0.22791526548181237,47,34260,1391.649927075971,201.47833333333332,1.4066696166992188e-05,1.3127031326293945,1.0707974573208614,0.20524411237737636,1,34260,977.8818605235265,154.40968801313628,1.4066696166992188e-05,1.0032198429107666,0.5270536235834402,0.45207121609373435,Malicious,iodine_txt-32-baseline,Quad9
"(('192.168.20.206', 39516), ('9.9.9.11', 443))",1,256,11.631701068938533,108.58784893267652,7.104873657226562e-05,1.7540991306304932,1.0550748223536892,0.20016767039595348,47,33931,1377.0834496062057,200.87188019966723,1.6927719116210938e-05,1.7540991306304932,1.0692627731959026,0.17913586754988894,1,33931,971.6519679511304,154.42479338842975,1.6927719116210938e-05,1.0030479431152344,0.5306661065892803,0.4542651927300849,Malicious,iodine_txt-32-baseline,Quad9
