flow_id,src2dst_min_length,src2dst_max_length,src2dst_stddev_length,src2dst_mean_length,src2dst_min_time,src2dst_max_time,src2dst_mean_time,src2dst_stddev_time,dst2src_min_length,dst2src_max_length,dst2src_stddev_length,dst2src_mean_length,dst2src_min_time,dst2src_max_time,dst2src_mean_time,dst2src_stddev_time,bidirectional_min_length,bidirectional_max_length,bidirectional_stddev_length,bidirectional_mean_length,bidirectional_min_time,bidirectional_max_time,bidirectional_mean_time,bidirectional_stddev_time,label,type,doh_server
"(('192.168.20.212', 58716), ('9.9.9.11', 443))",1,256,11.686075857655407,109.33614864864865,8.082389831542969e-05,1.7459449768066406,1.035042133831534,0.24552385468708615,47,33841,1457.9896682268757,219.8330373001776,1.1920928955078125e-05,1.7459449768066406,1.0866383751092008,0.37573355953011356,1,33841,1019.4609835412782,163.1974025974026,1.1920928955078125e-05,1.0034451484680176,0.5300779038946591,0.44978000164765447,Malicious,iodine_txt-32-baseline,Quad9
"(('192.168.20.212', 58720), ('9.9.9.11', 443))",1,256,11.799657906978126,109.53082191780823,7.486343383789062e-05,1.7529528141021729,1.0492477478334874,0.21808552379954949,47,2323,91.80671940180427,149.506993006993,2.5987625122070312e-05,1.7529528141021729,1.0714264237525792,0.19426492311813032,1,2323,68.11981791517812,129.3114186851211,2.5987625122070312e-05,1.0033810138702393,0.5296978052560385,0.4527716501618257,Malicious,iodine_txt-32-baseline,Quad9
"(('192.168.20.212', 58724), ('9.9.9.11', 443))",1,256,11.675843737892203,109.41379310344827,7.295608520507812e-05,1.358025074005127,1.056648423222886,0.19336973561873347,47,25464,1057.7624198501082,189.87937062937064,1.5020370483398438e-05,1.358025074005127,1.069668766913606,0.18946343040013416,1,25464,746.4803871984521,149.3671875,1.5020370483398438e-05,1.0031468868255615,0.5315373041234153,0.45481218466408724,Malicious,iodine_txt-32-baseline,Quad9
