flow_id,src2dst_min_length,src2dst_max_length,src2dst_stddev_length,src2dst_mean_length,src2dst_min_time,src2dst_max_time,src2dst_mean_time,src2dst_stddev_time,dst2src_min_length,dst2src_max_length,dst2src_stddev_length,dst2src_mean_length,dst2src_min_time,dst2src_max_time,dst2src_mean_time,dst2src_stddev_time,bidirectional_min_length,bidirectional_max_length,bidirectional_stddev_length,bidirectional_mean_length,bidirectional_min_time,bidirectional_max_time,bidirectional_mean_time,bidirectional_stddev_time,label,type,doh_server
"(('192.168.20.212', 59196), ('9.9.9.11', 443))",1,256,11.854064226508934,109.62003454231433,7.390975952148438e-05,1.3122899532318115,1.0535180189205289,0.19471401897910273,47,50245,2093.133088910339,228.96153846153845,2.09808349609375e-05,1.3122899532318115,1.0665630876704815,0.1776466287122296,1,50245,1476.7910132439983,168.92788879235448,2.09808349609375e-05,1.0032439231872559,0.5295859399049179,0.45552846965060073,Malicious,iodine_null-64-baseline,Quad9
"(('192.168.20.212', 59200), ('9.9.9.11', 443))",1,256,12.021734454996864,109.12998266897748,6.604194641113281e-05,1.3098890781402588,1.0567541788849566,0.18808862041714036,47,13732,566.8607180931253,165.0801393728223,9.059906005859375e-06,1.3098890781402588,1.0624133858173097,0.18645267426055379,1,13732,401.37491525786953,137.03214596003474,9.059906005859375e-06,1.0044608116149902,0.529373053053151,0.45546817723101235,Malicious,iodine_null-64-baseline,Quad9
"(('192.168.20.212', 59204), ('9.9.9.11', 443))",1,256,12.013080318999936,109.6829268292683,7.581710815429688e-05,1.901702880859375,1.0642963471004891,0.17717570188355736,47,49720,2394.672865557828,278.2904347826087,0.00026607513427734375,1.901702880859375,1.062567529778032,0.1818058347346476,1,49720,1696.1437707077498,194.06005221932114,4.506111145019531e-05,1.0035228729248047,0.5312993945975752,0.45657619675057504,Malicious,iodine_null-64-baseline,Quad9
