flow_id,src2dst_min_length,src2dst_max_length,src2dst_stddev_length,src2dst_mean_length,src2dst_min_time,src2dst_max_time,src2dst_mean_time,src2dst_stddev_time,dst2src_min_length,dst2src_max_length,dst2src_stddev_length,dst2src_mean_length,dst2src_min_time,dst2src_max_time,dst2src_mean_time,dst2src_stddev_time,bidirectional_min_length,bidirectional_max_length,bidirectional_stddev_length,bidirectional_mean_length,bidirectional_min_time,bidirectional_max_time,bidirectional_mean_time,bidirectional_stddev_time,label,type,doh_server
"(('192.168.20.207', 50768), ('9.9.9.11', 443))",1,256,11.648334605602331,108.58949096880131,6.580352783203125e-05,2.082395076751709,1.041805679468732,0.22720545878059178,47,65137,2668.5722601842836,263.4121621621622,6.198883056640625e-05,2.082395076751709,1.0719072334657467,0.1969305886974674,1,65137,1875.179640837469,184.90507910074936,3.600120544433594e-05,1.002316951751709,0.5279280676444371,0.4529913608154918,Malicious,iodine_srv-64-baseline,Quad9
"(('192.168.20.207', 50772), ('9.9.9.11', 443))",1,256,11.715185497504322,108.58803986710963,7.104873657226562e-05,1.3104450702667236,1.0526673543869756,0.19787657979793075,47,57784,2362.647120110002,250.6195286195286,6.198883056640625e-05,1.3104450702667236,1.0669948230505393,0.1955286075213903,1,57784,1666.5814002585553,179.12876254180603,5.0067901611328125e-05,1.0029149055480957,0.5294930819188202,0.454829019704686,Malicious,iodine_srv-64-baseline,Quad9
"(('192.168.20.207', 50776), ('9.9.9.11', 443))",1,256,11.730397359945751,108.63333333333334,6.914138793945312e-05,1.3110320568084717,1.0614605626598224,0.17673267051866748,47,2228,85.70868805929501,157.0953177257525,3.910064697265625e-05,1.3110320568084717,1.0651401574887223,0.17068115363636097,1,2228,65.74886350940646,132.82387312186978,2.8133392333984375e-05,1.003431797027588,0.5312488772217792,0.4562655921233399,Malicious,iodine_srv-64-baseline,Quad9
