flow_id,src2dst_min_length,src2dst_max_length,src2dst_stddev_length,src2dst_mean_length,src2dst_min_time,src2dst_max_time,src2dst_mean_time,src2dst_stddev_time,dst2src_min_length,dst2src_max_length,dst2src_stddev_length,dst2src_mean_length,dst2src_min_time,dst2src_max_time,dst2src_mean_time,dst2src_stddev_time,bidirectional_min_length,bidirectional_max_length,bidirectional_stddev_length,bidirectional_mean_length,bidirectional_min_time,bidirectional_max_time,bidirectional_mean_time,bidirectional_stddev_time,label,type,doh_server
"(('192.168.20.211', 46466), ('9.9.9.11', 443))",1,256,11.763183225056485,108.83617747440273,9.393692016601562e-05,1.3134429454803467,1.0535443383404333,0.19866297003760025,47,36032,1491.6392648086503,202.49307958477507,6.008148193359375e-05,1.3134429454803467,1.0682781924408065,0.17655258234578236,1,36032,1052.1930926977116,155.34278350515464,4.1961669921875e-05,1.002946138381958,0.5300200438560951,0.45492434667393733,Malicious,iodine_null-32-baseline,Quad9
"(('192.168.20.211', 46470), ('9.9.9.11', 443))",1,256,11.883936798552336,108.78044596912521,5.793571472167969e-05,1.6970679759979248,1.0534829569026776,0.19900761458820163,47,63793,2654.5151813834705,251.25435540069685,3.3855438232421875e-05,1.6970679759979248,1.0701512354206664,0.18483930059223244,1,63793,1871.086512195062,179.46326707000864,3.3855438232421875e-05,1.0027430057525635,0.5304648735943962,0.45460523921636253,Malicious,iodine_null-32-baseline,Quad9
"(('192.168.20.211', 46474), ('9.9.9.11', 443))",1,256,11.785666283568906,108.55746140651802,6.4849853515625e-05,1.7433700561523438,1.0556778727528155,0.20154116429958577,47,28201,1379.407175917651,219.5593803786575,8.106231689453125e-06,1.7433700561523438,1.059388412278274,0.19866702485000465,1,28201,976.1645963064091,163.963058419244,8.106231689453125e-06,1.0032970905303955,0.5283714943883343,0.4531425013421675,Malicious,iodine_null-32-baseline,Quad9
