flow_id,src2dst_min_length,src2dst_max_length,src2dst_stddev_length,src2dst_mean_length,src2dst_min_time,src2dst_max_time,src2dst_mean_time,src2dst_stddev_time,dst2src_min_length,dst2src_max_length,dst2src_stddev_length,dst2src_mean_length,dst2src_min_time,dst2src_max_time,dst2src_mean_time,dst2src_stddev_time,bidirectional_min_length,bidirectional_max_length,bidirectional_stddev_length,bidirectional_mean_length,bidirectional_min_time,bidirectional_max_time,bidirectional_mean_time,bidirectional_stddev_time,label,type,doh_server
"(('192.168.20.212', 59092), ('9.9.9.11', 443))",1,256,11.939358986374218,109.60481099656357,7.605552673339844e-05,1.3105559349060059,1.0525388656097516,0.19914609815288398,47,11213,461.4430530772679,160.57565217391306,1.7881393432617188e-05,1.3105559349060059,1.0636009492940603,0.1985156906126927,1,11213,326.4075791863243,134.93604148660327,1.7881393432617188e-05,1.0031728744506836,0.529000935051268,0.4545618576456414,Malicious,iodine_null-32-baseline,Quad9
"(('192.168.20.212', 59096), ('9.9.9.11', 443))",1,256,11.813875193381026,109.5557461406518,8.416175842285156e-05,1.312122106552124,1.0450840807452644,0.21105389194202584,47,34063,1875.707712406012,252.2539404553415,8.821487426757812e-06,1.312122106552124,1.0672132826687997,0.2035649673919573,1,34063,1321.365865265792,180.1629116117851,8.821487426757812e-06,1.0032958984375,0.5276043313746853,0.45374556853979364,Malicious,iodine_null-32-baseline,Quad9
"(('192.168.20.212', 59100), ('9.9.9.11', 443))",1,256,11.819812577467951,109.50257289879931,0.0001049041748046875,1.3091511726379395,1.0475155840214996,0.20960206788604263,47,11830,488.4092017603921,161.76223776223776,6.29425048828125e-05,1.3091511726379395,1.0678244747756451,0.19966829884433132,1,11830,344.802955320555,135.3835497835498,3.886222839355469e-05,1.0030930042266846,0.5283747018933089,0.45423261732388404,Malicious,iodine_null-32-baseline,Quad9
