flow_id,src2dst_min_length,src2dst_max_length,src2dst_stddev_length,src2dst_mean_length,src2dst_min_time,src2dst_max_time,src2dst_mean_time,src2dst_stddev_time,dst2src_min_length,dst2src_max_length,dst2src_stddev_length,dst2src_mean_length,dst2src_min_time,dst2src_max_time,dst2src_mean_time,dst2src_stddev_time,bidirectional_min_length,bidirectional_max_length,bidirectional_stddev_length,bidirectional_mean_length,bidirectional_min_time,bidirectional_max_time,bidirectional_mean_time,bidirectional_stddev_time,label,type,doh_server
"(('192.168.20.205', 46280), ('9.9.9.11', 443))",1,256,11.478479279293976,108.51554828150573,6.29425048828125e-05,1.741776943206787,1.056392981966988,0.19509526483060505,47,29902,1253.9065031554699,217.42739273927393,5.9604644775390625e-06,1.741776943206787,1.0652433769762024,0.18855417412002495,1,29902,886.5339669599672,162.74774034511094,5.9604644775390625e-06,1.0059559345245361,0.5300079070423779,0.4542005606539953,Malicious,iodine_srv-32-baseline,Quad9
"(('192.168.20.205', 46284), ('9.9.9.11', 443))",1,256,11.648684842592408,108.69004893964112,6.29425048828125e-05,1.3113369941711426,1.0551163402258181,0.19823653087271836,47,62840,2542.2562628527694,257.85337726523886,2.193450927734375e-05,1.3113369941711426,1.0656749273684158,0.18957947424900398,1,62840,1794.7899975266507,182.9049180327869,2.193450927734375e-05,1.0020380020141602,0.5297975817892373,0.4526609811257678,Malicious,iodine_srv-32-baseline,Quad9
"(('192.168.20.205', 46288), ('9.9.9.11', 443))",1,256,11.748536351350618,108.73615635179154,6.103515625e-05,1.7931301593780518,1.0528661387974052,0.2011457125860035,47,21161,854.126882432979,189.54635761589404,1.811981201171875e-05,1.7931301593780518,1.070447953779306,0.1912175585110494,1,21161,602.8877264309285,148.8095238095238,1.811981201171875e-05,1.0020289421081543,0.5303997092297945,0.4541049495531936,Malicious,iodine_srv-32-baseline,Quad9
