flow_id,src2dst_min_length,src2dst_max_length,src2dst_stddev_length,src2dst_mean_length,src2dst_min_time,src2dst_max_time,src2dst_mean_time,src2dst_stddev_time,dst2src_min_length,dst2src_max_length,dst2src_stddev_length,dst2src_mean_length,dst2src_min_time,dst2src_max_time,dst2src_mean_time,dst2src_stddev_time,bidirectional_min_length,bidirectional_max_length,bidirectional_stddev_length,bidirectional_mean_length,bidirectional_min_time,bidirectional_max_time,bidirectional_mean_time,bidirectional_stddev_time,label,type,doh_server
"(('192.168.20.205', 46086), ('9.9.9.11', 443))",1,256,11.525072577964398,108.54911433172303,7.891654968261719e-05,1.6159319877624512,1.0416315563263432,0.22977853770879036,47,49511,2225.598650694317,265.7425249169435,7.867813110351562e-06,1.6159319877624512,1.0746852760505359,0.21030014035170494,1,49511,1563.4615412828598,185.92477514309076,7.867813110351562e-06,1.0033249855041504,0.5285616112223623,0.45121814929345516,Malicious,iodine_txt-32-baseline,Quad9
"(('192.168.20.205', 46090), ('9.9.9.11', 443))",1,256,11.454147638156709,108.41693811074919,8.893013000488281e-05,1.8961620330810547,1.0546225972510084,0.2094293937659243,47,48556,1973.1359613443728,225.1647254575707,2.09808349609375e-05,1.8961620330810547,1.0775825734933218,0.2116131887835918,1,48556,1388.9845260158556,166.16625514403293,2.09808349609375e-05,1.0039379596710205,0.5325977637308237,0.45303951753048977,Malicious,iodine_txt-32-baseline,Quad9
"(('192.168.20.205', 46094), ('9.9.9.11', 443))",1,256,12.72246323826255,109.1261980830671,6.389617919921875e-05,1.3095381259918213,1.0336445346832275,0.22998106966905438,47,37771,1517.2855316329728,206.1889250814332,7.867813110351562e-06,1.3095381259918213,1.0540150129775627,0.22135692252891662,1,37771,1068.8194501934051,157.18790322580645,7.867813110351562e-06,1.0030369758605957,0.5214913841983404,0.452786066189299,Malicious,iodine_txt-32-baseline,Quad9
