flow_id,src2dst_min_length,src2dst_max_length,src2dst_stddev_length,src2dst_mean_length,src2dst_min_time,src2dst_max_time,src2dst_mean_time,src2dst_stddev_time,dst2src_min_length,dst2src_max_length,dst2src_stddev_length,dst2src_mean_length,dst2src_min_time,dst2src_max_time,dst2src_mean_time,dst2src_stddev_time,bidirectional_min_length,bidirectional_max_length,bidirectional_stddev_length,bidirectional_mean_length,bidirectional_min_time,bidirectional_max_time,bidirectional_mean_time,bidirectional_stddev_time,label,type,doh_server
"(('192.168.20.204', 40226), ('9.9.9.11', 443))",1,256,11.565812517404758,108.72859450726979,5.888938903808594e-05,1.9115879535675049,1.0520852993221346,0.20459771824057757,47,32592,1318.349939295013,212.63875205254516,1.7881393432617188e-05,1.9115879535675049,1.0695133585678904,0.19004590076307037,1,32592,929.8995237536045,160.26058631921825,1.7881393432617188e-05,1.0024211406707764,0.5299761711142368,0.4531630384105373,Malicious,iodine_srv-32-baseline,Quad9
"(('192.168.20.204', 40230), ('9.9.9.11', 443))",1,256,11.5928721365721,108.3257698541329,6.699562072753906e-05,1.7559070587158203,1.0533612176969454,0.20938391078066107,47,33307,1724.400227255173,253.22937293729373,1.2874603271484375e-05,1.7559070587158203,1.0726319884465745,0.191471781246538,1,33307,1216.0272281617279,180.12591986917417,1.2874603271484375e-05,1.0028371810913086,0.531064012436937,0.4534146194702914,Malicious,iodine_srv-32-baseline,Quad9
"(('192.168.20.204', 40234), ('9.9.9.11', 443))",1,256,11.402832550964115,108.59450726978999,6.008148193359375e-05,1.3133800029754639,1.0506451523419722,0.19874311801116154,47,51577,2083.7740672220557,239.1578947368421,1.6927719116210938e-05,1.3133800029754639,1.0698058318463346,0.18841072914162693,1,51577,1468.305384941121,173.29095354523227,1.6927719116210938e-05,1.002384901046753,0.5296808205070931,0.45452035680613606,Malicious,iodine_srv-32-baseline,Quad9
