flow_id,src2dst_min_length,src2dst_max_length,src2dst_stddev_length,src2dst_mean_length,src2dst_min_time,src2dst_max_time,src2dst_mean_time,src2dst_stddev_time,dst2src_min_length,dst2src_max_length,dst2src_stddev_length,dst2src_mean_length,dst2src_min_time,dst2src_max_time,dst2src_mean_time,dst2src_stddev_time,bidirectional_min_length,bidirectional_max_length,bidirectional_stddev_length,bidirectional_mean_length,bidirectional_min_time,bidirectional_max_time,bidirectional_mean_time,bidirectional_stddev_time,label,type,doh_server
"(('192.168.20.211', 46272), ('9.9.9.11', 443))",1,256,11.78274816642251,108.49399656946827,6.818771362304688e-05,1.3161389827728271,1.0570659367079587,0.19179830298294767,47,33808,1396.2440144134455,213.11206896551724,7.867813110351562e-06,1.3161389827728271,1.0626715835511993,0.19026545780368376,1,33808,987.4411818466057,160.66809974204642,7.867813110351562e-06,1.0019631385803223,0.5295208210378834,0.4545143514319251,Malicious,iodine_srv-32-baseline,Quad9
"(('192.168.20.211', 46276), ('9.9.9.11', 443))",1,256,11.809223648888524,108.78829604130809,7.987022399902344e-05,1.8931388854980469,1.0608925654970367,0.19551058752913864,47,13897,571.7406122696924,178.48353552859618,2.09808349609375e-05,1.8931388854980469,1.0683860191040568,0.18602717578581496,1,13897,405.1708324542644,143.51554404145077,2.09808349609375e-05,1.002336025238037,0.5318985471667765,0.4544848546773026,Malicious,iodine_srv-32-baseline,Quad9
"(('192.168.20.211', 46280), ('9.9.9.11', 443))",1,256,11.799084544925437,108.60481099656357,6.604194641113281e-05,1.7483689785003662,1.0597432065953896,0.19426161713272402,47,61615,2558.652393745873,261.4114583333333,3.814697265625e-05,1.7483689785003662,1.0690313252158787,0.1802017631293404,1,61615,1806.1832545367045,184.61226252158895,3.814697265625e-05,1.0023870468139648,0.5321614546516175,0.4550610580711192,Malicious,iodine_srv-32-baseline,Quad9
