flow_id,src2dst_min_length,src2dst_max_length,src2dst_stddev_length,src2dst_mean_length,src2dst_min_time,src2dst_max_time,src2dst_mean_time,src2dst_stddev_time,dst2src_min_length,dst2src_max_length,dst2src_stddev_length,dst2src_mean_length,dst2src_min_time,dst2src_max_time,dst2src_mean_time,dst2src_stddev_time,bidirectional_min_length,bidirectional_max_length,bidirectional_stddev_length,bidirectional_mean_length,bidirectional_min_time,bidirectional_max_time,bidirectional_mean_time,bidirectional_stddev_time,label,type,doh_server
"(('192.168.20.206', 39890), ('9.9.9.11', 443))",1,256,11.6211433266963,108.63175122749591,8.177757263183594e-05,1.4916279315948486,1.0489300919360802,0.20889357797334349,47,54187,2200.976791608278,230.0033222591362,0.00010609626770019531,1.4916279315948486,1.0648051034194261,0.21397384966068425,1,54187,1551.7501657087519,168.86727122835944,4.482269287109375e-05,1.0025060176849365,0.5280237369018026,0.4532742488336797,Malicious,iodine_null-32-baseline,Quad9
"(('192.168.20.206', 39894), ('9.9.9.11', 443))",1,256,11.61977154720565,108.75613747954174,0.00011086463928222656,1.3193209171295166,1.0472381474541836,0.2087920029265895,47,59348,2899.084723958288,304.85141903171956,1.2159347534179688e-05,1.3193209171295166,1.068377285896735,0.18719752040049942,1,59348,2042.1436119691218,205.8314049586777,1.2159347534179688e-05,1.0030879974365234,0.5284587617153171,0.4540424988354292,Malicious,iodine_null-32-baseline,Quad9
"(('192.168.20.206', 39898), ('9.9.9.11', 443))",1,256,11.642694541818456,108.73234811165845,9.202957153320312e-05,1.3077030181884766,1.0500474372192432,0.20222953373419833,47,49341,2021.0902980618016,231.33779264214047,1.1920928955078125e-05,1.3077030181884766,1.069943340180108,0.18215030182084238,1,49341,1423.9436972444394,169.47638773819386,1.1920928955078125e-05,1.0029428005218506,0.5296627818846189,0.4542154934105772,Malicious,iodine_null-32-baseline,Quad9
