flow_id,src2dst_min_length,src2dst_max_length,src2dst_stddev_length,src2dst_mean_length,src2dst_min_time,src2dst_max_time,src2dst_mean_time,src2dst_stddev_time,dst2src_min_length,dst2src_max_length,dst2src_stddev_length,dst2src_mean_length,dst2src_min_time,dst2src_max_time,dst2src_mean_time,dst2src_stddev_time,bidirectional_min_length,bidirectional_max_length,bidirectional_stddev_length,bidirectional_mean_length,bidirectional_min_time,bidirectional_max_time,bidirectional_mean_time,bidirectional_stddev_time,label,type,doh_server
"(('192.168.20.207', 50568), ('9.9.9.11', 443))",1,256,11.691712138608487,108.63861386138613,7.510185241699219e-05,1.3125710487365723,1.0493602512296567,0.20090069874836233,47,38895,1586.0326158031914,208.70805369127515,5.1975250244140625e-05,1.3125710487365723,1.067119927766944,0.18518785372253707,1,38895,1117.9705442189318,158.25707154742096,3.0994415283203125e-05,1.0028669834136963,0.5286865121220471,0.45419309224762455,Malicious,iodine_txt-64-baseline,Quad9
"(('192.168.20.207', 50572), ('9.9.9.11', 443))",1,256,11.677467491564586,108.59308072487644,6.198883056640625e-05,1.748913049697876,1.0487064819524783,0.21538497549068672,119,56795,2322.494293655508,239.26599326599327,2.09808349609375e-05,1.748913049697876,1.0718202225072389,0.18190742617926922,1,56795,1634.6663516756419,173.22231473771856,2.09808349609375e-05,1.003080129623413,0.5296718416611353,0.45328137514303846,Malicious,iodine_txt-64-baseline,Quad9
"(('192.168.20.207', 50576), ('9.9.9.11', 443))",1,256,11.754424448355671,108.72361809045226,7.510185241699219e-05,1.6978378295898438,1.065658972967391,0.18278685030311945,47,37691,1546.7331924588677,213.98825503355704,9.059906005859375e-06,1.6978378295898438,1.0675486720910594,0.18683077042186272,1,37691,1094.5448410438091,161.31181894383906,9.059906005859375e-06,1.0031931400299072,0.5329062222634386,0.45506452718437207,Malicious,iodine_txt-64-baseline,Quad9
