flow_id,src2dst_min_length,src2dst_max_length,src2dst_stddev_length,src2dst_mean_length,src2dst_min_time,src2dst_max_time,src2dst_mean_time,src2dst_stddev_time,dst2src_min_length,dst2src_max_length,dst2src_stddev_length,dst2src_mean_length,dst2src_min_time,dst2src_max_time,dst2src_mean_time,dst2src_stddev_time,bidirectional_min_length,bidirectional_max_length,bidirectional_stddev_length,bidirectional_mean_length,bidirectional_min_time,bidirectional_max_time,bidirectional_mean_time,bidirectional_stddev_time,label,type,doh_server
"(('192.168.20.209', 60764), ('9.9.9.11', 443))",1,256,13.88398893261492,108.4983164983165,0.00010895729064941406,1.3170762062072754,1.055638792542945,0.19008712701765304,122,15761,643.6937690066812,181.4497444633731,0.0002639293670654297,1.3170762062072754,1.0680045511942269,0.16763023455572418,1,15761,455.37927055460864,144.75783234546995,0.00010204315185546875,1.0028700828552246,0.5305804509227559,0.454299937443955,Malicious,iodine_srv-32-baseline,Quad9
"(('192.168.20.209', 60768), ('9.9.9.11', 443))",1,256,11.819228709307636,108.61960132890366,0.00010180473327636719,1.3149969577789307,1.0406934893666806,0.22028464414744833,47,40076,1643.5777284365622,222.60780984719864,4.00543212890625e-05,1.3149969577789307,1.0638290290929833,0.19931236774767727,1,40076,1157.259501255463,164.99160369437448,4.00543212890625e-05,1.0020291805267334,0.525670527009403,0.4529035038353291,Malicious,iodine_srv-32-baseline,Quad9
"(('192.168.20.209', 60772), ('9.9.9.11', 443))",1,256,11.791455941078217,108.52782462057336,7.700920104980469e-05,1.750885009765625,1.054620543847213,0.19966133846464426,47,53781,2361.450463350762,280.3344709897611,9.059906005859375e-06,1.750885009765625,1.0673677297738882,0.18278248155431637,1,53781,1667.0689416977636,193.92111959287533,9.059906005859375e-06,1.0031249523162842,0.5300733140449977,0.45507194445127896,Malicious,iodine_srv-32-baseline,Quad9
