flow_id,src2dst_min_length,src2dst_max_length,src2dst_stddev_length,src2dst_mean_length,src2dst_min_time,src2dst_max_time,src2dst_mean_time,src2dst_stddev_time,dst2src_min_length,dst2src_max_length,dst2src_stddev_length,dst2src_mean_length,dst2src_min_time,dst2src_max_time,dst2src_mean_time,dst2src_stddev_time,bidirectional_min_length,bidirectional_max_length,bidirectional_stddev_length,bidirectional_mean_length,bidirectional_min_time,bidirectional_max_time,bidirectional_mean_time,bidirectional_stddev_time,label,type,doh_server
"(('192.168.20.209', 60856), ('9.9.9.11', 443))",1,256,11.665871254959534,108.35906040268456,5.817413330078125e-05,1.742264986038208,1.0484353714630383,0.20658633264819015,47,56451,2442.5070995913693,281.0136518771331,1.811981201171875e-05,1.742264986038208,1.0664833333757189,0.18883136236276646,1,56451,1721.9769866538409,193.9560067681895,1.811981201171875e-05,1.0031399726867676,0.5282889222008611,0.4546465111077573,Malicious,iodine_srv-64-baseline,Quad9
"(('192.168.20.209', 60860), ('9.9.9.11', 443))",1,256,11.691401000518255,108.35919055649241,7.510185241699219e-05,1.1541461944580078,1.053085091548997,0.19164204519260267,47,35979,1476.2077121199795,214.58163265306123,2.09808349609375e-05,1.1541461944580078,1.0621745163984153,0.1814988740946844,1,35979,1043.010533372407,161.24555461473327,2.09808349609375e-05,1.0023741722106934,0.5284004959009462,0.45555921110587033,Malicious,iodine_srv-64-baseline,Quad9
"(('192.168.20.209', 60864), ('9.9.9.11', 443))",1,256,11.699271588564304,108.39460370994941,7.796287536621094e-05,1.3120360374450684,1.057352285530116,0.18875920337009364,47,7285,294.369987789031,165.80579216354343,5.1975250244140625e-05,1.3120360374450684,1.0683023225732224,0.17763694681942205,1,7285,209.76013243705648,136.9542372881356,4.100799560546875e-05,1.0032939910888672,0.5309934080203172,0.4551647685663091,Malicious,iodine_srv-64-baseline,Quad9
