flow_id,src2dst_min_length,src2dst_max_length,src2dst_stddev_length,src2dst_mean_length,src2dst_min_time,src2dst_max_time,src2dst_mean_time,src2dst_stddev_time,dst2src_min_length,dst2src_max_length,dst2src_stddev_length,dst2src_mean_length,dst2src_min_time,dst2src_max_time,dst2src_mean_time,dst2src_stddev_time,bidirectional_min_length,bidirectional_max_length,bidirectional_stddev_length,bidirectional_mean_length,bidirectional_min_time,bidirectional_max_time,bidirectional_mean_time,bidirectional_stddev_time,label,type,doh_server
"(('192.168.20.207', 50672), ('9.9.9.11', 443))",1,256,11.873762393422972,108.69063545150502,7.009506225585938e-05,1.312427043914795,1.0628586346579956,0.18175415287004434,47,19044,773.8354322159294,186.3613445378151,1.7881393432617188e-05,1.312427043914795,1.0683565894361298,0.17227455447444,1,19044,547.9384683199951,147.42833193629505,1.7881393432617188e-05,1.0029430389404297,0.532399866604965,0.45488149758487323,Malicious,iodine_srv-32-baseline,Quad9
"(('192.168.20.207', 50676), ('9.9.9.11', 443))",1,256,11.898141340798448,108.74380165289256,6.198883056640625e-05,1.3117079734802246,1.0522234471428473,0.20196399744434734,47,22662,922.022981129205,192.44201680672268,5.602836608886719e-05,1.3117079734802246,1.070062133198234,0.18219608742185148,1,22662,650.6485952872761,150.24416666666667,4.1961669921875e-05,1.0033378601074219,0.5301366506565403,0.4537938853863832,Malicious,iodine_srv-32-baseline,Quad9
"(('192.168.20.207', 50680), ('9.9.9.11', 443))",1,256,13.169823614244212,108.630615640599,6.699562072753906e-05,1.3111670017242432,1.0578013881047568,0.19271775520927778,122,37755,1979.9641545282027,269.1848739495798,0.0003368854522705078,1.3111670017242432,1.0682357778452864,0.1752853683406598,1,37755,1398.8663323781582,188.50501672240802,6.699562072753906e-05,1.0031931400299072,0.5311904552092612,0.45393473031516157,Malicious,iodine_srv-32-baseline,Quad9
