flow_id,src2dst_min_length,src2dst_max_length,src2dst_stddev_length,src2dst_mean_length,src2dst_min_time,src2dst_max_time,src2dst_mean_time,src2dst_stddev_time,dst2src_min_length,dst2src_max_length,dst2src_stddev_length,dst2src_mean_length,dst2src_min_time,dst2src_max_time,dst2src_mean_time,dst2src_stddev_time,bidirectional_min_length,bidirectional_max_length,bidirectional_stddev_length,bidirectional_mean_length,bidirectional_min_time,bidirectional_max_time,bidirectional_mean_time,bidirectional_stddev_time,label,type,doh_server
"(('192.168.20.205', 46568), ('9.9.9.11', 443))",1,256,11.7601958895729,108.66392092257001,7.200241088867188e-05,1.7415521144866943,1.061832594005975,0.1852117086554959,47,41924,2043.1522561999363,255.78842975206612,1.1205673217773438e-05,1.7415521144866943,1.0654733291524925,0.1812751250428582,1,41924,1445.431403989987,182.10478547854785,1.1205673217773438e-05,1.0043120384216309,0.5314304944801488,0.45482065306740915,Malicious,iodine_null-64-baseline,Quad9
"(('192.168.20.205', 46572), ('9.9.9.11', 443))",1,256,11.653006722784781,108.60032894736842,7.200241088867188e-05,1.311755895614624,1.0596884844527017,0.1824601897926368,47,30912,1462.7779084736258,222.19173553719008,2.6226043701171875e-05,1.311755895614624,1.0651191094063766,0.17516996780733374,1,30912,1034.6532834539435,165.25556471558122,2.6226043701171875e-05,1.0037598609924316,0.5308246634187478,0.45576084862888244,Malicious,iodine_null-64-baseline,Quad9
"(('192.168.20.205', 46576), ('9.9.9.11', 443))",1,256,11.685350735916746,108.6980198019802,0.00010395050048828125,1.3071200847625732,1.0632935039268052,0.17008879582116218,47,27914,1248.5731789805568,208.05940594059405,9.059906005859375e-06,1.3071200847625732,1.063430081123163,0.17174678801729076,1,27914,884.3098645890841,158.37871287128712,9.059906005859375e-06,1.0023419857025146,0.5312903161682835,0.45632793875509303,Malicious,iodine_null-64-baseline,Quad9
