flow_id,src2dst_min_length,src2dst_max_length,src2dst_stddev_length,src2dst_mean_length,src2dst_min_time,src2dst_max_time,src2dst_mean_time,src2dst_stddev_time,dst2src_min_length,dst2src_max_length,dst2src_stddev_length,dst2src_mean_length,dst2src_min_time,dst2src_max_time,dst2src_mean_time,dst2src_stddev_time,bidirectional_min_length,bidirectional_max_length,bidirectional_stddev_length,bidirectional_mean_length,bidirectional_min_time,bidirectional_max_time,bidirectional_mean_time,bidirectional_stddev_time,label,type,doh_server
"(('192.168.20.209', 60660), ('9.9.9.11', 443))",1,256,13.09021587347667,109.29401993355482,7.414817810058594e-05,1.8967201709747314,1.0419381847000757,0.23039930619859159,47,29077,1183.2391033770105,192.4857621440536,2.288818359375e-05,1.8967201709747314,1.0508048086358397,0.22429177475734793,1,29077,836.0169824736947,150.71643035863218,2.288818359375e-05,1.0028560161590576,0.5227847495341739,0.45319161224263915,Malicious,iodine_txt-64-baseline,Quad9
"(('192.168.20.209', 60664), ('9.9.9.11', 443))",1,256,11.638697903498008,108.47333333333333,7.200241088867188e-05,1.3285439014434814,1.0464423821247082,0.21085267392633547,47,52338,2150.666331280445,232.39965986394557,2.3126602172851562e-05,1.3285439014434814,1.0679572591180493,0.20990266181899042,1,52338,1514.3413938830233,169.81060606060606,2.3126602172851562e-05,1.1840009689331055,0.528144518869106,0.45442125526512583,Malicious,iodine_txt-64-baseline,Quad9
"(('192.168.20.209', 60668), ('9.9.9.11', 443))",1,256,11.714106482681,108.35413153456999,6.198883056640625e-05,1.3143999576568604,1.057893371662578,0.1886466489871132,47,47073,1933.7223683231384,223.56802721088437,1.4066696166992188e-05,1.3143999576568604,1.0651696573124225,0.17715675518545607,1,47073,1365.6914001553002,165.71718882303134,1.4066696166992188e-05,1.0029950141906738,0.5307397254442765,0.4552646772135092,Malicious,iodine_txt-64-baseline,Quad9
