flow_id,src2dst_min_length,src2dst_max_length,src2dst_stddev_length,src2dst_mean_length,src2dst_min_time,src2dst_max_time,src2dst_mean_time,src2dst_stddev_time,dst2src_min_length,dst2src_max_length,dst2src_stddev_length,dst2src_mean_length,dst2src_min_time,dst2src_max_time,dst2src_mean_time,dst2src_stddev_time,bidirectional_min_length,bidirectional_max_length,bidirectional_stddev_length,bidirectional_mean_length,bidirectional_min_time,bidirectional_max_time,bidirectional_mean_time,bidirectional_stddev_time,label,type,doh_server
"(('192.168.20.210', 43902), ('9.9.9.11', 443))",1,256,13.0091377675451,109.41430948419301,7.200241088867188e-05,1.7432260513305664,1.033969713449478,0.23350783761893917,47,28319,1157.200489487562,188.23986486486487,1.9073486328125e-05,1.7432260513305664,1.0498459173741477,0.2178130583678983,1,28319,816.17638023243,148.52975691533948,1.9073486328125e-05,1.0059409141540527,0.5205330034630411,0.45356414693552033,Malicious,iodine_null-32-baseline,Quad9
"(('192.168.20.210', 43906), ('9.9.9.11', 443))",1,256,11.71360073879233,108.55008488964346,6.4849853515625e-05,1.4254329204559326,1.0522401819423752,0.20119358423460534,47,52767,2183.3401467081817,231.12586206896552,2.8133392333984375e-05,1.4254329204559326,1.0687248982707864,0.19240266314738258,1,52767,1539.1432724366061,169.366124893071,2.8133392333984375e-05,1.0027360916137695,0.5298017696158527,0.4548917728020761,Malicious,iodine_null-32-baseline,Quad9
"(('192.168.20.210', 43910), ('9.9.9.11', 443))",1,256,11.75636209230166,108.71160409556315,7.104873657226562e-05,1.6196401119232178,1.0598721316736988,0.19155770355127924,47,53872,2225.355976135441,232.70790378006873,1.3828277587890625e-05,1.6196401119232178,1.0672952271164386,0.1941952367256264,1,53872,1572.1125494518797,170.49743150684932,1.3828277587890625e-05,1.0030601024627686,0.5313754549574015,0.4544175798383827,Malicious,iodine_null-32-baseline,Quad9
