flow_id,src2dst_min_length,src2dst_max_length,src2dst_stddev_length,src2dst_mean_length,src2dst_min_time,src2dst_max_time,src2dst_mean_time,src2dst_stddev_time,dst2src_min_length,dst2src_max_length,dst2src_stddev_length,dst2src_mean_length,dst2src_min_time,dst2src_max_time,dst2src_mean_time,dst2src_stddev_time,bidirectional_min_length,bidirectional_max_length,bidirectional_stddev_length,bidirectional_mean_length,bidirectional_min_time,bidirectional_max_time,bidirectional_mean_time,bidirectional_stddev_time,label,type,doh_server
"(('192.168.20.212', 58808), ('9.9.9.11', 443))",1,256,12.095697593231849,109.1118760757315,6.198883056640625e-05,1.7399179935455322,1.056018222611526,0.19441467189107106,47,17926,740.3480651154117,175.66493055555554,2.7179718017578125e-05,1.7399179935455322,1.0653291499096413,0.18183244366467666,1,17926,523.5017273910855,142.24459809853067,2.7179718017578125e-05,1.0029759407043457,0.5299139880804042,0.45523089940247474,Malicious,iodine_txt-64-baseline,Quad9
"(('192.168.20.212', 58812), ('9.9.9.11', 443))",1,256,11.86092792067505,109.51295336787565,8.0108642578125e-05,1.7644970417022705,1.0571373115361355,0.200581809368179,47,45952,1910.3339499038902,224.5191637630662,1.5974044799804688e-05,1.7644970417022705,1.066493252809135,0.20160985951359225,1,45952,1349.1302039589311,166.7666955767563,1.5974044799804688e-05,1.0031020641326904,0.5304838081614839,0.45403793052621205,Malicious,iodine_txt-64-baseline,Quad9
"(('192.168.20.212', 58816), ('9.9.9.11', 443))",1,256,11.952828634464574,109.64199655765921,7.987022399902344e-05,1.436218023300171,1.0533253690292095,0.20044833440702695,47,17623,729.645991195426,175.18150087260034,2.5033950805664062e-05,1.436218023300171,1.0662778320012394,0.19044337217197677,1,17623,515.25917969285,142.184575389948,2.5033950805664062e-05,1.002228021621704,0.5298601162505998,0.45463013937107105,Malicious,iodine_txt-64-baseline,Quad9
