flow_id,src2dst_min_length,src2dst_max_length,src2dst_stddev_length,src2dst_mean_length,src2dst_min_time,src2dst_max_time,src2dst_mean_time,src2dst_stddev_time,dst2src_min_length,dst2src_max_length,dst2src_stddev_length,dst2src_mean_length,dst2src_min_time,dst2src_max_time,dst2src_mean_time,dst2src_stddev_time,bidirectional_min_length,bidirectional_max_length,bidirectional_stddev_length,bidirectional_mean_length,bidirectional_min_time,bidirectional_max_time,bidirectional_mean_time,bidirectional_stddev_time,label,type,doh_server
"(('192.168.20.210', 43518), ('9.9.9.11', 443))",1,256,11.972287848275798,109.0567612687813,7.200241088867188e-05,1.7451629638671875,1.0378090051504283,0.22861976581098822,47,48590,2311.225369325168,275.692439862543,1.0013580322265625e-05,1.7451629638671875,1.0682943527957043,0.21662819441830777,1,48590,1624.6378857180587,191.17527519051652,1.0013580322265625e-05,1.002974033355713,0.5260167119866711,0.4525519290952715,Malicious,iodine_txt-32-baseline,Quad9
"(('192.168.20.210', 43522), ('9.9.9.11', 443))",1,256,11.72359747192795,108.55008488964346,6.079673767089844e-05,1.5569028854370117,1.054656899705225,0.20340379027709984,47,18398,757.3728815748203,176.2258620689655,2.5987625122070312e-05,1.5569028854370117,1.0711758618527742,0.18686853566443196,1,18398,534.614751412819,142.12745936698033,2.5987625122070312e-05,1.00260591506958,0.5310164571624912,0.45409606778475786,Malicious,iodine_txt-32-baseline,Quad9
"(('192.168.20.210', 43526), ('9.9.9.11', 443))",1,256,11.864071437229365,108.6695059625213,7.486343383789062e-05,1.3122470378875732,1.0601965563289135,0.1903861510120558,47,24032,987.6956156327127,185.60616438356163,5.316734313964844e-05,1.3122470378875732,1.0657776657549431,0.18102993806687645,1,24032,698.6215341565048,147.03928266438942,5.316734313964844e-05,1.003385066986084,0.531080985476828,0.4536931785788632,Malicious,iodine_txt-32-baseline,Quad9
