flow_id,src2dst_min_length,src2dst_max_length,src2dst_stddev_length,src2dst_mean_length,src2dst_min_time,src2dst_max_time,src2dst_mean_time,src2dst_stddev_time,dst2src_min_length,dst2src_max_length,dst2src_stddev_length,dst2src_mean_length,dst2src_min_time,dst2src_max_time,dst2src_mean_time,dst2src_stddev_time,bidirectional_min_length,bidirectional_max_length,bidirectional_stddev_length,bidirectional_mean_length,bidirectional_min_time,bidirectional_max_time,bidirectional_mean_time,bidirectional_stddev_time,label,type,doh_server
"(('192.168.20.209', 60568), ('9.9.9.11', 443))",1,256,11.823395942107489,108.46256239600666,7.796287536621094e-05,1.3286099433898926,1.0422702316443127,0.22373555408622273,47,28060,1152.2547227716775,192.3344709897611,2.5987625122070312e-05,1.3286099433898926,1.0691191335009713,0.20523567466936754,1,28060,810.7315507791237,149.86857624262848,2.5987625122070312e-05,1.003201961517334,0.527363193175845,0.4508516825427179,Malicious,iodine_txt-32-baseline,Quad9
"(('192.168.20.209', 60572), ('9.9.9.11', 443))",1,256,11.72555709223364,108.44925124792013,7.891654968261719e-05,2.090290069580078,1.0429020035266876,0.23211709547110054,47,8499,346.21979110278295,159.02405498281786,2.384185791015625e-05,2.090290069580078,1.077134192708027,0.20917823918259873,1,8499,244.29616286145307,133.33051563820794,2.384185791015625e-05,1.0025091171264648,0.5294680347297397,0.4528606280358287,Malicious,iodine_txt-32-baseline,Quad9
"(('192.168.20.209', 60576), ('9.9.9.11', 443))",1,256,11.67688643929225,108.25963149078727,6.604194641113281e-05,1.8914239406585693,1.0517938993121154,0.20643302782065287,47,19567,799.6983090713499,177.62478777589135,2.5987625122070312e-05,1.8914239406585693,1.066230372506745,0.20111452665231336,1,19567,564.6886448729215,142.70826306913997,2.3126602172851562e-05,1.0039949417114258,0.529080378858349,0.45338237905240963,Malicious,iodine_txt-32-baseline,Quad9
