flow_id,src2dst_min_length,src2dst_max_length,src2dst_stddev_length,src2dst_mean_length,src2dst_min_time,src2dst_max_time,src2dst_mean_time,src2dst_stddev_time,dst2src_min_length,dst2src_max_length,dst2src_stddev_length,dst2src_mean_length,dst2src_min_time,dst2src_max_time,dst2src_mean_time,dst2src_stddev_time,bidirectional_min_length,bidirectional_max_length,bidirectional_stddev_length,bidirectional_mean_length,bidirectional_min_time,bidirectional_max_time,bidirectional_mean_time,bidirectional_stddev_time,label,type,doh_server
"(('192.168.20.209', 32820), ('9.9.9.11', 443))",1,256,11.750707884564308,108.56260434056762,8.20159912109375e-05,1.3137879371643066,1.0434399145502709,0.21642066182645092,47,41024,2229.63928975616,270.68664383561645,2.5033950805664062e-05,1.3137879371643066,1.0704146642014256,0.20221096994956306,1,41024,1568.6836927937443,188.59678782755705,2.5033950805664062e-05,1.0025629997253418,0.5279768562155528,0.4539834369121916,Malicious,iodine_null-64-baseline,Quad9
"(('192.168.20.209', 32824), ('9.9.9.11', 443))",1,256,11.697661618778199,108.51269035532995,7.486343383789062e-05,1.307955026626587,1.0566481238704617,0.1860280436281175,47,54249,2233.323490391,232.71160409556313,1.0013580322265625e-05,1.307955026626587,1.065805743698381,0.17410006333759617,1,54249,1577.0851976440892,170.3483432455395,1.0013580322265625e-05,1.0031180381774902,0.530197949839287,0.4559348466611746,Malicious,iodine_null-64-baseline,Quad9
"(('192.168.20.209', 32830), ('9.9.9.11', 443))",1,256,12.976795997426047,109.0738255033557,7.295608520507812e-05,1.3743751049041748,1.047511531124596,0.20576046699690748,47,51554,2852.271303520411,305.7692307692308,9.059906005859375e-06,1.3743751049041748,1.0441268005562787,0.2128681180024079,1,51554,2020.9640537488556,207.5862646566164,9.059906005859375e-06,1.0029871463775635,0.5225149204225372,0.4559129903426338,Malicious,iodine_null-64-baseline,Quad9
