flow_id,src2dst_min_length,src2dst_max_length,src2dst_stddev_length,src2dst_mean_length,src2dst_min_time,src2dst_max_time,src2dst_mean_time,src2dst_stddev_time,dst2src_min_length,dst2src_max_length,dst2src_stddev_length,dst2src_mean_length,dst2src_min_time,dst2src_max_time,dst2src_mean_time,dst2src_stddev_time,bidirectional_min_length,bidirectional_max_length,bidirectional_stddev_length,bidirectional_mean_length,bidirectional_min_time,bidirectional_max_time,bidirectional_mean_time,bidirectional_stddev_time,label,type,doh_server
"(('192.168.20.204', 40128), ('9.9.9.11', 443))",1,256,11.811409518251208,108.6061588330632,7.796287536621094e-05,1.680098056793213,1.0548442079649343,0.19817533384631608,47,63495,2560.852224008813,247.37479541734862,1.6927719116210938e-05,1.680098056793213,1.0653399752788857,0.18433665951035152,1,63495,1807.7182125134716,177.6514657980456,1.6927719116210938e-05,1.0031499862670898,0.5296449307610372,0.4540488329409352,Malicious,iodine_txt-64-baseline,Quad9
"(('192.168.20.204', 40132), ('9.9.9.11', 443))",1,256,11.671533934811208,108.92880258899676,7.700920104980469e-05,1.7462470531463623,1.0535825284219058,0.20475396245416605,47,19771,794.7779920783155,175.92446633825944,1.3828277587890625e-05,1.7462470531463623,1.0693017977632975,0.18298266808095476,1,19771,560.9902307387393,142.18092909535451,1.3828277587890625e-05,1.003221035003662,0.5303031762311353,0.4536120894155082,Malicious,iodine_txt-64-baseline,Quad9
"(('192.168.20.204', 40136), ('9.9.9.11', 443))",1,256,11.603789924981216,108.7357259380098,8.0108642578125e-05,1.745203971862793,1.06273676640068,0.18479134514504697,47,14474,593.7893579504075,172.4049180327869,7.867813110351562e-06,1.745203971862793,1.0680932168694357,0.18112122935285688,1,14474,420.6440081389025,140.49223221586263,7.867813110351562e-06,1.0024521350860596,0.5323119206436332,0.4553770117279066,Malicious,iodine_txt-64-baseline,Quad9
