flow_id,src2dst_min_length,src2dst_max_length,src2dst_stddev_length,src2dst_mean_length,src2dst_min_time,src2dst_max_time,src2dst_mean_time,src2dst_stddev_time,dst2src_min_length,dst2src_max_length,dst2src_stddev_length,dst2src_mean_length,dst2src_min_time,dst2src_max_time,dst2src_mean_time,dst2src_stddev_time,bidirectional_min_length,bidirectional_max_length,bidirectional_stddev_length,bidirectional_mean_length,bidirectional_min_time,bidirectional_max_time,bidirectional_mean_time,bidirectional_stddev_time,label,type,doh_server
"(('192.168.20.206', 39996), ('9.9.9.11', 443))",1,256,11.656565593801105,108.66886326194398,8.082389831542969e-05,1.5191981792449951,1.0536513843945545,0.19665935958811964,47,50604,2063.632553259277,224.9179229480737,2.7894973754882812e-05,1.5191981792449951,1.0714521780110045,0.18007488818374054,1,50604,1454.3215797507917,166.31063122923587,2.7894973754882812e-05,1.0054118633270264,0.5308411630708182,0.4543901911348633,Malicious,iodine_null-64-baseline,Quad9
"(('192.168.20.206', 40000), ('9.9.9.11', 443))",1,256,11.673885346195894,108.50741350906095,6.103515625e-05,1.3064548969268799,1.0521258001673732,0.19693135683138788,47,1166,43.07807708586863,142.0617696160267,1.9073486328125e-05,1.3064548969268799,1.064445048271613,0.18038849890016762,1,1166,35.661723517890316,125.17330016583747,1.9073486328125e-05,1.0031309127807617,0.5291188671381147,0.4552198689341315,Malicious,iodine_null-64-baseline,Quad9
"(('192.168.20.206', 40004), ('9.9.9.11', 443))",1,256,11.692243113390933,108.66279069767442,8.0108642578125e-05,1.3092939853668213,1.0612183061495002,0.17638035781012257,47,60984,2481.8822610067546,241.75,1.3113021850585938e-05,1.3092939853668213,1.0648899432613774,0.16973048765883042,1,60984,1754.7768264028484,175.09567387687187,1.3113021850585938e-05,1.002349853515625,0.5311284470220689,0.4563779297903989,Malicious,iodine_null-64-baseline,Quad9
