flow_id,src2dst_min_length,src2dst_max_length,src2dst_stddev_length,src2dst_mean_length,src2dst_min_time,src2dst_max_time,src2dst_mean_time,src2dst_stddev_time,dst2src_min_length,dst2src_max_length,dst2src_stddev_length,dst2src_mean_length,dst2src_min_time,dst2src_max_time,dst2src_mean_time,dst2src_stddev_time,bidirectional_min_length,bidirectional_max_length,bidirectional_stddev_length,bidirectional_mean_length,bidirectional_min_time,bidirectional_max_time,bidirectional_mean_time,bidirectional_stddev_time,label,type,doh_server
"(('192.168.20.206', 39704), ('9.9.9.11', 443))",1,256,11.546234167119351,108.47350993377484,7.295608520507812e-05,1.3164031505584717,1.0607817876793655,0.18495666496177804,47,64970,3356.0715709461997,347.3672787979967,1.4066696166992188e-05,1.3164031505584717,1.0697728379514304,0.1754491740234712,1,64970,2371.188715254523,227.42394014962593,1.4066696166992188e-05,1.0028839111328125,0.5322310640887293,0.4545384590312752,Malicious,iodine_srv-32-baseline,Quad9
"(('192.168.20.206', 39708), ('9.9.9.11', 443))",1,256,11.770069784096085,108.59834710743802,7.009506225585938e-05,1.3133111000061035,1.0618112762242753,0.1794622809316849,47,42448,1720.9335964318493,224.77446102819238,1.5974044799804688e-05,1.3133111000061035,1.0654121130407848,0.17367302242920624,1,42448,1217.2913171458265,166.59023178807948,1.5974044799804688e-05,1.0035500526428223,0.531423262554254,0.45520402716071345,Malicious,iodine_srv-32-baseline,Quad9
"(('192.168.20.206', 39712), ('9.9.9.11', 443))",1,256,11.674936150843992,108.57260726072607,7.700920104980469e-05,1.7545280456542969,1.0585680843384797,0.1944826011631666,47,17241,696.4951671862832,183.03494176372712,1.7881393432617188e-05,1.7545280456542969,1.0675108349323272,0.1864091696623322,1,17241,492.95289233927633,145.64954432477217,1.7881393432617188e-05,1.0033462047576904,0.531113732908891,0.45460860464073,Malicious,iodine_srv-32-baseline,Quad9
