flow_id,src2dst_min_length,src2dst_max_length,src2dst_stddev_length,src2dst_mean_length,src2dst_min_time,src2dst_max_time,src2dst_mean_time,src2dst_stddev_time,dst2src_min_length,dst2src_max_length,dst2src_stddev_length,dst2src_mean_length,dst2src_min_time,dst2src_max_time,dst2src_mean_time,dst2src_stddev_time,bidirectional_min_length,bidirectional_max_length,bidirectional_stddev_length,bidirectional_mean_length,bidirectional_min_time,bidirectional_max_time,bidirectional_mean_time,bidirectional_stddev_time,label,type,doh_server
"(('192.168.20.211', 46174), ('9.9.9.11', 443))",1,256,11.855534835016833,108.76660988074957,5.698204040527344e-05,1.3451790809631348,1.05459794575037,0.1957520606472297,47,19417,799.0017362272071,176.90705679862307,1.2159347534179688e-05,1.3451790809631348,1.0637529755460804,0.1911860964170355,1,19417,564.6180468992972,142.66181506849315,1.2159347534179688e-05,1.0016980171203613,0.529558180128292,0.45387953182463037,Malicious,iodine_txt-64-baseline,Quad9
"(('192.168.20.211', 46178), ('9.9.9.11', 443))",1,256,12.035185802632627,108.93908629441624,7.486343383789062e-05,1.7603931427001953,1.0456947593365686,0.21466282565924347,47,49016,2032.8554345410594,228.4471403812825,3.0040740966796875e-05,1.7603931427001953,1.0693435714476638,0.24164760612313496,1,49016,1430.0794481641642,167.97688356164383,3.0040740966796875e-05,1.0032470226287842,0.5286717292275711,0.4528889450079686,Malicious,iodine_txt-64-baseline,Quad9
"(('192.168.20.211', 46182), ('9.9.9.11', 443))",1,256,11.811454478223933,108.6872852233677,7.605552673339844e-05,1.3104441165924072,1.058872776474682,0.1869469579842409,47,49727,2060.644048906204,229.52768166089965,1.6927719116210938e-05,1.3104441165924072,1.0663417125285395,0.1744180549933065,1,49727,1455.8593247451943,168.8991379310345,1.6927719116210938e-05,1.0030639171600342,0.53088504842276,0.4554492391740474,Malicious,iodine_txt-64-baseline,Quad9
