flow_id,src2dst_min_length,src2dst_max_length,src2dst_stddev_length,src2dst_mean_length,src2dst_min_time,src2dst_max_time,src2dst_mean_time,src2dst_stddev_time,dst2src_min_length,dst2src_max_length,dst2src_stddev_length,dst2src_mean_length,dst2src_min_time,dst2src_max_time,dst2src_mean_time,dst2src_stddev_time,bidirectional_min_length,bidirectional_max_length,bidirectional_stddev_length,bidirectional_mean_length,bidirectional_min_time,bidirectional_max_time,bidirectional_mean_time,bidirectional_stddev_time,label,type,doh_server
"(('192.168.20.207', 50474), ('9.9.9.11', 443))",1,256,11.616425175677719,108.58861788617887,6.890296936035156e-05,1.5114140510559082,1.0355043908283843,0.2286561092692074,47,36012,1472.9482581911434,205.22804054054055,1.5974044799804688e-05,1.5114140510559082,1.0759348022151114,0.20253981234060053,1,36012,1032.724452700697,155.98757249378625,1.5974044799804688e-05,1.0023889541625977,0.527275790227191,0.45326951744914107,Malicious,iodine_txt-32-baseline,Quad9
"(('192.168.20.207', 50478), ('9.9.9.11', 443))",1,256,11.654814931999859,108.59344262295082,7.486343383789062e-05,1.7493889331817627,1.0451070968740679,0.22050302068809738,47,36319,1484.3015295288635,205.6795952782462,1.6927719116210938e-05,1.7493889331817627,1.0752423715752524,0.18456287370929766,1,36319,1043.2802192123606,156.45054031587696,1.6927719116210938e-05,1.0025420188903809,0.5295840598977545,0.45233410238222665,Malicious,iodine_txt-32-baseline,Quad9
"(('192.168.20.207', 50482), ('9.9.9.11', 443))",1,256,11.721009642882342,108.65058236272878,6.4849853515625e-05,1.3148009777069092,1.0600049952665964,0.18962304996339,121,35635,1453.776979721889,204.51932773109243,1.3828277587890625e-05,1.3148009777069092,1.0708339073842623,0.17396469955858734,1,35635,1026.547171531463,156.34448160535118,1.3828277587890625e-05,1.0031077861785889,0.5322961490024583,0.4538237579571475,Malicious,iodine_txt-32-baseline,Quad9
