flow_id,src2dst_min_length,src2dst_max_length,src2dst_stddev_length,src2dst_mean_length,src2dst_min_time,src2dst_max_time,src2dst_mean_time,src2dst_stddev_time,dst2src_min_length,dst2src_max_length,dst2src_stddev_length,dst2src_mean_length,dst2src_min_time,dst2src_max_time,dst2src_mean_time,dst2src_stddev_time,bidirectional_min_length,bidirectional_max_length,bidirectional_stddev_length,bidirectional_mean_length,bidirectional_min_time,bidirectional_max_time,bidirectional_mean_time,bidirectional_stddev_time,label,type,doh_server
"(('192.168.20.212', 58908), ('9.9.9.11', 443))",1,256,12.013368231145204,109.59478260869565,6.198883056640625e-05,1.3105688095092773,1.06267742994355,0.18051771581749776,47,57773,2400.7542737315025,255.83652173913043,6.103515625e-05,1.3105688095092773,1.0628059550029476,0.1807667202895506,1,57773,1699.1849115073203,182.71565217391304,3.814697265625e-05,1.0021758079528809,0.5309561801226478,0.4546814765404092,Malicious,iodine_srv-32-baseline,Quad9
"(('192.168.20.212', 58912), ('9.9.9.11', 443))",1,256,11.763755692878188,109.47610921501706,6.389617919921875e-05,1.31791090965271,1.0434199964898265,0.2156638594568994,47,41897,1746.3686958555315,232.74125874125875,2.8848648071289062e-05,1.31791090965271,1.069110490394766,0.19145102759527494,1,41897,1228.956503016206,170.3635578583765,2.8848648071289062e-05,1.0025041103363037,0.5276491615209686,0.4532556842115965,Malicious,iodine_srv-32-baseline,Quad9
"(('192.168.20.212', 58916), ('9.9.9.11', 443))",1,256,11.901102249487444,109.36741767764298,5.3882598876953125e-05,1.7451951503753662,1.0552645329799917,0.2030487030734899,47,62110,3049.5896035243154,331.6451048951049,9.059906005859375e-06,1.7451951503753662,1.0646351172919866,0.19048167390170667,1,62110,2154.573305793112,220.02262837249782,9.059906005859375e-06,1.002082109451294,0.5295505635829753,0.4542593094106158,Malicious,iodine_srv-32-baseline,Quad9
