flow_id,src2dst_min_length,src2dst_max_length,src2dst_stddev_length,src2dst_mean_length,src2dst_min_time,src2dst_max_time,src2dst_mean_time,src2dst_stddev_time,dst2src_min_length,dst2src_max_length,dst2src_stddev_length,dst2src_mean_length,dst2src_min_time,dst2src_max_time,dst2src_mean_time,dst2src_stddev_time,bidirectional_min_length,bidirectional_max_length,bidirectional_stddev_length,bidirectional_mean_length,bidirectional_min_time,bidirectional_max_time,bidirectional_mean_time,bidirectional_stddev_time,label,type,doh_server
"(('192.168.20.210', 43810), ('9.9.9.11', 443))",1,256,11.86393714068218,108.7052810902896,6.389617919921875e-05,1.8916380405426025,1.0543733700957314,0.2032103373637112,47,28465,1337.5988093064918,229.1293103448276,2.193450927734375e-05,1.8916380405426025,1.067246160770739,0.21967524945872502,1,28465,944.942042479316,168.5561268209083,2.193450927734375e-05,1.0034329891204834,0.5299757915336517,0.4555464897569098,Malicious,iodine_srv-64-baseline,Quad9
"(('192.168.20.210', 43814), ('9.9.9.11', 443))",1,256,11.757055641118974,108.53412969283276,7.295608520507812e-05,1.3091769218444824,1.0575987469436776,0.18899603285632582,47,44573,2516.744557732368,301.1267123287671,1.0967254638671875e-05,1.3091769218444824,1.0613515556983228,0.18617451731490436,1,44573,1780.7105569024006,204.66581196581197,1.0967254638671875e-05,1.004296064376831,0.5293286440207267,0.45496563687892166,Malicious,iodine_srv-64-baseline,Quad9
"(('192.168.20.210', 43818), ('9.9.9.11', 443))",1,256,11.529795825461157,108.47208121827411,7.796287536621094e-05,1.3094558715820312,1.052099311957925,0.19988887354927856,47,8561,348.73305240434655,168.10154905335628,7.867813110351562e-06,1.3094558715820312,1.0703428720605785,0.17968771953092297,1,8561,247.47611110952909,138.03242320819112,7.867813110351562e-06,1.0024199485778809,0.5301688556280225,0.45409279247509043,Malicious,iodine_srv-64-baseline,Quad9
