flow_id,src2dst_min_length,src2dst_max_length,src2dst_stddev_length,src2dst_mean_length,src2dst_min_time,src2dst_max_time,src2dst_mean_time,src2dst_stddev_time,dst2src_min_length,dst2src_max_length,dst2src_stddev_length,dst2src_mean_length,dst2src_min_time,dst2src_max_time,dst2src_mean_time,dst2src_stddev_time,bidirectional_min_length,bidirectional_max_length,bidirectional_stddev_length,bidirectional_mean_length,bidirectional_min_time,bidirectional_max_time,bidirectional_mean_time,bidirectional_stddev_time,label,type,doh_server
"(('192.168.20.205', 46462), ('9.9.9.11', 443))",1,256,11.703175662030612,108.62377850162866,6.4849853515625e-05,1.7457749843597412,1.0524941665313372,0.20596988361097238,47,50339,2045.6203481370928,230.03471074380164,7.867813110351562e-06,1.7457749843597412,1.0683689271377412,0.1899805643388867,1,50339,1442.424251348964,168.88105004101723,7.867813110351562e-06,1.0032849311828613,0.5298123152189458,0.45331633359210294,Malicious,iodine_null-32-baseline,Quad9
"(('192.168.20.205', 46472), ('9.9.9.11', 443))",1,256,11.719796478201241,108.66884176182708,8.797645568847656e-05,1.3545811176300049,1.0519152240815506,0.2001278610638686,47,48753,1978.043684778125,220.955223880597,7.390975952148438e-05,1.3545811176300049,1.0695227075652822,0.18381465537919714,1,48753,1394.080797054818,164.3503289473684,1.6927719116210938e-05,1.001943826675415,0.5299356978616597,0.4534334263237965,Malicious,iodine_null-32-baseline,Quad9
"(('192.168.20.205', 46476), ('9.9.9.11', 443))",1,256,11.728354664369101,108.74631751227496,6.818771362304688e-05,1.85599684715271,1.0546984934415973,0.20009652874924963,47,40330,1631.284359400071,206.53630363036302,5.3882598876953125e-05,1.85599684715271,1.0646413389316276,0.24507271381356802,1,40330,1152.1881693513624,157.4404272801972,5.078315734863281e-05,1.85599684715271,0.5297080239183024,0.4556169963623923,Malicious,iodine_null-32-baseline,Quad9
