flow_id,src2dst_min_length,src2dst_max_length,src2dst_stddev_length,src2dst_mean_length,src2dst_min_time,src2dst_max_time,src2dst_mean_time,src2dst_stddev_time,dst2src_min_length,dst2src_max_length,dst2src_stddev_length,dst2src_mean_length,dst2src_min_time,dst2src_max_time,dst2src_mean_time,dst2src_stddev_time,bidirectional_min_length,bidirectional_max_length,bidirectional_stddev_length,bidirectional_mean_length,bidirectional_min_time,bidirectional_max_time,bidirectional_mean_time,bidirectional_stddev_time,label,type,doh_server
"(('192.168.20.205', 46370), ('9.9.9.11', 443))",1,256,11.596734516131527,108.55609756097562,6.508827209472656e-05,1.322620153427124,1.0484997635943882,0.20613594263464954,47,276,12.271756077360005,153.61833333333334,1.811981201171875e-05,1.322620153427124,1.0730555674468536,0.1698945272239174,1,276,25.49538327305429,130.8090534979424,1.71661376953125e-05,1.0030419826507568,0.5302955970732738,0.4543297408283334,Malicious,iodine_srv-64-baseline,Quad9
"(('192.168.20.205', 46374), ('9.9.9.11', 443))",1,256,11.666952481620342,108.52059308072488,9.012222290039062e-05,1.6227610111236572,1.0605895216315493,0.1796343421543777,47,18177,731.655534051232,183.34653465346534,2.5033950805664062e-05,1.6227610111236572,1.0624727056046164,0.19145700366152255,1,18177,518.5625277975622,145.90272052761748,2.5033950805664062e-05,1.0023889541625977,0.530374023977286,0.45571097985402187,Malicious,iodine_srv-64-baseline,Quad9
"(('192.168.20.205', 46378), ('9.9.9.11', 443))",1,256,11.621873857641042,108.3218954248366,7.104873657226562e-05,1.8992021083831787,1.057808150636389,0.19095007421103843,47,64059,2596.0063120553855,259.23636363636365,2.8133392333984375e-05,1.8992021083831787,1.0701917899365456,0.1779085958248897,1,64059,1831.9400493283401,183.34511092851272,2.8133392333984375e-05,1.002959966659546,0.5315922369298182,0.45515733588053126,Malicious,iodine_srv-64-baseline,Quad9
