flow_id,src2dst_min_length,src2dst_max_length,src2dst_stddev_length,src2dst_mean_length,src2dst_min_time,src2dst_max_time,src2dst_mean_time,src2dst_stddev_time,dst2src_min_length,dst2src_max_length,dst2src_stddev_length,dst2src_mean_length,dst2src_min_time,dst2src_max_time,dst2src_mean_time,dst2src_stddev_time,bidirectional_min_length,bidirectional_max_length,bidirectional_stddev_length,bidirectional_mean_length,bidirectional_min_time,bidirectional_max_time,bidirectional_mean_time,bidirectional_stddev_time,label,type,doh_server
"(('192.168.20.208', 33604), ('9.9.9.11', 443))",1,256,11.726107623589337,108.72,7.104873657226562e-05,1.3114089965820312,1.0528857142777992,0.20098435841793252,47,57595,2357.4078245594947,237.33052276559866,7.987022399902344e-05,1.3114089965820312,1.0654595570789802,0.18834284292533535,1,57595,1663.3057133839172,172.6479463537301,3.814697265625e-05,1.0031189918518066,0.5291686198055344,0.45362450446254504,Malicious,iodine_null-32-baseline,Quad9
"(('192.168.20.208', 33608), ('9.9.9.11', 443))",1,256,11.590824298019012,108.77980132450331,6.985664367675781e-05,1.311819076538086,1.043071572064958,0.21412686719589832,47,45165,1852.0907120291383,216.71864406779662,2.6941299438476562e-05,1.311819076538086,1.0679867943600199,0.18550099314743448,1,45165,1303.0694445173376,162.11641541038526,2.6941299438476562e-05,1.0029540061950684,0.5272941633322014,0.4537273202153507,Malicious,iodine_null-32-baseline,Quad9
"(('192.168.20.208', 33612), ('9.9.9.11', 443))",1,256,11.752119312419072,108.645,6.389617919921875e-05,1.3126418590545654,1.051895886311348,0.19815486619250305,47,26987,1101.5735999079716,185.7150084317032,6.699562072753906e-05,1.3126418590545654,1.0644566485205211,0.17995808037150243,1,26987,777.6416377320584,146.95389773679798,5.0067901611328125e-05,1.002357006072998,0.5286699689474682,0.4547644137992911,Malicious,iodine_null-32-baseline,Quad9
