flow_id,src2dst_min_length,src2dst_max_length,src2dst_stddev_length,src2dst_mean_length,src2dst_min_time,src2dst_max_time,src2dst_mean_time,src2dst_stddev_time,dst2src_min_length,dst2src_max_length,dst2src_stddev_length,dst2src_mean_length,dst2src_min_time,dst2src_max_time,dst2src_mean_time,dst2src_stddev_time,bidirectional_min_length,bidirectional_max_length,bidirectional_stddev_length,bidirectional_mean_length,bidirectional_min_time,bidirectional_max_time,bidirectional_mean_time,bidirectional_stddev_time,label,type,doh_server
"(('192.168.20.204', 40518), ('9.9.9.11', 443))",1,256,11.708857290816542,109.19086460032626,7.200241088867188e-05,1.7398369312286377,1.059577777494792,0.18778436912857008,47,20769,836.6578279566097,174.39373970345963,6.890296936035156e-05,1.7398369312286377,1.0701878531144398,0.17321089267399403,1,20769,591.1079190206445,141.63196721311476,6.890296936035156e-05,1.0030288696289062,0.5320347849710542,0.4548878853717634,Malicious,iodine_null-64-baseline,Quad9
"(('192.168.20.204', 40522), ('9.9.9.11', 443))",1,256,11.578399837831572,108.69381107491857,7.700920104980469e-05,1.312514066696167,1.0574023867509104,0.1849203884264188,47,39246,1585.9759811836173,204.75453047775946,3.981590270996094e-05,1.312514066696167,1.0697425694355476,0.16192535132923475,1,39246,1119.296202341264,156.44881244881245,2.7179718017578125e-05,1.0043652057647705,0.5313771656302155,0.45540677306180954,Malicious,iodine_null-64-baseline,Quad9
"(('192.168.20.204', 40526), ('9.9.9.11', 443))",1,256,11.627636857548692,108.8218954248366,7.796287536621094e-05,1.3084900379180908,1.059982214348601,0.17811214640610473,47,49358,2105.4331916870096,248.90983606557376,1.71661376953125e-05,1.3084900379180908,1.0649001989850073,0.17717319058097636,1,49358,1489.218178316873,178.75122749590835,1.71661376953125e-05,1.0031211376190186,0.5311554561961781,0.4563938125733008,Malicious,iodine_null-64-baseline,Quad9
