flow_id,src2dst_min_length,src2dst_max_length,src2dst_stddev_length,src2dst_mean_length,src2dst_min_time,src2dst_max_time,src2dst_mean_time,src2dst_stddev_time,dst2src_min_length,dst2src_max_length,dst2src_stddev_length,dst2src_mean_length,dst2src_min_time,dst2src_max_time,dst2src_mean_time,dst2src_stddev_time,bidirectional_min_length,bidirectional_max_length,bidirectional_stddev_length,bidirectional_mean_length,bidirectional_min_time,bidirectional_max_time,bidirectional_mean_time,bidirectional_stddev_time,label,type,doh_server
"(('192.168.20.206', 39600), ('9.9.9.11', 443))",1,256,11.727517253110424,108.67373572593802,6.29425048828125e-05,1.310844898223877,1.0456368728400836,0.21094286814928206,47,34619,1408.6788602997717,201.29598662207357,5.316734313964844e-05,1.310844898223877,1.0720331425243486,0.19640185644540023,1,34619,991.0158327939465,154.411230388109,4.792213439941406e-05,1.0017130374908447,0.5289423290363028,0.4542436334684118,Malicious,iodine_txt-64-baseline,Quad9
"(('192.168.20.206', 39604), ('9.9.9.11', 443))",1,256,11.678315148011603,108.77175697865353,5.793571472167969e-05,1.7469029426574707,1.0536724211354005,0.20254376000926036,47,32922,1338.2272803293076,198.40233722871452,8.487701416015625e-05,1.7469029426574707,1.0714136605278703,0.19581090106764568,1,32922,943.4461763077803,153.216059602649,4.601478576660156e-05,1.002143144607544,0.5308388543701804,0.45366428295604094,Malicious,iodine_txt-64-baseline,Quad9
"(('192.168.20.206', 39608), ('9.9.9.11', 443))",1,256,11.536501775118637,108.6158940397351,6.389617919921875e-05,1.4393680095672607,1.0609296914159165,0.18360465320224803,47,53914,2189.7292904385135,232.99335548172758,2.193450927734375e-05,1.4393680095672607,1.0645860514902632,0.17859677099091362,1,53914,1548.35893239588,170.70149253731344,2.193450927734375e-05,1.003122091293335,0.5309814912154961,0.4544564345272438,Malicious,iodine_txt-64-baseline,Quad9
