flow_id,src2dst_min_length,src2dst_max_length,src2dst_stddev_length,src2dst_mean_length,src2dst_min_time,src2dst_max_time,src2dst_mean_time,src2dst_stddev_time,dst2src_min_length,dst2src_max_length,dst2src_stddev_length,dst2src_mean_length,dst2src_min_time,dst2src_max_time,dst2src_mean_time,dst2src_stddev_time,bidirectional_min_length,bidirectional_max_length,bidirectional_stddev_length,bidirectional_mean_length,bidirectional_min_time,bidirectional_max_time,bidirectional_mean_time,bidirectional_stddev_time,label,type,doh_server
"(('192.168.20.208', 33314), ('9.9.9.11', 443))",1,256,11.710063347515671,108.63455149501661,7.295608520507812e-05,1.3451151847839355,1.0516700982650782,0.20300320555702556,47,12305,499.55723282581505,164.28209459459458,1.5020370483398438e-05,1.3451151847839355,1.0695913451173786,0.18186947061726044,1,12305,352.9545460177022,136.22529313232832,1.5020370483398438e-05,1.003265142440796,0.5298784090907056,0.4539285143009237,Malicious,iodine_txt-64-baseline,Quad9
"(('192.168.20.208', 33318), ('9.9.9.11', 443))",1,256,11.566602022969512,108.68429752066116,6.103515625e-05,1.3116681575775146,1.0457753791714346,0.21526362000807048,47,37743,1544.0678205408544,207.21283783783784,9.608268737792969e-05,1.3116681575775146,1.0689018934511292,0.18162554852162469,1,37743,1087.0237033200222,157.41353383458647,4.100799560546875e-05,1.0031898021697998,0.5282085769152561,0.45323782573995125,Malicious,iodine_txt-64-baseline,Quad9
"(('192.168.20.208', 33322), ('9.9.9.11', 443))",1,256,11.781246924991269,108.60367892976589,8.296966552734375e-05,1.746103048324585,1.0573922729172698,0.19672779951365998,47,2906,114.32844504645135,148.34915254237288,2.193450927734375e-05,1.746103048324585,1.0700248506154189,0.19250815864021006,1,2906,83.40419999282679,128.34259259259258,2.193450927734375e-05,1.0027449131011963,0.5318139738261247,0.4546958271065403,Malicious,iodine_txt-64-baseline,Quad9
