flow_id,src2dst_min_length,src2dst_max_length,src2dst_stddev_length,src2dst_mean_length,src2dst_min_time,src2dst_max_time,src2dst_mean_time,src2dst_stddev_time,dst2src_min_length,dst2src_max_length,dst2src_stddev_length,dst2src_mean_length,dst2src_min_time,dst2src_max_time,dst2src_mean_time,dst2src_stddev_time,bidirectional_min_length,bidirectional_max_length,bidirectional_stddev_length,bidirectional_mean_length,bidirectional_min_time,bidirectional_max_time,bidirectional_mean_time,bidirectional_stddev_time,label,type,doh_server
"(('192.168.20.211', 46566), ('9.9.9.11', 443))",1,256,11.774888872162377,108.59760273972603,6.389617919921875e-05,1.74080491065979,1.0518225249458955,0.20601562936399143,47,22692,941.3404947881359,179.760907504363,2.7894973754882812e-05,1.74080491065979,1.0721753060400903,0.18798953198277354,1,22692,663.4640548394906,143.8409680207433,2.7894973754882812e-05,1.009903907775879,0.5305382535119371,0.45396987323594873,Malicious,iodine_null-64-baseline,Quad9
"(('192.168.20.211', 46570), ('9.9.9.11', 443))",1,256,12.625177067964795,108.66953528399311,6.914138793945312e-05,1.310331106185913,1.0584103070456405,0.18664945238612496,115,43079,2311.3351850328395,276.05709342560556,3.600120544433594e-05,1.310331106185913,1.0640427297694637,0.17427664217735447,1,43079,1634.4129238813543,192.14667817083694,3.600120544433594e-05,1.0024430751800537,0.5301979646369789,0.45507481305670955,Malicious,iodine_null-64-baseline,Quad9
"(('192.168.20.211', 46574), ('9.9.9.11', 443))",1,256,11.807886857236296,108.71896551724137,7.486343383789062e-05,1.8988430500030518,1.0613656562844707,0.1829625583334583,47,51205,2122.1952392269636,228.7439446366782,1.7881393432617188e-05,1.8988430500030518,1.0651703120517566,0.17627645341053727,1,51205,1500.5460412533484,168.6278065630397,1.7881393432617188e-05,1.001957893371582,0.5312193847465021,0.4563567045019251,Malicious,iodine_null-64-baseline,Quad9
