flow_id,src2dst_min_length,src2dst_max_length,src2dst_stddev_length,src2dst_mean_length,src2dst_min_time,src2dst_max_time,src2dst_mean_time,src2dst_stddev_time,dst2src_min_length,dst2src_max_length,dst2src_stddev_length,dst2src_mean_length,dst2src_min_time,dst2src_max_time,dst2src_mean_time,dst2src_stddev_time,bidirectional_min_length,bidirectional_max_length,bidirectional_stddev_length,bidirectional_mean_length,bidirectional_min_time,bidirectional_max_time,bidirectional_mean_time,bidirectional_stddev_time,label,type,doh_server
"(('192.168.20.210', 43716), ('9.9.9.11', 443))",1,256,11.75062913022058,108.54855195911414,8.392333984375e-05,1.3206369876861572,1.05881835820325,0.18490716055207854,47,24350,1105.0332989049489,215.5873287671233,2.5033950805664062e-05,1.3206369876861572,1.0643926910020884,0.17814451670115047,1,24350,782.2522888296626,161.93082835183603,2.5033950805664062e-05,1.0031890869140625,0.5303909690971048,0.45557925996830595,Malicious,iodine_srv-32-baseline,Quad9
"(('192.168.20.210', 43720), ('9.9.9.11', 443))",1,256,11.555426551724564,108.36949152542373,6.914138793945312e-05,1.6616859436035156,1.0530336692499183,0.20415786281785486,47,55563,2292.8495603575484,249.6072041166381,2.9087066650390625e-05,1.6616859436035156,1.0658293401252772,0.21730811063691635,1,55563,1618.0071810250888,178.56692242114238,2.9087066650390625e-05,1.0023488998413086,0.5292910998591791,0.4527697084795372,Malicious,iodine_srv-32-baseline,Quad9
"(('192.168.20.210', 43724), ('9.9.9.11', 443))",1,256,11.73864606126923,108.62414965986395,7.510185241699219e-05,1.7547600269317627,1.0567216012100142,0.1961047383477164,47,47055,2248.516621928972,282.3001715265866,2.09808349609375e-05,1.7547600269317627,1.0659245584428925,0.18806088044496552,1,47055,1588.9397630630758,195.09137489325363,2.09808349609375e-05,1.0031538009643555,0.5302442562885773,0.45463653396102766,Malicious,iodine_srv-32-baseline,Quad9
