flow_id,src2dst_min_length,src2dst_max_length,src2dst_stddev_length,src2dst_mean_length,src2dst_min_time,src2dst_max_time,src2dst_mean_time,src2dst_stddev_time,dst2src_min_length,dst2src_max_length,dst2src_stddev_length,dst2src_mean_length,dst2src_min_time,dst2src_max_time,dst2src_mean_time,dst2src_stddev_time,bidirectional_min_length,bidirectional_max_length,bidirectional_stddev_length,bidirectional_mean_length,bidirectional_min_time,bidirectional_max_time,bidirectional_mean_time,bidirectional_stddev_time,label,type,doh_server
"(('192.168.20.205', 46178), ('9.9.9.11', 443))",1,256,12.226342060115126,109.41666666666667,7.605552673339844e-05,1.3472659587860107,1.0357031026200345,0.23094687149158452,47,22835,912.1254378146712,180.59223300970874,1.71661376953125e-05,1.3472659587860107,1.0458955382218817,0.2205068194347505,1,22835,644.451995519976,144.83252818035427,1.71661376953125e-05,1.0030219554901123,0.5200115762152661,0.45314215078996556,Malicious,iodine_txt-64-baseline,Quad9
"(('192.168.20.205', 46182), ('9.9.9.11', 443))",1,256,11.623373105126582,108.640522875817,7.295608520507812e-05,1.7605350017547607,1.0564464711128396,0.20415896320152377,47,63618,2608.727494150433,265.2722772277228,1.1920928955078125e-06,1.7605350017547607,1.067044945393712,0.19441435292108333,1,63618,1841.7840445311308,186.5706075533662,1.1920928955078125e-06,1.0023961067199707,0.5304676532353547,0.4531704205179528,Malicious,iodine_txt-64-baseline,Quad9
"(('192.168.20.205', 46186), ('9.9.9.11', 443))",1,256,11.661357150191154,108.62664473684211,7.009506225585938e-05,1.9921560287475586,1.0634439356833745,0.19634430662328792,47,42607,2215.8646765569747,270.6953642384106,8.821487426757812e-06,1.9921560287475586,1.0706210199675552,0.18703955175039388,1,42607,1566.3845132316383,189.39356435643563,8.821487426757812e-06,1.0023469924926758,0.5331139092008306,0.45519636863213375,Malicious,iodine_txt-64-baseline,Quad9
