flow_id,src2dst_min_length,src2dst_max_length,src2dst_stddev_length,src2dst_mean_length,src2dst_min_time,src2dst_max_time,src2dst_mean_time,src2dst_stddev_time,dst2src_min_length,dst2src_max_length,dst2src_stddev_length,dst2src_mean_length,dst2src_min_time,dst2src_max_time,dst2src_mean_time,dst2src_stddev_time,bidirectional_min_length,bidirectional_max_length,bidirectional_stddev_length,bidirectional_mean_length,bidirectional_min_time,bidirectional_max_time,bidirectional_mean_time,bidirectional_stddev_time,label,type,doh_server
"(('192.168.20.210', 44004), ('9.9.9.11', 443))",1,256,11.73527197136633,108.6139455782313,6.29425048828125e-05,1.3153119087219238,1.0545912231659766,0.19544537030736453,47,9834,402.30025379845586,157.06379310344826,4.1961669921875e-05,1.3153119087219238,1.0674038271006319,0.19247880704907724,1,9834,284.6482584679907,132.67294520547946,2.5033950805664062e-05,1.0025641918182373,0.5304584815753456,0.4552448488623003,Malicious,iodine_null-64-baseline,Quad9
"(('192.168.20.210', 44008), ('9.9.9.11', 443))",1,256,11.737221949903665,108.56802721088435,0.00011706352233886719,1.3141138553619385,1.0536675570973748,0.19677941667224785,47,46507,2100.058235774097,255.5,2.09808349609375e-05,1.3141138553619385,1.064692655651992,0.18613571895133732,1,46507,1482.9970738319848,181.65726495726497,2.09808349609375e-05,1.0021018981933594,0.5291725202336894,0.4548843610676203,Malicious,iodine_null-64-baseline,Quad9
"(('192.168.20.210', 44012), ('9.9.9.11', 443))",1,256,11.775643474004799,108.71575342465754,7.319450378417969e-05,1.6722221374511719,1.0609754579553883,0.18035133271424428,47,47925,1979.059688310011,222.48969072164948,5.91278076171875e-05,1.6722221374511719,1.0647571616246656,0.17517340511830629,1,47925,1399.387409920443,165.50514579759863,3.790855407714844e-05,1.003227949142456,0.5310217990384082,0.45629320227978903,Malicious,iodine_null-64-baseline,Quad9
