flow_id,src2dst_min_length,src2dst_max_length,src2dst_stddev_length,src2dst_mean_length,src2dst_min_time,src2dst_max_time,src2dst_mean_time,src2dst_stddev_time,dst2src_min_length,dst2src_max_length,dst2src_stddev_length,dst2src_mean_length,dst2src_min_time,dst2src_max_time,dst2src_mean_time,dst2src_stddev_time,bidirectional_min_length,bidirectional_max_length,bidirectional_stddev_length,bidirectional_mean_length,bidirectional_min_time,bidirectional_max_time,bidirectional_mean_time,bidirectional_stddev_time,label,type,doh_server
"(('192.168.20.208', 33512), ('9.9.9.11', 443))",1,256,11.738919124954487,108.56666666666666,6.508827209472656e-05,1.7422080039978027,1.0496340231823802,0.20833180308307783,47,55111,2262.5908065853682,246.91850594227503,9.512901306152344e-05,1.7422080039978027,1.0693931737724616,0.1940175175281982,1,55111,1593.9988728443411,177.1026072329689,4.00543212890625e-05,1.0022239685058594,0.5293094327152779,0.45396596587218996,Malicious,iodine_srv-64-baseline,Quad9
"(('192.168.20.208', 33516), ('9.9.9.11', 443))",1,256,11.49607165148436,108.4010067114094,7.104873657226562e-05,1.855978012084961,1.0577442437660793,0.20223079112885872,47,276,12.706856944439524,153.49149659863946,3.409385681152344e-05,1.855978012084961,1.0704256013873488,0.25352157127219527,1,276,25.592534084343637,130.7939189189189,3.409385681152344e-05,1.855978012084961,0.5320015427225844,0.45595501768144564,Malicious,iodine_srv-64-baseline,Quad9
"(('192.168.20.208', 33520), ('9.9.9.11', 443))",1,256,11.856264711168599,108.59766277128547,8.296966552734375e-05,1.3071238994598389,1.0551529500795447,0.18930864117262308,47,59473,2433.930517370835,253.71163575042158,1.4066696166992188e-05,1.3071238994598389,1.0659716942825832,0.17209750469146773,1,59473,1718.264957220048,180.78942953020135,1.4066696166992188e-05,1.0030460357666016,0.5298669966802589,0.4560452255026282,Malicious,iodine_srv-64-baseline,Quad9
