flow_id,src2dst_min_length,src2dst_max_length,src2dst_stddev_length,src2dst_mean_length,src2dst_min_time,src2dst_max_time,src2dst_mean_time,src2dst_stddev_time,dst2src_min_length,dst2src_max_length,dst2src_stddev_length,dst2src_mean_length,dst2src_min_time,dst2src_max_time,dst2src_mean_time,dst2src_stddev_time,bidirectional_min_length,bidirectional_max_length,bidirectional_stddev_length,bidirectional_mean_length,bidirectional_min_time,bidirectional_max_time,bidirectional_mean_time,bidirectional_stddev_time,label,type,doh_server
"(('192.168.20.208', 33712), ('9.9.9.11', 443))",1,256,11.639812107191664,108.69127516778524,8.392333984375e-05,1.3107690811157227,1.056801947826097,0.19324713552415448,47,64861,2664.5228971861193,250.25127334465196,1.4066696166992188e-05,1.3107690811157227,1.0695348045452922,0.1768828055283172,1,64861,1879.8801518605337,179.05316455696203,1.4066696166992188e-05,1.0024549961090088,0.5311679248068784,0.454637329446154,Malicious,iodine_null-64-baseline,Quad9
"(('192.168.20.208', 33716), ('9.9.9.11', 443))",1,256,11.76295244651857,108.69115191986644,6.508827209472656e-05,1.3377070426940918,1.0514176322464959,0.1991761103066546,47,24541,1002.9130620185049,181.61082910321488,8.797645568847656e-05,1.3377070426940918,1.0657984555777857,0.17963538374240354,1,24541,707.7677985667949,144.90588235294118,5.1975250244140625e-05,1.0020740032196045,0.5288800697952283,0.4547213677264375,Malicious,iodine_null-64-baseline,Quad9
"(('192.168.20.208', 33720), ('9.9.9.11', 443))",1,256,11.817681982681133,108.73693086003372,7.104873657226562e-05,1.3091118335723877,1.0618831386437286,0.1739911379901635,47,14367,583.8186281950809,164.35075885328837,7.867813110351562e-06,1.3091118335723877,1.0620054006576538,0.17382560705139594,1,14367,413.8419367144065,136.54384485666105,7.867813110351562e-06,1.003734827041626,0.5305686127787401,0.4563726634361391,Malicious,iodine_null-64-baseline,Quad9
