flow_id,src2dst_min_length,src2dst_max_length,src2dst_stddev_length,src2dst_mean_length,src2dst_min_time,src2dst_max_time,src2dst_mean_time,src2dst_stddev_time,dst2src_min_length,dst2src_max_length,dst2src_stddev_length,dst2src_mean_length,dst2src_min_time,dst2src_max_time,dst2src_mean_time,dst2src_stddev_time,bidirectional_min_length,bidirectional_max_length,bidirectional_stddev_length,bidirectional_mean_length,bidirectional_min_time,bidirectional_max_time,bidirectional_mean_time,bidirectional_stddev_time,label,type,doh_server
"(('192.168.20.212', 59000), ('9.9.9.11', 443))",1,256,12.034374731309414,109.85958904109589,6.508827209472656e-05,1.8913938999176025,1.0439789724595345,0.22048135546846748,47,39262,1904.6345897132358,264.14185639229424,1.3113021850585938e-05,1.8913938999176025,1.0679180195457056,0.20897645779576626,1,39262,1341.4262703292377,186.13246753246753,1.3113021850585938e-05,1.0031871795654297,0.5274951664579183,0.45416094099666393,Malicious,iodine_srv-64-baseline,Quad9
"(('192.168.20.212', 59004), ('9.9.9.11', 443))",1,256,11.981064669273254,109.66089965397924,6.699562072753906e-05,1.3119518756866455,1.0571753243226525,0.18907991651077968,47,63022,2621.778066881421,264.18118466898954,2.7894973754882812e-05,1.3119518756866455,1.0627784516798888,0.1832225862131586,1,63022,1852.287141277584,186.65277777777777,2.7894973754882812e-05,1.0031039714813232,0.5299653884745182,0.45483402918691057,Malicious,iodine_srv-64-baseline,Quad9
"(('192.168.20.212', 59008), ('9.9.9.11', 443))",1,256,11.939470752300624,109.6701030927835,8.20159912109375e-05,1.309257984161377,1.0519412774432342,0.19899274551198667,47,8297,340.0887400446264,168.86910994764398,1.9073486328125e-05,1.309257984161377,1.0686189615643107,0.1814983005316711,1,8297,241.51078462068327,139.03896103896105,1.9073486328125e-05,1.0031859874725342,0.5296938320173135,0.4549230514090645,Malicious,iodine_srv-64-baseline,Quad9
