flow_id,src2dst_min_length,src2dst_max_length,src2dst_stddev_length,src2dst_mean_length,src2dst_min_time,src2dst_max_time,src2dst_mean_time,src2dst_stddev_time,dst2src_min_length,dst2src_max_length,dst2src_stddev_length,dst2src_mean_length,dst2src_min_time,dst2src_max_time,dst2src_mean_time,dst2src_stddev_time,bidirectional_min_length,bidirectional_max_length,bidirectional_stddev_length,bidirectional_mean_length,bidirectional_min_time,bidirectional_max_time,bidirectional_mean_time,bidirectional_stddev_time,label,type,doh_server
"(('192.168.20.206', 39798), ('9.9.9.11', 443))",1,256,11.648620259199808,108.62993421052632,7.510185241699219e-05,1.9009358882904053,1.0516477102502764,0.20810469460781028,47,18348,744.7542068493265,184.15939597315437,6.794929504394531e-05,1.9009358882904053,1.072981656899973,0.18554960704033863,1,18348,525.4140161533925,146.01827242524917,3.719329833984375e-05,1.0023510456085205,0.5307068678109921,0.45326030447314686,Malicious,iodine_srv-64-baseline,Quad9
"(('192.168.20.206', 39802), ('9.9.9.11', 443))",1,256,11.710865323006137,108.64510779436152,7.200241088867188e-05,1.3131210803985596,1.059791391870112,0.18342003507704852,47,2869,111.1749152713838,158.15422885572139,2.6941299438476562e-05,1.3131210803985596,1.0599152091333637,0.18471687837058431,1,2869,82.83291219783095,133.39966832504146,2.6941299438476562e-05,1.003122091293335,0.5295316148101047,0.4546535373203476,Malicious,iodine_srv-64-baseline,Quad9
"(('192.168.20.206', 39806), ('9.9.9.11', 443))",1,256,11.51491592606407,108.68151815181518,7.390975952148438e-05,1.3094959259033203,1.0592912926161584,0.1824047397270831,47,28022,1135.9002718395932,199.90848585690514,1.5020370483398438e-05,1.3094959259033203,1.0682394500573476,0.18277421506548053,1,28022,802.8756861298639,154.10604805302404,1.5020370483398438e-05,1.0032031536102295,0.5314764610768156,0.45576602737389876,Malicious,iodine_srv-64-baseline,Quad9
