flow_id,src2dst_min_length,src2dst_max_length,src2dst_stddev_length,src2dst_mean_length,src2dst_min_time,src2dst_max_time,src2dst_mean_time,src2dst_stddev_time,dst2src_min_length,dst2src_max_length,dst2src_stddev_length,dst2src_mean_length,dst2src_min_time,dst2src_max_time,dst2src_mean_time,dst2src_stddev_time,bidirectional_min_length,bidirectional_max_length,bidirectional_stddev_length,bidirectional_mean_length,bidirectional_min_time,bidirectional_max_time,bidirectional_mean_time,bidirectional_stddev_time,label,type,doh_server
"(('192.168.20.204', 40038), ('9.9.9.11', 443))",1,256,11.460381600329383,108.63910969793322,6.008148193359375e-05,1.7920219898223877,1.035827014096983,0.2366211114657073,47,60507,2600.6166122154964,279.78747940691926,1.811981201171875e-05,1.7920219898223877,1.0735564983323855,0.25449509438550877,1,60507,1824.5000659221205,192.6901294498382,1.811981201171875e-05,1.7920219898223877,0.5267949797363899,0.4534134248893628,Malicious,iodine_txt-32-baseline,Quad9
"(('192.168.20.204', 40042), ('9.9.9.11', 443))",1,256,11.571413062427041,109.01277955271566,7.200241088867188e-05,1.8941190242767334,1.0415332992553712,0.2313001810881953,47,17149,690.2953652737277,172.7013201320132,5.507469177246094e-05,1.8941190242767334,1.0760848246330073,0.20363723944986037,1,17149,485.250362561662,140.3400974025974,3.814697265625e-05,1.0024831295013428,0.5288774515922045,0.4520242361346492,Malicious,iodine_txt-32-baseline,Quad9
"(('192.168.20.204', 40046), ('9.9.9.11', 443))",1,256,11.61263770573957,108.76422764227642,6.508827209472656e-05,1.9421131610870361,1.0598873129108441,0.18677581418705802,47,34416,1385.386230830374,200.7986906710311,1.811981201171875e-05,1.9421131610870361,1.066960548963703,0.17549922310532196,1,34416,979.1331508252965,154.63132137030996,1.811981201171875e-05,1.0019440650939941,0.5313163893563407,0.45535868966407667,Malicious,iodine_txt-32-baseline,Quad9
