flow_id,src2dst_min_length,src2dst_max_length,src2dst_stddev_length,src2dst_mean_length,src2dst_min_time,src2dst_max_time,src2dst_mean_time,src2dst_stddev_time,dst2src_min_length,dst2src_max_length,dst2src_stddev_length,dst2src_mean_length,dst2src_min_time,dst2src_max_time,dst2src_mean_time,dst2src_stddev_time,bidirectional_min_length,bidirectional_max_length,bidirectional_stddev_length,bidirectional_mean_length,bidirectional_min_time,bidirectional_max_time,bidirectional_mean_time,bidirectional_stddev_time,label,type,doh_server
"(('192.168.20.207', 50860), ('9.9.9.11', 443))",1,256,11.790902574105818,108.91239669421488,6.389617919921875e-05,1.7484650611877441,1.0520832747813091,0.2077679039476847,115,51735,2115.1852163872204,227.37205387205387,2.193450927734375e-05,1.7484650611877441,1.0717397540254898,0.17815435886416206,1,51735,1489.9863431536178,167.59883236030026,2.193450927734375e-05,1.0029501914978027,0.5305161661218124,0.45427933461227743,Malicious,iodine_null-32-baseline,Quad9
"(('192.168.20.207', 50864), ('9.9.9.11', 443))",1,256,11.708571863032406,108.66832504145937,7.605552673339844e-05,1.907027006149292,1.0532792561077993,0.2085604823615727,47,17183,699.3449224979688,169.09949409780776,1.9073486328125e-05,1.907027006149292,1.071197065952662,0.20056977718934865,1,17183,493.43594697923504,138.63127090301003,1.9073486328125e-05,1.0033318996429443,0.5306823129933249,0.45424690316398264,Malicious,iodine_null-32-baseline,Quad9
"(('192.168.20.207', 50868), ('9.9.9.11', 443))",1,256,11.787262333094999,108.69421487603306,7.295608520507812e-05,1.5918200016021729,1.0489673413188252,0.2037483044006811,115,3757,148.83221059313493,146.5591216216216,2.002716064453125e-05,1.5918200016021729,1.0721641115327374,0.1854762896988999,1,3757,106.69511599571032,127.42105263157895,2.002716064453125e-05,1.003331184387207,0.5298206622783954,0.4534621274886543,Malicious,iodine_null-32-baseline,Quad9
